OTU ID	A1a	A1b	A1c	A2a	A2b	A2c	A3a	A3b	A3c	A4a	A4b	A4c	A5a	A5b	A5c	B1a	B1b	B1c	B2a	B2b	B2c	B3a	B3b	B3c	C1a	C1b	C1c	C2a	C2b	C2c	C3a	C3b	C3c	C4a	C4b	C4c	C5a	C5b	C5c	ck1a	ck1b	ck1c	ck2a	ck2b	ck2c	ck3a	ck3b	ck4a	ck4b	ck4c	ck5a	ck5b	ck5c	D10	D11	D12	D1	D2	D3	D4	D5	D6	D7	D8	D9
OTU3	141	76	97	285	271	181	95	45	86	76	53	55	22	41	21	38	41	38	85	63	76	80	72	78	723	680	782	255	271	249	235	324	258	244	181	189	298	415	361	380	264	202	203	172	281	43	33	186	228	226	362	215	231	25	25	22	29	23	28	37	26	26	33	37	31
OTU1	291	173	201	73	71	60	179	104	168	303	289	189	28	36	34	105	139	134	298	232	259	105	71	81	400	187	358	215	196	260	170	183	235	1056	585	687	174	250	281	12	8	10	45	48	51	54	52	25	25	14	11	10	8	33	34	35	51	42	54	53	56	28	39	38	37
OTU82	0	0	0	2	3	2	6	4	4	0	0	1	1	1	1	30	23	28	14	14	8	20	14	16	6	8	8	4	3	4	6	5	6	32	25	19	21	27	26	0	1	0	1	2	0	0	0	18	10	7	1	2	2	759	707	727	761	1028	751	866	701	750	630	592	593
OTU9	158	166	178	264	187	174	104	133	99	83	110	86	148	183	152	261	242	287	152	126	134	152	151	147	132	164	144	123	138	115	118	116	90	169	177	175	92	70	78	96	145	115	115	136	177	121	144	77	86	120	148	164	151	115	121	114	94	87	97	89	106	130	115	120	121
OTU2	151	156	142	549	549	376	365	202	268	412	309	233	357	653	434	91	103	136	237	199	239	191	251	236	47	62	48	93	90	63	53	47	57	86	73	51	73	70	85	32	61	90	5	6	5	3	4	7	7	16	16	17	18	13	13	10	36	27	32	34	26	12	19	22	16
OTU4	29	52	51	53	44	54	35	33	28	24	31	21	22	46	33	200	246	255	157	162	187	60	49	55	87	108	89	71	62	53	34	24	39	83	111	111	213	161	165	114	204	232	336	363	435	197	275	215	243	284	334	465	453	0	0	0	0	0	0	0	0	0	0	0	0
OTU11	136	70	92	67	70	42	15	15	19	64	41	47	7	7	7	200	245	238	111	112	112	199	191	200	281	282	285	275	325	298	102	149	131	232	180	199	242	387	321	71	75	70	54	56	95	36	31	85	94	98	117	104	91	17	16	16	18	19	19	20	16	16	18	17	19
OTU7	129	127	128	156	149	135	89	56	66	123	73	101	41	89	31	118	107	109	71	52	67	96	84	72	100	260	107	82	74	89	62	65	70	112	121	112	93	126	95	152	108	101	165	142	133	234	85	172	185	132	281	216	217	33	33	29	34	24	39	37	37	30	40	42	36
OTU16	0	0	0	0	0	0	0	0	0	0	0	0	0	0	0	1	1	0	0	0	1	0	1	0	36	79	41	142	109	227	132	50	163	161	99	100	53	54	74	0	0	0	0	0	0	1	0	0	0	1	0	0	0	264	251	272	300	319	251	275	285	316	266	252	265
OTU64	3	3	2	4	8	4	2	2	3	1	2	1	4	4	6	195	172	208	182	191	214	76	94	91	91	35	92	187	226	158	114	146	74	100	95	107	192	157	201	9	10	7	5	6	8	3	5	4	5	3	18	14	18	35	34	30	32	38	34	37	26	36	32	32	32
OTU28	43	29	36	75	66	62	52	51	49	70	54	46	65	135	64	104	123	133	76	60	73	67	48	55	37	61	33	84	82	107	127	141	172	74	68	58	40	63	50	16	14	15	17	14	15	22	19	10	8	9	18	12	14	79	78	92	65	60	73	70	81	67	79	77	87
OTU5	303	339	308	119	122	119	341	307	400	184	207	209	14	12	10	3	3	3	2	2	2	20	27	28	35	17	33	12	14	7	11	15	8	2	3	2	70	58	72	6	5	5	45	41	54	21	33	25	40	38	6	6	6	2	4	2	7	5	6	8	8	2	3	5	3
OTU26	34	36	37	67	42	43	38	33	31	26	28	25	46	61	58	9	6	8	5	6	10	12	16	17	29	25	28	86	86	67	54	72	35	48	53	51	35	34	44	118	104	72	130	118	167	103	150	66	92	79	114	106	109	78	73	62	69	77	69	68	59	76	66	72	64
OTU6	178	154	156	7	6	7	53	42	56	151	147	136	4	6	5	56	46	56	51	53	46	68	81	81	55	55	63	99	108	101	153	176	149	49	61	47	66	91	94	20	22	16	45	39	50	47	45	44	31	40	23	30	24	3	5	4	4	3	5	5	4	3	6	6	3
OTU29	55	27	29	89	92	63	56	23	41	36	22	20	37	82	41	32	42	43	13	18	17	12	6	9	75	78	78	24	24	19	20	25	26	15	8	9	30	47	44	278	151	117	114	91	156	127	151	147	139	104	98	54	54	37	35	28	15	22	27	27	22	24	26	24	20
OTU994	0	0	0	0	0	0	0	0	0	0	0	0	0	0	0	0	0	0	0	0	0	0	0	0	0	0	0	0	0	0	0	0	0	0	0	0	0	0	0	0	0	0	0	0	0	0	0	0	0	0	0	0	0	253	249	248	266	355	261	307	251	266	226	206	210
OTU8	74	96	80	80	104	118	99	95	105	68	99	85	140	109	138	11	9	10	3	4	5	24	26	35	4	4	4	10	8	7	6	9	3	4	11	6	7	3	4	39	34	45	83	64	69	44	87	95	85	75	64	65	62	40	43	43	39	35	40	31	38	44	41	39	37
OTU15	20	11	16	35	29	16	8	9	8	6	11	7	18	23	14	76	49	64	89	139	124	25	26	27	105	85	112	121	144	119	57	75	35	106	115	116	191	132	169	16	18	13	4	12	15	7	7	3	4	7	8	9	12	37	36	36	25	22	26	21	28	31	30	32	30
OTU10	108	40	52	32	38	32	58	30	56	38	34	44	9	10	15	33	38	35	18	18	19	133	89	98	19	31	22	37	41	48	117	114	156	29	16	16	34	80	54	91	76	45	81	55	91	63	72	30	46	33	86	73	64	8	7	7	9	8	10	10	11	8	11	10	9
OTU23	26	20	26	23	19	19	17	10	11	25	14	19	2	2	2	12	14	18	14	13	19	53	33	34	16	32	18	33	31	42	20	25	28	55	33	38	24	44	39	398	199	122	67	55	77	75	43	64	63	30	310	252	124	8	6	7	6	7	7	7	7	7	9	9	8
OTU63	13	8	11	6	5	6	21	15	18	32	21	22	15	14	20	91	123	128	111	136	139	45	62	63	60	26	70	102	119	101	154	170	116	55	57	55	69	60	84	5	8	9	13	7	14	28	36	10	7	9	9	11	11	29	30	26	16	21	20	22	17	25	22	21	18
OTU34	35	24	24	31	24	18	53	39	51	40	37	24	25	37	28	21	28	26	37	31	36	34	43	60	71	62	74	110	114	103	63	68	55	105	80	92	61	89	86	8	6	4	8	9	14	12	17	3	4	5	7	4	3	56	57	47	62	60	52	63	53	54	57	59	51
OTU21	0	1	1	2	3	4	1	2	1	6	6	9	6	3	5	76	57	61	138	231	135	66	83	132	239	114	208	37	30	34	201	137	189	27	46	38	114	66	93	3	6	7	5	12	2	1	3	7	5	7	1	3	3	10	11	10	8	10	8	8	8	12	8	9	9
OTU13	56	38	40	35	41	38	59	43	59	75	58	58	37	89	51	13	15	17	31	29	36	41	50	58	20	20	17	19	25	24	31	33	27	21	12	13	12	15	13	74	34	24	122	104	110	116	95	56	61	39	66	47	42	28	32	30	34	37	38	45	40	29	32	37	31
OTU14	25	15	19	13	12	11	12	5	5	31	13	17	2	0	0	6	9	7	6	3	5	49	30	21	32	64	29	28	21	45	10	14	16	16	9	7	32	50	40	61	42	40	168	130	174	43	18	195	226	148	293	205	142	1	1	2	2	2	2	1	3	1	2	2	4
OTU25	31	37	40	14	14	24	36	39	39	33	40	35	11	12	15	36	50	42	69	57	63	142	123	95	44	71	42	73	56	69	39	22	46	40	62	59	93	108	75	24	19	26	68	56	48	58	39	53	49	37	17	24	18	3	2	4	1	2	2	3	3	3	2	3	3
OTU38	45	62	54	51	53	51	46	46	46	37	31	47	49	44	42	68	79	87	75	94	73	84	98	95	32	38	35	70	77	78	31	32	24	35	44	49	36	23	34	7	18	14	11	14	19	15	17	16	16	26	20	21	30	14	15	16	16	12	16	14	18	16	15	18	16
OTU35	26	22	18	37	23	28	14	13	14	15	18	12	15	18	19	5	5	5	3	3	4	13	14	19	22	14	19	38	31	34	27	37	20	32	31	26	16	17	26	38	36	24	56	45	71	26	47	25	17	19	44	30	32	98	91	81	94	104	90	85	67	93	88	85	83
OTU12	132	57	80	11	10	7	16	11	21	21	12	13	0	0	0	6	10	11	5	5	6	26	19	19	313	303	311	45	42	55	50	82	75	19	16	12	41	90	62	16	9	8	9	7	15	4	3	43	46	47	2	2	2	3	4	4	2	3	3	4	3	3	3	3	4
OTU18	13	12	10	16	19	15	46	42	58	31	36	40	9	10	11	23	21	19	99	87	100	29	42	48	10	6	10	36	45	32	58	78	60	9	12	10	65	45	46	8	5	11	23	21	25	41	81	23	29	32	27	22	26	17	19	14	60	40	62	74	50	18	29	38	28
OTU17	33	13	14	34	43	32	48	22	49	81	44	48	19	41	16	19	30	19	72	47	51	36	32	36	31	36	32	70	63	85	50	41	57	63	46	43	60	117	86	18	8	4	19	15	20	22	9	18	16	7	4	2	2	15	13	12	12	10	22	23	16	13	21	24	15
OTU19	1	2	1	2	4	3	3	3	3	3	4	2	5	8	4	194	181	138	85	60	63	123	76	61	38	67	35	30	22	41	76	62	137	40	46	46	95	107	96	8	7	9	2	1	4	8	7	3	1	1	2	4	3	8	9	8	7	9	7	9	6	11	7	6	5
OTU394	0	0	0	0	1	0	0	1	0	1	1	1	1	1	1	64	74	86	76	72	76	79	51	68	182	159	195	46	46	51	163	92	205	25	26	20	60	51	61	0	0	0	0	0	0	0	1	0	0	1	0	0	0	4	4	4	1	2	2	0	1	3	1	0	1
OTU27	3	3	4	22	23	23	5	5	5	12	13	7	7	7	6	13	18	19	27	43	33	23	25	36	79	95	75	61	59	54	70	78	46	33	28	35	51	48	62	69	53	45	23	16	27	15	10	52	59	42	7	5	5	28	31	32	33	33	30	31	32	29	32	33	27
OTU22	15	13	12	11	15	24	25	25	23	18	18	17	15	19	25	42	56	50	98	91	103	45	50	48	25	25	20	23	23	21	64	40	56	46	80	86	77	57	42	11	20	30	37	36	26	21	21	17	26	20	16	17	24	4	3	2	3	2	3	3	3	3	1	2	3
OTU36	60	52	50	49	36	42	29	54	55	39	44	50	71	44	48	15	4	5	6	10	7	16	20	20	5	8	9	19	15	15	6	6	3	8	12	11	4	4	6	8	18	18	19	23	27	13	23	13	13	41	21	34	36	50	52	52	44	35	47	39	51	52	54	51	56
OTU39	1	2	1	2	3	2	1	1	1	2	1	1	4	8	5	11	9	11	10	10	12	2	1	4	3	2	2	2	5	2	1	3	3	1	0	2	3	2	2	501	334	533	13	32	36	15	29	4	6	5	3	2	3	10	12	15	16	13	15	14	15	10	15	15	14
OTU20	4	1	2	1	1	1	1	1	0	1	0	1	1	2	2	52	65	85	128	121	114	32	30	24	57	40	59	117	108	118	84	77	68	28	31	26	87	88	100	0	0	0	0	0	0	0	0	0	0	0	0	0	0	2	2	1	1	1	1	2	2	2	1	2	2
OTU32	55	48	43	45	59	68	72	57	54	33	35	35	28	42	30	18	17	11	13	6	10	28	29	24	17	34	21	9	7	13	12	7	9	12	29	21	15	12	15	21	31	39	66	96	64	40	37	65	55	42	27	27	32	3	5	3	3	3	4	2	3	4	3	2	5
OTU37	14	33	27	24	19	25	24	38	21	17	23	27	40	20	33	33	38	40	50	71	60	64	69	76	24	22	24	33	39	34	21	19	8	22	35	28	22	12	15	7	15	18	21	15	19	18	20	12	13	22	9	12	21	16	17	15	16	12	14	13	17	12	15	18	16
OTU49	0	0	1	1	1	1	4	1	2	0	0	0	0	0	1	10	7	7	35	26	25	34	36	30	45	68	50	12	9	24	37	34	38	38	27	29	54	77	76	1	2	0	15	21	23	381	244	12	10	7	5	1	3	1	1	1	1	2	1	2	1	1	1	1	1
OTU31	15	8	7	29	32	23	6	3	4	22	17	9	15	16	18	7	10	7	48	39	42	21	19	29	12	7	11	51	51	47	103	127	120	25	14	13	32	32	40	3	1	3	5	8	7	29	25	6	4	6	14	10	11	29	31	21	18	22	28	29	21	18	25	26	18
OTU24	3	4	4	10	10	8	2	1	0	1	2	1	17	25	18	45	39	28	58	61	80	20	14	18	79	91	80	57	46	47	47	37	53	37	75	73	60	35	31	12	9	8	6	11	6	6	3	1	2	2	12	14	6	11	10	9	10	12	10	11	12	10	10	8	9
OTU51	0	0	0	0	0	0	0	1	0	1	1	0	0	1	0	55	56	43	9	10	10	14	10	12	5	4	3	30	27	22	34	36	26	21	37	47	17	11	10	65	84	81	25	21	16	67	38	39	35	21	109	140	111	6	10	11	12	9	11	9	11	10	8	11	8
OTU62	14	40	41	21	26	27	34	44	38	31	38	39	56	33	48	12	11	11	6	7	4	30	39	49	3	1	2	17	13	9	2	3	1	6	8	9	4	2	2	13	29	28	41	38	31	42	58	29	34	57	24	31	45	16	16	17	14	11	14	11	18	13	15	19	16
OTU47	21	51	36	13	21	26	33	37	46	11	16	19	10	8	11	3	2	3	2	4	6	26	22	25	7	4	4	18	10	14	5	7	2	5	12	8	8	4	3	24	37	39	61	76	58	47	68	74	75	57	37	40	51	14	15	11	10	14	12	13	13	13	12	12	12
OTU45	7	25	16	9	11	17	17	43	41	5	12	14	17	5	10	21	18	17	17	22	18	37	48	52	16	9	15	48	40	31	38	38	26	18	45	41	48	25	30	15	18	15	31	29	19	17	31	26	19	26	23	19	19	11	11	11	12	12	14	13	13	13	12	17	12
OTU93	17	43	37	26	26	36	37	44	36	29	40	38	62	39	56	7	3	3	1	1	1	13	15	18	2	1	1	4	6	5	2	3	0	2	4	3	3	1	1	20	34	32	49	50	43	56	60	39	39	54	38	36	48	9	12	13	10	8	9	8	10	10	10	12	11
OTU43	9	21	16	7	10	13	9	18	15	7	9	11	8	7	13	23	18	14	21	38	22	19	29	26	23	10	19	31	31	24	33	36	20	40	84	89	67	30	40	16	25	22	28	28	24	17	18	22	16	18	17	25	25	10	10	10	8	9	9	9	11	12	10	10	10
OTU116	24	57	45	27	33	40	39	64	57	15	33	42	41	30	33	4	4	4	1	2	1	16	21	30	3	1	1	8	5	7	5	3	1	1	5	6	4	1	1	19	29	23	52	54	37	32	51	49	50	35	32	32	36	8	13	10	10	13	10	13	11	10	10	10	10
OTU30	50	35	40	30	41	43	35	37	74	40	41	47	73	42	55	7	7	7	11	9	6	20	17	15	4	3	4	6	8	12	6	6	6	4	4	7	4	3	3	13	23	23	24	24	32	16	29	14	15	31	25	24	34	9	11	14	12	9	12	12	14	10	11	13	14
OTU69	44	22	33	23	24	18	13	17	17	16	12	21	20	14	12	16	13	16	11	17	11	19	23	16	14	13	14	22	23	22	16	29	16	21	21	18	24	16	18	7	14	13	10	16	14	14	18	10	9	13	21	22	25	29	35	31	23	16	31	22	30	32	30	33	38
OTU46	1	1	1	6	3	4	1	2	2	2	5	4	9	13	13	23	21	36	11	12	12	3	3	6	6	3	6	11	10	14	37	30	33	10	11	10	16	11	14	8	13	9	12	22	14	16	28	37	28	22	11	10	13	39	42	44	58	37	47	41	51	44	48	54	57
OTU154	21	31	24	29	31	37	30	37	31	15	30	24	45	32	51	7	3	3	2	3	2	8	15	17	4	3	2	4	5	4	6	8	3	2	6	2	3	1	1	21	25	30	46	44	37	38	65	41	42	37	32	34	51	8	8	8	8	8	7	6	10	9	7	6	9
OTU42	13	30	27	15	21	21	18	30	26	17	28	32	39	18	37	6	4	2	2	2	1	15	13	9	2	1	1	3	4	3	2	2	1	3	4	3	2	0	1	12	19	26	23	30	19	19	41	26	35	52	25	32	50	35	32	31	27	20	27	24	30	28	30	35	31
OTU61	0	0	0	0	0	0	0	0	0	0	0	0	0	0	0	1	0	1	3	1	4	3	3	2	0	1	0	1	0	1	1	1	2	0	0	0	2	2	5	195	166	159	81	79	65	50	65	116	116	84	2	0	1	0	0	0	0	0	0	0	0	0	0	0	0
OTU48	34	37	34	31	49	68	55	58	37	51	45	49	51	54	63	5	5	2	1	1	1	26	27	25	2	3	3	7	6	7	1	1	0	1	5	4	4	1	0	7	13	11	15	20	10	16	11	16	12	18	14	18	15	14	13	15	13	11	13	10	12	16	14	14	14
OTU56	1	0	0	2	1	0	9	1	3	3	4	1	0	0	0	76	85	80	36	18	26	5	5	5	8	15	6	28	27	32	72	77	113	28	22	19	53	105	90	2	0	0	0	0	0	1	0	2	1	1	0	0	0	7	6	3	4	4	12	11	4	1	7	8	3
OTU33	0	0	0	0	0	0	0	0	0	0	0	0	0	0	0	44	61	55	45	50	38	36	25	37	49	51	48	25	29	28	49	62	56	67	58	62	43	49	46	0	0	0	0	0	0	0	0	0	0	0	0	0	0	0	0	0	0	0	0	0	0	0	0	0	0
OTU65	0	0	0	0	0	0	0	0	0	0	0	0	0	0	0	11	9	5	5	3	6	17	13	12	0	3	1	1	2	2	19	20	22	1	2	1	2	0	0	0	0	0	0	0	0	1	3	275	286	326	11	19	18	1	1	0	0	0	1	1	0	0	1	1	0
OTU41	1	1	2	0	0	0	0	0	0	0	0	0	3	3	2	151	134	110	7	6	7	7	6	5	0	1	0	5	3	5	7	7	8	2	4	4	0	0	0	0	2	2	0	0	0	8	9	123	135	171	30	60	64	0	0	0	0	0	1	0	0	1	0	0	0
OTU59	21	37	29	20	19	22	14	25	25	11	18	14	23	22	30	11	15	11	13	12	12	23	33	29	10	4	7	17	19	19	7	7	4	7	13	7	8	4	4	8	22	21	23	23	24	15	24	12	12	12	20	15	23	16	15	18	16	14	13	12	12	17	17	18	18
OTU114	7	4	3	24	23	15	7	4	6	5	9	5	11	11	7	18	22	21	26	28	34	2	3	3	27	19	27	7	10	8	9	11	9	10	6	6	16	13	17	66	61	42	15	9	21	10	16	14	19	15	28	26	25	17	22	19	16	16	15	17	17	16	16	14	17
OTU44	7	29	24	10	17	26	13	34	32	8	18	18	30	10	17	18	16	12	10	15	11	11	21	28	5	3	4	14	14	13	10	8	3	6	16	20	18	5	6	7	18	21	29	17	17	11	31	28	27	31	19	19	34	12	12	14	10	11	11	11	8	10	12	12	11
OTU437	5	4	2	8	5	7	3	2	3	4	5	5	4	3	2	52	55	45	59	56	63	19	16	16	40	43	45	36	30	20	45	48	35	24	34	27	26	13	18	4	4	8	1	5	5	3	3	4	3	1	3	2	1	3	3	6	2	1	3	4	9	2	3	4	9
OTU92	48	38	35	29	34	31	38	41	52	42	31	43	57	39	31	4	3	2	0	2	1	17	11	13	1	1	1	3	3	3	1	1	2	1	2	2	1	1	1	6	11	11	8	10	10	16	12	4	8	12	6	10	10	16	17	19	20	14	16	15	17	17	21	20	24
OTU50	5	14	14	10	8	11	13	21	13	10	19	16	16	14	23	4	4	1	1	1	1	7	10	8	1	0	1	2	2	2	5	1	0	0	3	1	1	0	1	12	16	13	42	50	29	39	52	44	30	26	25	20	30	22	25	24	30	27	31	29	30	28	24	27	24
OTU152	15	31	25	16	20	23	21	37	31	19	28	27	32	25	26	7	4	8	3	6	5	15	19	19	3	2	2	7	6	6	3	2	3	3	8	6	4	3	4	10	11	9	25	26	21	21	26	23	15	23	12	14	19	16	15	18	18	19	20	23	17	19	18	21	18
OTU83	22	25	19	37	34	27	18	21	25	17	17	17	25	32	41	2	2	6	2	3	2	4	7	11	8	3	5	13	12	12	5	9	2	4	5	5	3	4	4	14	12	14	16	20	25	12	23	14	13	12	22	17	14	24	22	24	19	19	20	17	16	19	17	20	19
OTU89	28	30	30	41	24	24	30	23	29	21	17	19	33	38	39	0	1	1	0	0	0	7	9	4	3	2	4	8	10	6	3	2	1	3	2	1	2	2	3	11	9	10	13	16	20	6	14	6	7	9	13	9	7	27	32	30	24	28	24	23	24	28	28	28	27
OTU1873	16	23	18	17	24	26	21	26	23	14	23	24	40	26	35	3	2	3	0	0	0	2	8	8	2	2	2	2	3	2	2	1	1	1	2	2	1	1	0	14	24	21	43	34	29	26	42	32	35	32	23	32	28	13	12	16	10	9	13	13	11	14	12	13	11
OTU60	0	0	0	5	5	6	1	1	1	0	0	0	0	2	1	1	2	0	0	0	0	0	0	1	0	0	0	0	0	0	0	0	0	0	0	0	0	0	0	60	96	74	29	38	42	53	63	131	140	141	6	8	10	1	0	1	0	1	1	0	3	0	1	1	4
OTU1567	25	7	9	7	5	6	4	1	3	9	5	4	1	1	1	5	10	7	10	9	7	10	20	21	41	21	35	31	31	18	18	28	22	27	19	18	16	22	18	32	27	27	19	10	25	12	13	27	34	34	42	29	27	0	0	0	0	0	0	0	0	0	0	0	0
OTU57	13	24	26	27	20	22	24	22	18	19	15	23	34	24	33	2	3	2	0	1	1	7	9	11	3	2	1	5	6	5	4	2	2	2	2	2	3	1	2	9	10	10	11	14	19	8	23	7	8	6	12	15	12	30	25	28	28	24	25	21	25	26	25	25	31
OTU1193	13	4	8	10	9	10	11	5	7	7	5	7	7	11	7	4	10	10	4	3	6	14	11	10	14	17	14	26	28	24	10	14	11	27	13	13	7	13	13	23	29	24	37	21	37	23	27	23	19	19	27	21	21	10	11	9	10	7	8	10	9	10	8	8	9
OTU52	19	20	21	30	21	21	34	25	29	34	32	24	37	48	46	2	3	3	1	1	1	8	11	9	1	1	1	1	2	1	1	2	1	1	1	1	1	0	0	4	7	2	6	11	5	7	9	6	4	6	5	3	7	27	25	23	28	19	25	21	25	24	26	27	23
OTU40	7	13	8	9	7	8	10	12	7	6	7	8	10	5	9	21	21	21	27	40	29	20	29	29	11	17	14	32	35	34	29	31	15	26	37	37	30	16	26	1	4	2	2	2	3	3	4	1	1	3	2	3	7	5	5	8	7	4	7	5	5	8	6	6	4
OTU55	4	3	4	18	14	13	1	2	1	1	1	1	11	22	16	4	8	7	1	2	1	1	1	2	0	0	1	0	0	0	3	3	4	1	0	0	0	0	1	110	116	101	12	12	16	16	21	48	52	56	50	38	43	0	0	0	0	0	0	0	0	0	0	0	0
OTU81	7	7	7	10	10	9	6	6	8	7	7	8	36	36	37	4	4	2	6	5	8	3	10	6	3	1	1	8	6	11	21	18	25	9	15	10	4	3	4	40	25	20	23	19	24	57	28	13	19	9	28	25	21	6	8	5	8	7	8	9	8	8	10	10	9
OTU1189	19	22	18	31	25	25	19	12	10	25	16	19	11	18	9	5	7	8	15	12	10	14	20	10	14	32	13	6	8	11	1	6	5	13	11	10	11	18	19	5	6	5	8	2	4	13	4	9	19	6	13	10	10	11	11	12	9	10	13	11	12	11	11	12	15
OTU91	8	12	12	6	7	7	14	12	17	20	18	21	10	8	11	18	22	18	23	24	25	32	21	21	4	4	3	18	8	10	12	6	17	7	16	12	9	5	2	7	15	14	16	24	14	29	19	12	13	19	18	15	18	3	3	3	5	4	4	4	5	5	4	4	4
OTU103	10	16	17	11	10	16	9	13	9	7	8	9	13	7	13	6	8	6	2	2	3	9	15	15	3	1	1	5	7	9	2	2	1	2	8	7	2	1	2	13	36	33	7	13	6	5	10	5	7	9	8	18	15	26	30	31	21	17	24	19	32	28	32	30	34
OTU682	4	1	3	15	13	10	6	4	6	11	9	8	8	15	8	6	6	7	12	8	13	20	17	10	12	7	14	7	6	7	8	12	16	4	5	7	6	8	6	2	2	2	1	0	2	2	1	1	0	1	6	4	3	39	35	34	29	30	37	36	28	35	39	34	29
OTU78	18	20	25	22	17	19	15	19	24	7	16	13	9	8	13	3	1	2	2	3	3	3	6	7	2	1	2	12	13	10	4	7	2	4	4	6	7	2	4	6	14	9	15	14	16	8	18	7	10	11	15	15	13	18	20	20	14	17	18	18	17	19	18	16	16
OTU243	3	8	5	3	5	5	4	10	8	3	5	7	9	3	10	42	30	25	28	45	37	32	27	34	4	6	4	18	20	13	15	16	9	13	26	18	11	6	6	1	7	8	8	9	3	6	5	5	5	13	6	13	14	3	3	3	3	3	4	4	3	5	2	2	4
OTU76	12	20	17	11	13	13	19	23	20	16	23	20	33	21	30	2	1	1	1	0	0	10	8	5	1	1	1	2	2	2	0	1	0	0	1	1	1	0	0	9	14	14	27	23	15	18	20	7	11	18	13	17	15	11	12	8	13	11	9	11	13	10	12	9	12
OTU84	0	0	0	0	0	0	0	0	0	0	0	0	0	0	0	3	1	1	3	3	3	1	1	1	20	14	17	23	16	10	58	36	31	24	48	55	144	55	55	0	0	0	0	0	0	0	0	0	0	0	0	0	0	6	4	4	4	8	5	5	5	5	4	5	5
OTU54	20	15	17	23	27	34	20	24	20	24	26	27	38	35	34	2	0	1	0	0	1	6	5	6	1	0	1	2	1	1	0	0	1	0	3	3	0	1	1	6	12	13	14	23	11	17	14	15	15	13	15	22	11	5	5	4	6	4	5	3	4	6	6	5	5
OTU109	23	10	11	17	12	14	10	7	12	11	12	11	10	11	9	3	1	3	1	2	1	5	6	6	2	4	3	5	7	11	2	4	3	3	1	1	1	3	3	5	4	6	5	4	7	4	8	4	5	7	7	6	9	31	33	31	23	27	25	21	25	25	31	30	32
OTU58	55	86	62	19	26	23	0	0	1	1	2	1	1	0	0	1	0	0	1	0	1	16	11	8	6	8	3	2	4	1	0	1	4	0	1	0	4	8	8	39	28	21	8	12	7	15	3	71	52	26	6	8	4	0	0	1	0	1	1	0	1	0	0	0	0
OTU1221	8	17	12	12	10	20	11	23	18	6	16	15	19	19	17	2	2	1	0	0	1	9	8	11	1	1	1	3	5	2	2	3	2	1	2	3	2	0	0	6	17	17	27	32	21	13	25	26	22	19	19	21	23	6	7	8	8	9	7	10	7	9	9	8	8
OTU72	7	15	8	13	14	15	13	15	14	9	16	13	22	25	22	2	1	2	0	1	2	5	6	6	1	0	2	2	2	1	4	3	3	0	1	1	1	0	1	8	7	8	17	18	15	10	20	19	13	16	15	9	18	13	13	16	16	16	16	18	14	20	14	17	15
OTU86	8	5	6	2	1	3	8	7	4	10	10	11	3	4	2	4	2	2	19	26	28	14	12	8	5	20	10	12	15	19	41	28	64	35	13	16	32	64	39	0	0	0	0	0	0	0	0	0	0	0	0	0	0	2	3	3	3	2	4	3	3	3	3	4	3
OTU105	12	20	19	13	9	14	7	16	7	6	10	6	10	8	6	13	8	6	6	16	9	7	9	9	9	6	7	14	16	7	6	7	4	11	15	14	7	3	5	3	6	7	4	5	7	4	7	2	2	11	4	7	12	18	20	19	15	9	14	11	17	15	15	17	19
OTU53	32	29	28	23	26	20	33	25	22	26	22	18	21	21	22	7	10	10	10	7	8	22	17	17	5	3	4	5	4	5	2	2	3	2	3	1	2	1	1	2	2	2	2	3	2	3	3	1	2	1	1	2	3	8	7	5	7	7	6	4	8	6	6	5	7
OTU144	8	21	16	11	13	16	10	22	19	8	20	20	31	12	28	3	2	3	0	0	0	8	7	10	1	1	0	1	1	1	0	0	0	0	2	2	1	0	0	6	10	16	16	16	10	12	20	15	14	20	9	19	21	9	10	10	10	8	10	7	12	9	12	11	13
OTU90	30	22	25	17	20	21	26	23	32	25	20	25	25	15	18	2	4	4	3	1	1	8	11	9	1	1	1	4	4	3	2	4	4	1	1	1	0	3	2	4	6	9	14	9	15	12	7	5	7	10	7	10	13	3	6	5	7	6	5	6	5	6	5	7	6
OTU1381	7	5	5	11	11	7	7	8	9	9	11	5	15	30	17	1	0	1	0	0	1	1	1	1	1	1	0	2	2	2	1	2	1	1	0	1	0	0	0	2	1	2	2	3	6	4	2	1	4	3	2	4	3	37	32	27	33	36	32	29	29	35	33	32	29
OTU852	0	0	0	0	1	0	0	0	0	3	1	2	0	1	0	1	2	2	2	2	3	2	1	1	0	0	0	1	1	1	2	1	1	1	1	1	2	2	3	148	112	183	12	13	21	1	2	6	4	3	5	6	6	1	1	1	2	1	2	2	2	0	1	2	2
OTU187	11	12	13	12	14	24	16	19	18	18	24	24	36	21	31	4	2	2	2	0	0	6	7	6	1	1	0	1	2	1	2	0	0	0	1	2	1	0	0	4	14	14	12	9	8	8	20	8	6	9	11	9	18	7	8	8	6	6	7	9	9	7	8	10	9
OTU1297	11	31	24	12	13	22	12	23	17	5	13	15	12	7	10	1	0	0	0	0	0	3	7	7	1	0	1	2	4	1	1	0	1	1	1	2	3	1	1	7	13	17	26	25	16	10	13	13	14	15	14	17	23	6	8	7	8	7	6	8	6	9	7	6	8
OTU384	9	16	14	8	10	10	12	20	14	8	10	13	20	10	26	11	9	7	7	7	6	17	17	13	3	1	1	10	6	7	4	4	1	2	5	4	3	0	1	2	6	10	10	10	7	7	12	4	8	9	6	11	11	9	8	9	7	6	9	10	10	9	10	8	12
OTU905	28	16	15	12	15	14	43	31	47	19	13	16	2	1	1	10	11	13	13	11	9	19	14	16	3	6	4	7	3	4	14	18	18	0	0	0	15	34	27	0	0	0	2	1	3	4	5	0	0	0	3	2	2	0	0	0	0	0	0	0	0	0	0	0	0
OTU115	1	1	1	1	0	1	1	1	0	0	0	0	2	2	1	81	74	67	16	15	17	15	8	11	6	8	6	11	9	11	10	6	8	23	52	46	8	3	5	0	0	0	0	0	0	0	0	0	0	0	0	0	0	2	0	3	2	3	3	3	3	2	2	2	3
OTU67	5	12	9	4	3	3	10	8	6	3	3	3	1	0	0	4	6	2	3	3	2	25	21	32	2	5	4	20	14	20	10	7	8	12	17	18	6	6	8	7	4	5	28	25	20	23	12	31	27	12	6	5	4	2	1	1	2	1	1	1	1	1	2	2	2
OTU162	0	2	0	4	4	4	2	2	2	1	1	1	2	4	1	13	8	7	10	12	8	5	6	7	17	33	15	16	23	25	24	23	22	2	5	8	34	25	22	12	10	7	4	6	3	27	13	0	2	0	2	1	2	5	4	4	3	3	7	7	5	4	5	4	5
OTU95	19	10	14	16	16	17	16	12	20	13	10	15	20	15	16	1	1	1	0	1	1	6	8	10	3	1	2	4	7	5	1	1	0	2	1	2	1	1	1	2	8	6	4	5	8	4	8	2	3	5	2	3	4	14	17	18	14	9	14	17	16	16	16	16	16
OTU173	1	2	1	1	1	1	0	0	0	1	2	0	0	1	0	13	14	12	32	38	31	29	28	35	12	9	10	7	9	4	9	13	7	3	4	3	23	15	21	0	4	2	3	2	11	0	1	15	16	19	0	0	0	4	4	6	4	3	4	4	8	5	6	5	10
OTU77	12	9	10	15	19	18	15	14	20	13	24	18	13	8	9	1	1	0	2	2	1	3	7	7	15	6	16	9	16	8	7	5	4	4	3	3	8	7	4	2	1	1	6	7	9	7	20	3	3	4	15	8	10	5	6	3	8	6	8	9	7	3	6	7	4
OTU117	0	0	0	0	0	0	0	0	0	0	0	0	0	0	0	4	3	4	55	88	43	0	1	1	17	13	20	5	4	4	0	0	0	2	2	2	1	1	1	0	0	0	0	0	0	0	0	0	0	0	0	0	0	26	31	30	14	36	20	15	16	21	14	10	12
OTU1296	11	13	14	13	17	25	18	19	14	12	18	20	22	16	20	1	2	1	0	1	0	6	6	6	1	0	1	1	2	3	0	0	0	0	1	2	0	0	0	5	7	12	13	14	6	10	6	9	11	13	15	13	15	3	5	8	6	5	7	5	6	7	9	6	5
OTU1543	1	0	1	5	5	3	1	1	0	1	0	1	6	7	11	36	27	35	12	10	14	4	4	7	9	5	8	8	11	8	5	6	3	10	8	6	11	7	9	38	37	18	2	4	5	0	3	5	4	13	8	6	7	4	5	5	3	4	3	3	2	3	4	6	4
OTU2181	26	12	16	14	12	9	8	11	6	8	10	10	10	14	6	6	2	3	2	3	4	5	7	8	5	2	3	3	7	6	2	7	2	4	4	6	5	4	6	4	4	9	4	4	6	8	12	6	8	7	10	14	14	9	10	11	7	7	9	7	10	12	8	12	11
OTU371	6	14	13	9	12	16	7	19	16	3	11	14	20	12	15	3	2	2	2	4	2	6	6	6	1	0	1	2	3	1	3	3	1	1	2	3	4	2	3	5	7	7	16	14	14	8	18	10	10	14	10	12	17	6	7	6	7	7	6	9	7	10	6	8	8
OTU75	17	13	14	18	16	12	21	16	23	22	20	16	19	23	22	2	2	3	3	1	1	3	6	11	2	1	1	6	8	7	3	2	2	5	2	4	3	3	3	4	4	1	8	8	11	6	7	5	5	4	5	6	7	5	2	3	4	4	4	5	5	4	5	3	5
OTU79	4	16	13	13	11	15	9	18	10	9	13	18	31	15	25	1	0	1	0	1	0	2	2	4	1	0	1	1	2	1	1	0	0	0	1	1	1	0	1	3	9	9	12	13	12	8	13	2	8	15	10	10	15	9	9	9	7	8	8	10	8	8	10	10	9
OTU1552	0	0	0	0	0	0	0	0	0	0	0	0	0	0	0	50	48	40	17	23	19	9	9	12	14	6	10	28	26	25	8	8	7	15	13	18	29	21	24	0	0	0	0	0	0	0	0	0	0	0	0	0	0	0	0	0	0	0	0	0	0	0	0	0	0
OTU1327	13	5	9	17	16	13	10	6	10	9	7	9	13	27	16	0	1	1	1	2	1	4	4	5	1	3	3	6	5	6	4	7	5	3	4	4	1	2	2	4	4	3	6	7	7	3	2	3	3	2	8	6	3	9	16	10	15	14	15	15	13	15	13	14	10
OTU85	12	15	18	14	15	17	10	13	12	12	13	15	19	11	21	1	1	0	0	0	0	4	5	6	0	1	0	1	1	0	2	0	0	0	2	1	1	0	1	5	10	15	13	14	8	13	11	9	10	12	6	7	12	6	6	7	6	5	8	7	6	6	8	7	6
OTU135	1	1	1	3	1	2	1	2	1	1	0	0	1	2	2	8	3	4	11	13	15	10	20	13	8	8	7	24	24	22	11	8	7	19	11	13	18	17	21	5	8	6	1	3	2	1	1	0	0	1	21	16	9	5	5	5	5	6	4	5	5	4	6	5	4
OTU102	4	9	11	8	6	10	8	13	9	11	12	14	21	11	19	1	1	1	1	2	1	3	4	5	1	0	1	0	1	1	1	1	0	0	1	1	0	0	1	3	8	8	9	12	7	7	13	6	3	11	7	9	14	11	12	14	13	10	14	10	14	10	12	14	18
OTU126	8	13	11	11	5	12	21	15	9	12	10	14	14	9	19	4	4	5	2	3	2	9	10	6	1	1	1	3	2	3	2	1	1	1	3	2	2	0	0	1	6	6	6	6	6	7	7	3	5	5	3	3	3	13	14	11	13	9	12	10	13	11	13	11	14
OTU94	5	4	4	4	3	3	2	1	2	6	5	7	5	13	6	25	30	35	13	13	17	26	24	28	12	10	14	7	12	5	7	9	8	15	11	11	7	5	6	3	0	0	5	3	2	2	3	1	1	0	2	2	1	0	1	0	2	2	2	4	1	2	1	1	1
OTU131	6	13	11	10	10	13	11	11	5	10	10	7	15	11	16	3	1	3	2	1	2	4	9	9	2	2	3	4	2	5	7	4	4	1	2	1	2	1	1	8	8	10	17	14	11	12	17	13	9	10	10	10	12	4	5	6	4	4	4	5	4	5	5	6	5
OTU71	6	16	12	14	9	15	14	22	13	11	15	17	20	12	23	2	2	1	0	1	1	6	9	6	0	1	1	1	1	2	1	1	0	0	2	1	1	1	0	3	11	10	10	11	5	7	13	5	4	10	4	9	8	6	6	10	6	5	7	6	7	6	7	6	7
OTU112	3	12	12	11	8	10	6	11	4	5	7	11	12	6	16	2	1	1	0	0	0	3	3	3	0	0	0	1	1	0	1	0	0	0	1	1	1	0	0	2	4	10	3	6	5	4	8	1	2	6	4	7	6	20	20	22	16	14	14	13	17	19	20	25	26
OTU372	20	7	13	6	4	6	4	6	6	6	7	6	7	5	9	1	0	0	0	1	0	2	3	3	1	0	0	1	1	1	0	0	0	0	1	1	0	1	0	2	6	5	4	6	0	2	5	1	2	5	3	3	7	26	24	27	18	15	18	17	21	19	27	27	27
OTU99	0	0	0	0	0	0	0	0	0	0	0	0	0	0	0	0	0	0	0	0	0	0	0	0	0	0	0	0	0	0	0	0	0	0	0	0	0	0	0	131	118	103	1	1	2	7	4	8	11	5	13	22	15	0	0	0	0	0	0	0	0	0	0	0	0
OTU354	8	9	9	9	11	16	15	13	11	16	12	16	28	13	18	2	1	2	0	0	1	3	3	4	1	1	0	1	1	3	1	1	0	0	2	1	1	0	0	1	7	3	3	8	3	5	10	6	5	7	5	8	14	10	9	10	9	10	11	8	12	8	12	12	11
OTU101	0	0	1	0	0	0	0	0	0	0	0	0	0	0	1	12	17	12	10	9	17	11	18	19	2	2	4	52	55	27	31	36	27	11	6	13	15	9	19	0	0	0	0	0	0	0	0	0	0	0	0	0	0	1	0	0	1	0	1	0	0	0	0	0	0
OTU342	1	1	1	2	2	0	0	1	0	0	1	0	1	1	1	31	32	40	7	8	10	18	13	12	7	7	7	18	21	17	16	13	8	20	28	21	20	10	17	0	2	1	1	1	1	0	0	0	1	0	2	0	3	1	1	2	0	0	1	0	1	1	1	1	4
OTU143	8	7	7	11	18	22	12	9	9	10	8	9	13	17	12	1	1	1	7	3	3	0	4	2	3	5	4	7	4	8	3	7	4	2	6	4	15	15	15	4	6	9	7	14	8	6	8	10	7	7	9	11	9	3	2	3	1	2	2	2	2	2	2	2	2
OTU166	13	9	10	8	8	13	12	12	10	9	13	8	10	15	14	1	1	0	0	0	1	5	6	4	0	0	1	1	1	1	1	1	0	1	1	1	0	1	0	1	0	5	1	4	2	1	4	4	3	4	2	4	3	18	18	19	15	12	17	12	19	16	15	21	22
OTU221	6	10	9	5	8	7	8	12	11	7	11	13	16	12	11	1	1	1	0	0	1	3	3	3	0	0	0	2	1	0	1	1	1	0	1	2	0	0	0	4	12	8	17	25	8	16	16	16	16	11	10	14	13	6	5	6	5	7	7	7	6	5	7	7	5
OTU1539	10	8	10	12	8	9	9	10	10	9	9	11	16	13	12	4	2	4	2	3	3	3	4	3	1	1	2	2	2	4	3	2	0	3	3	4	2	1	2	2	6	3	3	7	7	7	9	3	4	3	6	4	3	11	12	11	11	9	13	12	12	9	12	14	15
OTU80	11	8	9	25	28	32	14	12	11	14	10	11	22	30	14	0	0	0	0	0	0	3	2	5	1	4	2	1	1	1	1	0	1	0	0	1	3	1	2	51	39	39	0	0	1	0	0	0	1	0	0	0	0	1	1	1	1	1	1	0	1	2	0	1	1
OTU506	9	6	8	6	6	10	8	13	9	12	13	8	8	10	14	2	2	1	0	1	1	3	10	7	1	1	0	1	1	1	1	1	0	1	2	1	1	0	0	1	3	2	2	3	2	4	3	2	2	4	2	4	2	15	15	23	15	11	15	12	21	16	18	20	24
OTU147	4	12	13	8	5	12	8	11	9	8	9	12	13	5	17	1	1	1	0	0	0	3	6	6	1	0	1	4	3	1	1	1	0	1	2	0	0	0	0	5	5	9	7	6	7	6	11	4	6	8	5	6	9	13	12	11	11	10	12	11	13	12	13	11	12
OTU73	11	13	11	12	9	11	16	11	9	12	15	12	13	13	15	3	2	2	1	1	2	6	6	5	1	1	1	3	1	2	5	2	2	1	2	1	0	0	1	8	6	8	10	13	9	16	14	13	10	7	9	8	10	3	3	4	3	3	4	4	3	4	4	2	2
OTU66	10	18	18	8	10	7	8	6	5	4	5	5	5	1	1	11	12	12	5	4	5	9	10	12	9	16	9	14	12	17	4	4	3	8	9	12	8	10	10	3	2	4	8	4	4	5	1	3	5	7	6	2	5	2	1	1	1	1	2	1	1	1	2	2	1
OTU70	4	3	4	8	9	12	8	8	5	4	4	2	10	9	6	18	24	18	9	7	10	14	13	9	19	32	21	4	1	3	6	4	6	6	14	9	15	11	10	0	1	1	1	2	1	0	0	2	3	1	0	1	0	1	1	1	2	1	1	2	2	2	2	2	2
OTU107	9	9	8	7	10	15	16	17	10	13	13	15	20	19	18	9	4	3	1	1	1	4	4	4	0	1	1	2	2	2	0	0	1	0	1	0	0	1	0	5	6	7	12	15	6	8	4	11	13	11	7	11	9	4	6	4	4	2	2	4	4	4	3	3	4
OTU68	0	0	0	0	0	0	0	0	0	0	0	0	0	0	0	5	6	6	65	46	56	6	3	5	12	24	11	9	10	14	6	9	12	4	6	4	24	34	27	0	0	0	0	0	0	0	0	0	0	0	0	0	0	0	0	0	0	0	0	0	0	0	0	0	0
OTU128	1	2	2	2	1	1	0	1	1	1	1	1	2	1	2	15	14	11	28	35	32	14	17	17	13	11	18	11	18	8	10	7	6	12	10	11	13	10	10	1	1	0	0	0	2	0	1	0	0	0	1	1	1	2	2	2	2	4	2	2	2	2	1	2	2
OTU160	5	4	4	10	15	10	5	4	4	14	8	9	11	22	11	4	5	5	10	3	9	11	4	5	1	2	1	3	2	3	5	2	8	3	2	2	3	5	3	2	2	7	3	5	2	4	5	2	3	1	3	3	4	8	11	6	11	10	12	9	8	10	9	11	8
OTU311	3	6	5	6	6	7	6	9	5	6	9	9	11	8	12	5	5	6	12	15	10	8	7	8	2	1	1	3	3	4	6	4	2	3	5	3	3	2	3	6	4	7	7	9	7	8	12	14	13	6	5	6	8	4	4	4	5	5	4	4	3	3	4	3	4
OTU118	2	2	2	1	1	2	5	8	6	1	1	3	1	1	1	21	19	14	23	22	21	30	17	16	3	6	3	12	8	15	9	6	12	8	13	12	11	4	4	0	2	1	3	0	1	2	1	1	0	1	1	1	1	2	1	3	2	2	2	2	2	3	2	3	2
OTU97	9	11	12	8	11	7	9	14	12	8	11	14	14	9	11	4	3	5	2	1	2	11	8	9	1	1	1	6	6	7	3	4	2	4	4	3	3	2	2	1	5	5	4	7	5	7	7	1	2	7	4	5	7	6	7	6	6	4	6	4	5	5	5	5	6
OTU125	0	0	0	0	0	0	0	0	0	0	0	0	0	0	0	0	0	0	0	0	0	0	0	0	0	0	0	0	0	0	0	0	0	0	0	0	0	0	0	1	2	1	3	3	4	1	0	124	85	47	35	39	36	0	0	0	0	0	0	0	0	0	0	0	0
OTU165	2	2	4	2	2	4	2	4	2	2	2	2	7	3	3	12	9	12	10	28	11	7	7	10	5	3	4	10	13	9	8	11	4	9	15	17	15	9	10	3	7	3	3	3	4	2	4	2	1	8	2	4	7	2	1	2	2	1	3	3	4	2	4	4	4
OTU132	3	6	5	6	7	7	11	9	7	2	3	5	3	3	1	11	10	8	8	10	5	9	7	6	3	6	2	2	5	4	7	5	9	4	9	6	11	5	7	8	5	2	15	13	11	14	8	8	5	2	2	5	3	3	2	3	3	3	3	3	2	2	2	2	2
OTU302	10	10	11	9	8	9	6	10	8	8	7	12	12	7	10	1	1	1	2	1	2	1	4	2	1	1	2	2	4	4	1	2	1	1	2	1	1	1	1	2	4	4	5	6	4	5	5	3	4	7	5	9	6	9	11	11	7	5	9	7	12	11	10	14	12
OTU620	7	13	13	7	9	10	7	12	10	7	7	10	14	10	12	2	1	2	0	1	1	9	7	5	1	1	1	6	5	5	0	0	1	1	3	3	0	0	0	2	3	3	4	4	3	4	8	4	3	6	6	4	6	8	10	7	8	6	9	7	8	7	8	9	10
OTU213	0	0	1	0	0	0	1	1	2	1	0	0	0	0	0	25	25	31	19	12	15	27	22	18	1	1	1	3	3	2	4	3	2	2	4	3	4	4	5	4	3	1	4	4	5	12	8	3	2	2	26	18	19	0	0	0	0	0	0	0	0	0	0	0	0
OTU122	0	0	0	1	1	2	0	0	1	0	0	0	0	0	0	15	14	16	19	18	17	13	10	18	12	17	11	8	8	6	14	10	8	9	18	16	6	4	4	1	1	1	7	3	3	3	2	3	6	2	6	9	6	0	0	0	0	0	0	0	0	0	0	0	0
OTU214	4	3	4	6	9	6	4	2	3	3	3	3	4	8	6	24	27	29	3	2	4	3	9	6	2	3	2	2	3	2	1	2	2	4	3	4	3	3	3	8	6	6	4	6	5	8	10	5	5	4	6	4	3	3	3	2	7	4	4	5	7	4	4	6	4
OTU312	3	2	2	6	4	6	4	3	3	3	3	2	5	6	5	0	1	1	0	0	0	3	0	2	1	1	2	7	10	6	7	5	4	4	3	4	2	2	2	5	3	5	8	8	12	3	6	3	2	3	7	3	2	14	14	14	13	14	12	10	13	10	11	13	13
OTU788	5	9	6	8	12	13	9	10	10	8	8	9	20	15	18	1	1	1	0	1	1	1	0	2	0	0	1	1	2	1	0	1	1	0	0	0	0	1	0	5	7	8	8	8	12	8	11	13	12	14	7	9	6	4	5	3	3	3	4	2	3	4	2	4	4
OTU88	0	0	0	0	0	0	0	0	0	0	0	0	0	0	0	7	7	7	17	14	14	5	1	3	5	6	5	5	5	8	14	13	18	39	49	32	21	29	19	0	0	0	0	0	0	0	0	0	0	0	0	0	0	0	0	0	0	0	0	0	0	0	0	0	0
OTU336	5	3	3	5	7	6	6	2	6	4	2	3	1	3	2	3	3	2	2	1	2	3	2	1	5	6	8	1	2	2	2	2	3	4	1	2	3	8	6	16	6	9	22	19	19	32	13	19	22	10	6	4	2	0	0	1	0	1	1	1	0	0	1	1	1
OTU153	1	1	1	1	2	0	2	1	1	1	2	3	2	2	2	2	2	2	4	4	5	9	8	10	5	3	3	10	9	9	24	18	13	13	33	34	12	5	7	1	2	1	1	1	3	4	4	1	1	2	3	1	3	3	3	2	3	3	2	6	3	3	3	3	2
OTU2483	6	7	5	5	5	3	7	9	6	6	7	5	7	6	9	1	1	1	0	0	0	4	5	2	1	1	1	1	1	0	0	0	0	1	1	1	0	1	1	1	4	7	5	3	3	3	8	2	2	3	1	1	2	13	11	16	15	8	14	10	15	13	14	16	18
OTU206	5	7	6	3	5	5	7	9	9	4	6	6	6	4	6	8	8	4	8	10	11	9	13	8	3	4	3	4	4	5	8	3	3	2	6	6	6	3	3	2	5	7	8	8	5	5	7	6	5	4	5	5	7	1	1	0	1	1	0	1	1	1	1	1	1
OTU113	5	10	9	8	7	8	10	9	5	5	5	5	5	5	6	1	3	2	2	1	2	4	7	4	2	0	2	2	3	2	6	3	2	1	1	1	1	1	0	1	2	2	2	2	4	4	4	1	2	4	1	1	2	11	11	9	9	8	10	11	14	11	13	11	13
OTU804	1	1	1	3	3	3	0	1	0	1	0	1	1	1	1	5	4	3	5	8	9	11	6	6	4	6	3	6	5	3	14	10	16	30	45	56	8	6	6	0	0	0	1	0	3	1	1	0	0	0	7	5	4	0	0	0	0	0	1	1	1	0	0	0	0
OTU119	3	1	2	5	6	6	7	7	5	5	4	2	2	4	4	2	3	4	3	2	3	4	4	3	2	4	1	4	2	4	2	2	2	2	4	2	4	5	3	2	3	5	1	1	3	2	3	1	0	3	2	5	2	13	11	12	12	9	11	10	13	15	13	11	14
OTU177	5	11	9	4	6	5	4	8	6	3	4	9	13	5	8	2	0	0	0	0	0	2	2	3	0	0	0	1	1	2	0	0	0	0	1	0	0	0	0	5	6	9	7	6	8	4	12	7	8	15	4	13	18	6	4	7	5	4	5	4	6	10	6	7	6
OTU98	5	10	8	4	10	10	5	11	9	4	7	11	10	8	6	1	1	1	1	1	1	3	1	3	1	0	1	1	1	1	1	0	0	0	2	2	1	1	1	4	6	9	8	9	12	10	10	9	4	8	8	8	10	5	4	3	4	4	5	5	3	3	4	3	3
OTU175	1	1	1	2	2	2	3	1	3	2	2	3	2	3	2	12	10	11	8	14	5	5	7	6	6	7	8	7	11	10	9	18	9	8	9	20	14	8	12	1	1	3	0	0	2	1	1	0	0	2	1	2	3	1	1	2	2	2	2	1	2	2	2	2	3
OTU120	1	0	1	10	12	9	1	1	1	4	2	2	4	7	3	0	1	0	0	0	0	1	0	0	1	0	0	0	0	0	2	0	0	0	1	0	0	0	0	9	5	9	15	20	10	20	11	7	3	1	34	28	16	4	3	3	6	3	3	4	3	5	5	5	6
OTU96	3	1	2	2	4	1	7	4	4	6	2	3	1	3	0	0	1	0	0	0	0	4	2	0	1	1	0	0	1	1	0	0	0	0	0	0	1	2	0	18	12	9	30	14	8	67	21	17	13	5	6	6	5	1	1	2	0	1	1	1	2	1	1	1	1
OTU191	1	4	5	5	5	8	3	6	5	4	4	5	9	6	5	0	0	0	0	0	1	1	0	0	0	1	1	0	1	1	2	3	1	2	2	3	2	1	0	2	6	3	12	9	6	5	4	6	7	4	4	8	11	8	8	10	9	9	9	11	10	8	12	11	10
OTU179	12	8	10	12	10	9	5	5	4	6	3	4	4	7	7	0	0	0	0	0	0	0	0	0	2	1	1	5	5	4	1	0	0	0	0	1	0	0	0	1	0	0	0	1	2	0	1	0	0	2	1	0	1	18	17	13	11	15	13	11	11	14	14	13	13
OTU201	2	1	1	3	4	2	2	1	1	2	1	2	2	4	2	1	2	0	2	1	0	2	0	2	1	2	1	1	1	1	3	1	2	2	0	1	1	2	4	12	4	5	17	12	18	17	10	22	19	19	8	8	4	4	5	4	6	5	5	5	5	3	6	4	4
OTU3431	25	6	10	10	9	11	18	5	20	15	11	15	12	13	8	1	2	4	0	1	1	4	8	5	1	0	0	0	2	1	0	0	1	1	1	2	1	1	1	3	6	2	9	7	5	5	5	2	3	6	5	4	5	0	0	0	0	0	0	0	0	0	0	0	0
OTU1421	1	0	0	0	0	0	0	1	1	1	1	1	0	1	0	5	3	4	0	1	1	6	4	7	3	4	4	16	17	17	27	25	13	9	13	9	39	22	32	0	0	0	0	0	0	1	0	0	0	0	1	0	0	1	0	0	0	0	1	0	1	0	0	0	0
OTU121	1	1	2	1	1	2	6	3	2	5	2	3	2	3	1	13	16	14	11	13	10	12	6	12	2	3	3	12	10	10	6	6	5	6	15	13	11	5	5	0	0	0	2	2	1	3	2	1	0	1	1	1	2	2	1	1	2	2	1	1	2	1	1	1	2
OTU408	23	8	11	4	7	5	5	4	5	3	4	5	9	2	4	1	0	0	0	0	0	1	2	1	1	0	0	1	1	0	0	0	0	1	0	0	1	0	0	3	7	8	3	4	4	5	2	3	3	7	3	12	14	8	10	11	8	6	6	6	8	7	9	8	11
OTU2291	9	4	4	5	4	5	6	3	4	8	5	5	4	6	3	1	1	2	1	1	1	8	4	3	0	0	1	1	3	2	0	0	0	0	1	1	1	0	1	1	1	0	0	2	1	2	0	1	0	0	1	1	1	14	13	14	18	11	13	15	12	14	14	14	13
OTU87	19	7	10	7	8	10	17	14	10	17	15	12	11	14	14	6	2	1	1	0	1	10	8	8	0	0	0	1	1	1	2	0	1	1	1	3	1	0	0	0	1	0	0	3	0	3	2	1	0	3	0	2	1	3	3	3	3	1	3	3	3	1	4	3	3
OTU168	5	6	6	2	3	2	7	6	6	3	3	5	7	2	9	5	7	6	3	4	2	23	19	12	2	3	2	5	4	5	2	2	1	2	4	3	1	1	1	1	5	5	5	3	3	5	4	1	2	4	3	3	6	5	3	4	3	2	2	2	4	3	3	4	4
OTU104	0	0	0	0	0	0	0	0	0	0	0	0	0	0	0	31	36	30	4	5	6	9	8	7	8	10	10	6	6	3	7	4	8	12	12	10	11	13	14	0	0	0	0	0	0	0	0	0	0	0	0	0	0	0	1	0	1	0	1	0	1	1	0	0	0
OTU645	11	4	9	4	3	4	3	4	3	2	2	3	3	3	6	1	1	1	1	2	0	1	3	3	1	2	1	1	1	1	2	2	0	1	2	1	0	0	1	1	4	4	2	3	3	0	2	1	2	3	2	3	4	14	15	13	14	8	9	8	11	11	13	14	14
OTU158	6	4	4	5	4	3	5	4	4	3	4	4	4	5	4	1	1	1	1	1	0	2	3	3	0	2	1	3	2	5	0	2	1	1	1	1	1	1	0	1	4	1	2	3	2	4	2	1	2	2	3	1	1	12	11	11	13	9	11	11	12	13	12	15	13
OTU111	0	0	0	0	0	0	0	0	0	0	0	0	0	0	0	38	41	57	14	12	12	3	0	1	1	1	0	4	6	9	15	18	18	0	0	0	4	6	8	0	0	0	0	0	0	0	0	0	0	0	0	0	0	0	0	0	0	0	0	0	0	0	0	0	0
OTU1738	1	1	0	2	4	3	0	0	0	0	0	0	1	2	0	4	4	2	0	0	1	0	0	0	0	0	0	0	0	0	0	1	0	0	0	1	0	0	0	9	6	11	13	16	15	79	22	6	6	5	13	17	8	1	2	2	1	1	0	0	1	1	1	1	2
OTU189	4	10	7	4	5	6	6	8	10	6	12	11	16	7	11	1	1	0	0	1	0	1	4	2	0	0	0	1	1	1	1	0	0	0	0	1	0	0	1	3	9	7	11	7	9	7	6	6	5	9	5	7	9	1	3	3	2	2	2	3	3	1	2	1	3
OTU1594	4	7	3	5	5	5	7	7	5	6	5	11	9	9	7	1	0	1	0	0	0	3	2	2	0	0	0	1	1	0	0	0	0	0	1	1	0	0	0	2	4	2	8	6	7	5	5	5	6	6	5	5	8	6	6	7	7	7	7	4	7	8	9	7	6
OTU535	3	2	2	2	1	2	2	2	2	4	2	4	4	3	1	0	0	1	0	0	1	1	1	1	0	0	1	0	1	1	0	0	0	0	0	0	1	0	0	2	2	2	1	6	4	1	3	2	3	1	2	3	2	11	15	12	17	14	19	16	16	16	14	18	14
OTU1525	6	6	6	9	10	14	8	8	7	4	7	8	12	10	10	2	0	1	0	1	1	2	2	1	1	0	1	2	1	3	2	1	1	0	1	1	1	0	0	5	4	8	8	10	10	4	11	9	9	7	6	8	9	0	1	0	0	0	0	1	0	1	0	0	0
OTU1414	3	5	7	6	4	5	5	6	6	3	5	6	11	6	6	1	0	0	1	0	0	1	2	1	0	0	1	1	0	0	0	0	0	0	0	1	1	0	0	1	5	4	1	3	4	2	4	1	3	6	3	8	5	10	10	14	10	5	8	6	11	11	11	9	10
OTU197	4	11	8	5	9	10	4	10	11	5	7	11	13	6	8	0	0	0	0	0	0	0	0	0	0	0	0	1	0	1	0	0	1	0	0	0	0	0	0	2	6	8	5	6	7	3	4	5	5	5	3	5	8	4	4	6	6	5	5	4	4	7	6	5	6
OTU185	0	0	0	0	0	0	0	0	0	0	0	0	0	0	0	0	0	0	0	0	0	3	2	0	78	69	82	2	2	2	6	4	3	2	2	1	0	0	1	0	0	0	0	0	0	0	0	0	0	0	0	0	0	0	0	0	0	0	0	0	0	0	0	0	0
OTU163	4	12	10	5	4	8	7	8	5	2	2	4	1	1	2	8	7	4	4	7	6	11	9	10	4	4	5	9	11	7	1	3	4	4	6	7	4	4	3	1	1	0	4	1	3	0	0	1	1	1	0	0	1	2	3	2	2	3	2	2	2	3	2	3	2
OTU148	4	8	6	4	7	8	7	10	7	7	8	6	8	5	9	1	2	1	0	0	0	2	3	3	1	0	0	1	1	0	1	0	1	0	0	0	0	0	0	3	4	2	10	7	4	4	7	8	9	7	6	6	7	5	5	7	3	4	5	4	5	3	3	4	4
OTU170	2	3	2	1	2	1	3	3	2	3	5	3	2	4	3	4	4	4	2	4	3	5	6	3	4	4	4	4	5	4	24	24	18	10	17	14	8	3	3	0	0	0	0	0	1	0	0	0	1	0	0	0	0	2	4	2	4	2	4	2	3	4	4	2	2
OTU136	9	5	6	7	6	8	7	5	10	11	5	10	8	8	6	1	1	1	1	0	0	1	0	1	0	0	0	1	1	2	0	0	0	0	2	2	1	1	0	5	6	1	10	6	10	17	9	6	6	5	6	5	4	2	2	2	4	4	3	2	2	3	3	3	3
OTU374	6	3	5	7	8	8	8	7	8	3	4	4	11	10	6	1	1	0	0	0	0	1	2	5	0	1	1	2	1	0	1	1	0	0	1	1	0	0	0	6	7	14	11	11	8	5	8	5	8	6	7	8	6	3	2	2	2	2	2	3	2	2	3	3	2
OTU316	9	8	10	6	7	5	10	9	13	12	10	12	6	8	7	2	1	2	1	0	1	0	2	1	0	0	0	0	1	0	1	1	0	1	1	0	1	0	0	2	3	2	7	9	7	9	4	1	4	2	6	3	5	4	3	3	3	4	3	3	4	3	4	3	5
OTU140	3	7	7	6	5	7	6	7	4	8	6	4	7	6	11	1	1	1	0	1	0	2	5	3	1	1	0	1	1	2	0	1	0	1	1	0	0	0	0	2	4	3	3	2	2	6	5	4	2	2	3	2	2	9	7	7	8	9	7	8	9	7	9	6	8
OTU127	0	0	0	0	0	0	0	0	0	0	0	0	0	0	0	7	7	5	20	17	16	13	8	9	2	9	4	0	1	1	33	35	47	3	2	3	2	5	4	0	0	0	0	0	0	0	0	0	0	0	0	0	0	0	0	0	0	0	0	0	0	0	0	0	0
OTU176	2	2	4	2	3	6	4	6	4	3	4	6	7	5	5	1	3	1	0	1	0	2	3	4	1	1	0	1	1	1	5	2	1	0	1	0	0	0	0	4	6	4	10	9	4	8	7	9	9	7	6	8	5	6	5	5	5	5	5	5	6	7	5	5	4
OTU108	4	3	4	2	1	2	5	7	5	6	7	7	3	3	2	2	3	2	3	1	3	11	8	6	1	3	2	4	3	3	2	1	2	1	4	2	1	1	1	4	3	5	13	7	7	14	4	6	4	2	4	2	4	3	1	2	4	3	4	3	3	4	3	4	3
OTU263	1	3	3	3	4	3	3	3	4	3	3	6	5	4	8	2	3	6	10	12	10	9	7	8	2	1	1	6	6	3	3	1	1	3	4	4	2	1	0	2	2	1	4	6	1	6	3	3	2	2	2	4	4	3	3	4	4	3	4	4	5	3	4	3	3
OTU3180	0	0	0	0	0	0	0	0	0	0	0	0	0	0	0	0	0	0	0	0	0	0	0	0	0	0	0	0	0	0	0	0	0	0	0	0	0	0	0	0	0	0	0	0	0	0	0	0	0	0	0	0	0	20	22	24	21	25	24	18	19	19	18	14	16
OTU200	0	1	0	0	1	0	0	0	1	0	0	1	2	4	1	9	8	9	5	10	8	2	2	1	20	16	16	6	6	5	6	9	6	15	17	18	4	7	7	0	0	0	0	0	0	0	0	0	0	0	0	0	0	2	0	1	2	2	2	1	2	1	2	1	1
OTU219	9	7	8	7	8	7	8	7	8	14	8	16	12	12	10	1	1	1	0	1	0	4	3	3	0	1	0	1	1	2	0	0	0	0	1	1	0	0	0	1	2	1	1	2	1	1	1	1	0	1	1	1	2	5	4	6	6	4	3	4	6	6	5	5	7
OTU100	0	0	0	0	0	0	0	0	0	0	0	0	0	0	0	15	10	7	8	13	15	0	7	5	5	4	4	8	10	5	18	15	6	13	21	25	11	5	8	0	0	0	0	0	0	0	0	0	0	0	0	0	0	0	0	0	0	0	0	0	0	0	0	0	0
OTU1999	5	5	3	3	4	2	4	3	3	3	4	4	7	5	5	1	1	0	0	0	0	3	2	2	1	0	1	1	3	1	1	0	0	0	0	0	0	0	0	1	4	3	4	4	4	3	5	3	2	1	3	2	2	9	11	9	10	9	8	9	13	9	11	10	10
OTU318	1	2	3	8	5	5	4	5	5	4	4	3	4	4	4	3	2	2	1	4	2	5	6	5	3	0	1	3	4	2	6	9	4	3	7	4	2	2	1	0	0	1	2	1	1	4	1	0	0	1	0	2	2	7	7	10	7	7	5	7	4	8	8	5	4
OTU257	20	5	9	2	2	5	3	4	3	3	2	6	6	3	4	0	1	1	0	0	0	1	2	2	0	0	0	1	1	2	0	0	0	0	0	0	0	1	0	1	3	5	4	3	1	3	3	3	0	1	1	3	4	10	11	11	7	6	6	7	11	9	11	9	13
OTU161	1	2	2	2	2	2	2	3	1	1	2	3	1	1	0	8	6	3	5	4	5	6	5	4	2	1	1	8	5	4	4	3	7	8	12	11	3	3	3	2	2	3	5	4	5	8	5	3	3	0	3	3	2	2	3	2	3	3	5	4	3	3	4	3	3
OTU429	5	7	6	7	6	8	5	6	7	8	6	8	11	4	8	1	0	1	0	1	1	0	2	2	0	0	0	1	1	1	0	2	0	0	0	0	0	0	0	2	5	3	0	4	3	2	3	1	1	1	3	1	3	6	6	6	8	6	8	6	8	8	6	7	9
OTU212	3	5	6	2	3	9	6	8	5	7	8	6	5	3	8	1	1	0	0	0	1	0	3	2	0	0	0	1	0	0	0	0	0	0	1	2	0	0	0	2	6	13	8	6	5	5	6	9	8	12	3	5	5	4	3	4	3	4	3	3	4	3	4	4	3
OTU208	2	1	2	1	3	3	1	4	5	0	1	2	7	1	5	11	10	7	8	15	6	6	9	15	3	1	2	4	4	3	3	7	4	1	3	2	2	1	2	3	3	4	4	3	4	2	6	1	1	3	2	1	7	1	2	1	1	1	1	3	2	1	1	2	2
OTU130	3	6	6	3	3	3	4	9	4	3	9	5	9	5	4	0	0	1	0	0	0	3	4	3	0	0	0	0	1	1	2	0	0	0	0	0	0	0	0	3	6	6	7	6	6	5	5	6	5	5	4	4	5	4	4	5	6	5	7	7	6	5	6	4	5
OTU145	2	2	2	7	10	10	1	1	1	0	0	0	0	0	0	5	8	4	1	0	2	0	0	1	1	2	2	1	1	1	9	5	10	2	3	1	0	0	0	38	26	21	0	0	0	13	4	0	0	0	12	10	9	0	0	0	0	0	0	0	0	0	0	0	0
OTU159	3	5	3	2	3	5	2	5	4	1	3	3	7	4	5	2	2	1	1	3	1	1	3	5	1	1	1	2	3	2	3	3	1	0	1	3	3	0	1	3	5	4	7	7	5	5	5	4	6	8	7	6	12	4	5	3	2	3	4	4	3	4	4	4	4
OTU886	0	0	0	0	0	0	0	0	0	0	0	0	0	0	0	3	3	2	31	43	27	0	0	1	7	4	5	0	0	0	2	1	1	0	0	0	1	0	1	0	0	0	3	3	2	38	18	3	3	1	0	0	0	2	2	2	3	3	2	1	2	2	1	2	1
OTU223	1	3	2	2	3	2	4	3	4	2	4	4	5	3	3	12	8	9	6	6	6	13	10	12	1	0	1	9	7	11	8	4	5	2	5	6	2	0	1	0	0	1	2	1	2	1	4	0	2	1	1	2	3	1	1	1	2	1	1	2	1	1	1	1	2
OTU181	4	6	6	4	4	5	6	8	7	5	7	8	11	4	7	0	1	0	0	0	0	1	0	3	0	0	0	1	1	0	0	1	0	0	1	0	0	0	0	1	6	1	2	6	6	1	3	0	3	6	4	3	5	6	7	6	5	5	6	7	6	5	7	7	8
OTU186	2	5	7	5	3	3	5	6	4	6	6	7	12	8	10	1	0	1	1	1	0	2	1	2	0	0	1	1	1	2	1	0	0	0	1	1	1	0	0	1	4	4	5	8	7	5	7	3	3	4	4	5	3	3	4	5	4	3	5	5	2	5	5	6	5
OTU106	0	2	2	0	0	0	1	1	0	2	2	2	0	0	0	2	3	3	32	21	18	10	8	7	2	2	3	6	5	4	4	2	8	21	23	16	2	3	3	0	0	0	0	0	0	0	0	0	0	0	0	0	0	0	0	0	0	0	0	0	0	0	0	0	0
OTU229	0	0	0	0	0	0	0	0	0	0	0	0	0	0	0	15	18	7	1	0	0	3	1	1	0	1	1	0	1	1	0	0	0	3	3	1	2	1	1	6	5	1	2	1	2	4	5	3	1	0	49	40	39	0	0	0	0	0	0	0	0	0	0	0	0
OTU134	0	0	0	0	0	0	0	0	0	0	0	0	0	0	0	29	29	24	18	16	13	10	11	8	1	2	1	3	4	2	6	4	11	5	6	5	3	4	3	0	0	0	0	0	0	0	0	0	0	0	0	0	0	0	0	0	0	0	0	0	0	0	0	0	0
OTU172	4	8	8	4	4	8	9	11	8	6	17	10	9	6	15	1	1	0	0	1	1	2	3	3	0	0	0	0	0	0	0	0	0	0	0	0	0	0	0	0	2	2	2	2	2	2	4	1	2	2	2	2	1	6	6	3	5	3	5	3	4	5	4	4	4
OTU156	0	1	1	0	0	0	3	2	1	2	2	2	1	1	0	5	3	7	6	4	2	5	5	3	1	1	1	7	8	8	2	3	6	8	9	7	4	6	5	2	2	0	10	5	7	8	3	3	3	3	1	4	2	2	3	2	2	3	3	4	3	2	2	3	2
OTU339	0	0	1	2	1	1	0	0	0	0	0	0	2	2	1	0	0	0	0	0	0	0	0	0	1	4	3	21	13	22	10	11	12	4	5	6	3	2	2	4	2	3	7	5	4	9	4	1	0	2	13	18	15	0	0	0	0	0	0	0	0	0	0	0	0
OTU258	1	3	3	2	2	3	2	8	5	3	5	3	8	3	8	2	0	0	0	0	0	1	1	0	0	0	0	1	1	1	1	0	0	0	0	0	0	0	0	1	5	3	5	5	4	9	11	3	3	9	4	4	9	6	5	5	6	4	7	8	7	5	4	6	6
OTU141	2	4	3	4	4	6	3	5	2	1	3	3	2	2	1	0	0	0	0	1	1	1	1	2	0	1	0	1	2	1	3	1	1	0	1	1	1	0	0	3	8	4	5	6	5	11	11	11	7	6	10	8	10	4	3	4	2	2	4	4	5	3	4	4	3
OTU651	4	3	3	6	5	6	5	3	6	1	1	2	3	3	2	5	4	5	5	5	6	6	7	7	4	2	3	5	5	5	5	8	5	3	5	7	4	4	4	0	0	1	0	0	1	1	1	0	0	1	1	1	0	1	3	2	2	3	3	1	2	2	4	5	3
OTU250	3	2	3	4	3	2	4	3	3	8	4	6	3	5	2	3	3	3	2	1	1	11	7	5	1	4	2	3	4	6	3	3	4	4	3	3	2	2	3	0	2	3	4	2	1	3	2	0	0	1	2	3	1	4	5	3	5	2	3	3	3	4	4	5	3
OTU138	2	3	4	2	3	5	8	12	4	7	7	8	7	4	6	0	1	1	0	0	1	3	3	1	0	0	0	0	0	0	0	0	0	0	0	0	0	0	0	3	6	2	8	9	10	12	9	7	7	4	6	6	9	2	1	2	1	2	1	1	2	0	1	2	1
OTU182	1	1	3	2	3	0	5	5	4	1	2	3	1	1	1	4	4	4	1	1	1	3	3	2	2	3	1	10	7	10	6	5	11	2	2	2	4	4	6	3	1	2	1	1	1	25	4	1	2	1	3	1	1	2	2	2	2	2	3	2	2	2	2	4	2
OTU267	11	9	10	4	4	3	5	2	2	2	3	1	1	1	1	0	0	1	0	0	0	0	1	2	1	1	2	2	1	0	0	0	1	1	1	1	0	0	0	0	0	0	0	0	0	0	0	0	0	0	0	0	0	10	11	9	13	11	10	10	12	12	11	10	9
OTU124	4	3	3	5	5	6	7	4	5	8	8	9	9	14	7	2	2	1	4	1	1	4	3	1	1	1	0	1	0	1	1	1	1	1	1	1	0	1	0	2	1	0	4	4	5	8	5	5	5	3	3	1	2	1	3	2	3	2	3	2	2	2	2	2	3
OTU3034	0	0	1	1	1	1	0	0	0	0	0	1	0	1	1	6	10	9	5	4	4	9	7	6	2	2	2	3	3	2	7	7	4	23	26	27	9	10	8	0	0	0	0	0	0	0	0	0	0	0	0	0	0	0	0	0	0	0	0	0	0	0	0	0	0
OTU871	0	0	0	0	0	0	0	0	0	0	0	0	0	0	0	1	1	1	6	7	4	1	1	1	3	4	4	9	9	10	1	1	1	1	1	1	1	4	6	0	0	0	0	0	0	0	0	0	0	0	0	0	0	9	9	9	11	8	8	8	9	13	13	12	11
OTU232	1	1	1	2	1	2	1	2	0	1	2	2	1	1	0	0	0	1	1	1	0	1	3	3	0	0	0	0	0	0	0	0	0	0	0	0	0	0	0	4	5	8	6	6	5	7	8	4	6	4	15	10	15	4	6	5	4	4	7	8	7	5	5	7	6
OTU157	3	4	4	4	4	6	3	4	9	4	7	7	13	5	10	0	0	1	0	0	0	1	1	3	0	0	0	0	2	1	0	1	1	0	1	0	0	0	0	3	4	5	8	5	8	6	11	3	5	9	4	7	6	1	2	1	2	1	1	2	1	1	1	1	1
OTU3788	0	0	0	0	0	0	0	0	0	0	0	0	0	0	0	0	0	0	0	0	0	0	0	0	0	0	0	0	0	0	0	0	0	0	0	0	0	0	0	0	0	0	0	0	0	0	0	0	0	0	0	0	0	17	14	17	15	22	20	20	12	17	15	12	16
OTU110	14	21	16	6	4	11	16	14	11	13	11	11	4	4	5	1	2	0	0	0	0	6	6	4	0	0	0	0	0	1	0	0	0	0	1	0	0	0	0	0	1	2	2	0	1	1	2	1	1	2	1	0	1	0	0	0	0	0	0	0	0	0	0	0	0
OTU256	0	1	1	3	3	2	3	1	1	9	7	5	5	12	6	4	3	3	4	2	4	2	1	0	1	3	1	3	3	5	2	2	4	4	2	2	0	3	1	0	0	0	0	0	0	0	0	0	0	0	0	0	0	7	6	6	6	6	8	7	8	6	6	7	5
OTU151	2	7	7	2	2	4	3	10	4	3	5	5	7	3	7	1	1	1	0	0	0	2	2	3	0	0	0	0	0	0	0	0	0	0	1	1	0	0	0	3	5	8	10	4	3	8	6	8	3	9	4	6	8	2	1	2	2	1	1	3	2	2	3	4	3
OTU129	12	7	10	1	2	0	5	6	5	6	4	5	2	1	0	4	5	2	2	1	2	2	1	1	1	1	1	2	3	2	3	2	4	5	4	4	2	3	3	0	0	0	4	3	3	6	2	15	13	6	0	1	1	2	2	1	1	0	1	1	0	2	1	1	1
OTU2209	6	3	5	2	4	3	3	3	2	2	1	3	4	3	5	1	0	0	0	0	1	2	3	4	0	0	0	0	1	0	1	0	0	1	0	0	0	0	0	1	3	1	4	1	3	1	2	2	0	1	1	2	3	9	10	8	8	7	8	5	8	9	10	10	12
OTU1120	2	1	1	6	8	4	4	1	2	2	2	1	2	4	3	2	3	6	1	1	2	0	0	0	6	7	5	1	0	1	1	0	1	1	0	0	2	2	3	18	9	5	5	3	9	8	10	8	6	6	8	4	4	0	0	0	0	0	0	0	0	1	0	0	0
OTU225	3	6	5	3	3	2	3	3	2	3	2	4	2	2	1	1	1	0	0	1	2	0	2	2	3	4	4	4	7	3	6	7	3	4	2	3	4	2	2	2	1	1	1	4	2	2	1	2	2	2	1	4	3	5	4	2	4	2	5	6	6	3	4	5	4
OTU2108	3	5	4	3	3	3	5	7	4	7	3	7	5	6	9	0	0	0	0	0	0	2	2	1	0	0	0	0	0	0	0	0	0	0	0	0	0	0	0	2	3	4	6	5	7	6	3	8	7	4	6	7	6	3	3	2	3	3	2	3	5	2	3	4	3
OTU133	0	0	0	0	0	0	0	0	0	0	0	0	0	0	0	7	5	3	4	7	8	2	2	5	3	2	3	7	8	7	7	9	3	9	28	23	21	4	9	0	0	0	0	0	0	0	0	0	0	0	0	0	0	0	0	0	1	1	0	0	0	0	0	0	0
OTU242	2	2	1	1	1	1	4	3	3	6	6	4	5	3	3	0	0	1	2	1	1	0	1	0	1	0	0	2	2	1	1	1	0	1	2	2	0	0	0	0	1	0	1	2	2	1	2	1	0	0	0	1	0	6	9	8	15	10	9	11	9	10	8	9	8
OTU467	3	2	3	4	4	5	3	2	2	3	3	3	3	6	3	1	0	1	1	1	1	1	2	0	1	1	0	3	6	5	1	3	3	1	0	1	2	2	2	6	4	2	4	2	8	4	2	1	0	1	2	2	2	6	4	6	5	4	6	6	4	3	5	4	5
OTU137	0	6	3	0	0	0	1	13	1	0	2	2	0	0	1	32	11	7	8	9	11	19	13	9	1	1	0	1	1	2	3	1	2	5	11	1	3	0	1	0	0	0	0	1	1	1	0	1	0	1	0	0	0	0	0	0	0	0	0	0	0	0	0	0	0
OTU235	6	4	5	6	8	7	7	6	5	8	6	6	5	10	8	2	1	2	6	3	5	3	2	2	2	0	1	0	3	1	5	1	1	1	1	1	1	1	1	0	0	0	0	0	0	0	0	0	0	0	0	0	0	3	2	4	3	3	4	3	4	3	4	4	4
OTU183	1	3	2	1	2	2	1	2	3	1	0	1	0	2	1	4	3	1	1	0	1	4	5	6	1	1	1	1	1	1	1	1	0	0	2	1	10	7	11	11	16	16	5	8	5	1	3	8	4	7	0	1	1	1	1	1	1	1	1	1	1	0	1	1	2
OTU240	1	3	2	2	3	3	4	2	1	2	2	2	3	3	3	0	1	2	1	1	2	2	4	2	1	1	1	2	1	1	3	1	0	0	0	1	0	1	1	1	0	2	2	1	1	1	2	1	0	0	1	0	1	10	11	8	8	6	10	6	8	9	10	11	8
OTU255	1	5	5	3	2	4	2	5	5	2	5	2	2	3	3	2	3	2	2	3	3	4	5	4	1	1	2	3	3	1	1	2	2	2	3	3	9	3	3	2	2	2	3	4	3	1	1	3	0	2	2	3	4	3	3	2	3	3	2	3	2	3	3	2	5
OTU155	4	10	10	3	4	3	6	8	7	5	9	8	5	3	4	1	2	1	0	1	0	1	4	4	0	0	0	1	1	2	2	1	0	1	1	2	1	0	1	0	2	2	4	2	2	2	2	2	1	3	1	1	3	2	4	3	3	2	3	3	4	3	2	4	4
OTU279	2	2	2	5	4	4	4	3	3	3	3	3	6	8	6	1	1	2	1	1	1	0	1	3	1	1	2	4	2	3	2	2	1	1	2	3	2	2	3	3	2	2	6	4	4	3	4	3	1	1	3	4	1	3	3	2	4	4	4	4	2	2	3	3	3
OTU286	2	5	1	2	2	3	5	3	3	1	1	3	1	2	2	2	2	1	2	1	0	2	3	5	2	1	1	3	4	5	2	3	3	3	8	7	1	1	1	0	1	4	6	4	2	2	3	6	3	1	3	2	3	2	4	3	2	4	3	4	2	3	3	3	5
OTU404	3	4	3	3	3	4	6	6	3	3	6	4	7	6	4	2	1	1	0	0	1	2	2	4	0	1	0	1	1	0	1	1	0	0	0	1	0	0	0	0	0	0	1	2	1	0	3	1	0	2	1	2	2	7	5	7	8	3	6	6	5	7	9	7	7
OTU169	11	8	8	5	4	4	14	7	8	11	7	7	4	3	3	1	2	1	0	1	0	9	8	7	0	3	0	3	2	2	1	0	0	1	1	1	1	1	0	0	0	0	0	1	1	2	1	1	0	0	0	1	2	1	2	2	2	2	1	1	1	1	1	2	2
OTU275	4	6	6	1	2	2	7	6	8	4	3	2	1	1	1	5	8	4	7	7	11	7	6	7	1	2	0	2	1	2	5	5	8	3	2	2	3	2	2	0	0	0	1	0	1	2	2	1	1	1	1	1	1	1	0	1	1	0	1	1	1	0	0	1	1
OTU769	2	2	3	3	3	4	2	3	3	1	2	3	6	4	3	0	0	0	0	0	0	0	0	1	0	0	0	1	1	0	1	3	1	0	1	1	1	1	1	2	2	0	0	1	3	1	1	0	0	2	2	3	5	7	7	6	10	7	10	9	8	7	8	8	8
OTU123	3	5	3	7	10	12	6	6	7	17	10	13	9	12	14	2	1	1	0	0	1	4	3	1	1	1	0	1	1	2	0	0	0	0	1	2	3	3	2	0	0	0	0	0	1	5	3	0	0	1	0	0	0	0	0	0	0	0	0	0	0	0	0	0	0
OTU224	2	5	5	2	1	4	6	7	5	4	8	7	7	4	9	2	1	1	1	0	1	2	4	3	0	0	0	1	1	1	1	0	0	0	1	1	0	0	0	1	2	5	10	9	4	8	6	3	2	4	3	4	5	1	1	0	1	1	1	1	1	1	1	1	1
OTU309	0	0	0	0	0	0	0	0	0	0	0	0	0	0	0	0	0	0	0	0	0	0	0	0	0	0	0	0	0	0	0	0	0	0	0	0	0	0	0	0	0	0	0	0	0	0	0	0	0	0	0	0	0	15	13	14	16	17	15	11	13	21	14	11	11
OTU210	6	4	5	12	16	23	4	5	4	8	5	7	3	6	2	1	1	0	0	1	0	1	3	3	0	1	0	1	1	0	0	0	0	1	1	1	1	0	0	1	3	1	1	3	4	1	1	2	1	2	0	2	1	2	1	2	1	2	1	2	2	1	3	2	2
OTU142	7	5	4	5	5	9	6	8	4	7	9	7	9	11	7	0	1	1	0	0	0	3	3	2	0	0	0	0	0	0	0	0	0	0	1	0	0	0	0	1	3	4	3	5	3	4	3	5	2	1	2	2	2	1	2	2	1	1	2	2	2	1	1	1	1
OTU234	8	5	5	3	6	5	8	7	9	9	12	6	7	6	7	1	1	0	0	0	0	2	1	2	0	0	0	0	1	1	0	1	0	0	0	0	0	0	0	0	1	0	3	3	3	2	2	0	1	1	1	1	1	2	3	3	4	3	4	3	3	3	3	3	4
OTU207	1	4	5	4	2	5	6	8	5	5	6	6	8	8	10	1	0	0	0	0	0	2	2	2	0	0	0	0	0	0	0	0	0	0	0	0	0	0	0	1	2	1	4	3	2	3	5	4	2	2	2	1	2	5	3	5	3	3	4	5	4	3	3	4	4
OTU288	1	4	2	2	2	1	2	3	2	4	3	2	5	2	4	1	0	0	0	0	0	1	1	3	0	0	1	2	1	1	1	0	1	0	1	1	0	0	0	2	2	1	3	2	1	2	4	3	3	2	1	1	3	6	8	8	7	1	8	2	9	8	9	9	9
OTU220	7	3	4	6	3	2	8	6	9	8	8	10	7	8	5	1	0	1	0	0	1	3	2	1	0	0	0	1	0	1	0	0	1	0	0	0	0	0	0	0	2	0	2	2	2	3	3	0	1	1	1	2	1	3	2	3	3	3	5	4	4	4	3	4	3
OTU304	4	4	3	5	4	6	4	9	6	5	9	10	8	6	5	1	0	1	0	0	1	4	2	2	0	0	0	0	1	0	0	0	0	0	0	1	0	0	0	1	3	2	5	4	3	1	4	3	2	6	2	5	3	2	2	2	1	1	2	2	2	2	2	2	2
OTU1682	6	6	5	2	1	2	7	5	8	10	11	7	3	4	2	2	2	1	1	1	2	6	5	5	1	0	0	2	1	1	1	0	1	0	1	1	1	1	0	0	2	2	2	4	2	6	5	3	2	1	1	1	4	1	1	2	1	1	2	1	2	1	1	2	1
OTU167	4	6	6	4	2	4	5	6	5	7	7	5	3	6	4	0	0	1	0	0	0	3	1	1	0	0	0	0	1	0	0	0	0	0	0	1	0	0	0	1	1	2	4	5	3	3	5	4	3	3	2	3	3	2	3	2	6	3	3	2	5	3	3	3	4
OTU178	1	2	3	2	2	2	1	4	3	3	4	4	5	3	6	4	5	3	2	1	2	6	4	4	0	1	1	1	0	1	2	0	1	0	1	2	2	0	0	1	2	4	3	5	2	6	3	4	5	5	1	3	5	1	2	2	2	2	3	3	2	2	2	2	2
OTU447	2	4	4	3	2	5	3	7	5	2	4	4	9	1	6	3	0	1	1	1	1	2	4	3	0	0	2	1	2	1	1	1	0	1	1	1	0	0	0	2	4	5	5	6	2	4	3	1	3	7	3	4	8	0	1	1	1	1	2	1	1	1	2	3	2
OTU418	3	4	5	2	5	5	3	5	6	3	5	5	7	3	7	1	0	1	0	1	0	1	1	3	0	0	1	0	0	0	0	0	0	0	1	0	0	0	0	1	5	6	6	7	5	2	4	4	4	8	2	4	5	1	2	1	1	1	2	3	1	3	1	2	2
OTU146	0	1	0	0	1	1	0	0	0	0	1	0	0	0	0	6	5	4	8	6	8	1	5	7	8	4	9	5	4	4	6	6	2	5	8	6	9	4	4	4	2	1	1	1	0	0	0	0	0	0	3	3	3	0	1	0	1	0	0	0	1	0	1	0	0
OTU457	0	1	1	0	0	0	1	1	0	0	0	0	1	1	0	9	7	7	6	5	7	9	7	8	1	1	1	2	4	2	13	11	13	2	3	2	6	5	5	0	0	0	1	1	0	0	0	1	0	0	1	0	0	1	2	1	1	1	1	1	1	1	1	2	1
OTU180	4	6	4	2	3	5	5	7	5	3	4	5	3	8	6	1	1	0	0	1	0	2	3	5	0	0	0	1	1	1	0	1	1	0	0	0	0	0	0	2	3	1	8	5	3	5	4	4	6	4	4	3	3	1	1	2	1	1	1	2	1	1	1	1	1
OTU337	0	0	0	0	0	0	0	0	0	0	0	0	0	0	0	7	8	7	8	4	9	5	3	2	1	2	1	2	2	2	2	3	6	3	5	5	1	1	2	3	4	3	5	6	5	5	9	5	3	2	5	6	4	1	0	0	0	0	0	0	0	0	0	0	0
OTU204	4	4	6	4	3	5	7	7	4	4	4	5	6	4	6	2	1	1	0	0	0	3	4	1	0	0	0	0	2	1	0	0	0	0	1	1	1	0	0	0	2	2	1	2	2	1	3	1	1	3	1	1	1	4	4	3	4	2	3	3	4	4	5	4	4
OTU227	0	2	1	1	2	3	1	0	0	1	0	0	1	0	1	24	20	13	5	3	6	5	3	5	1	1	1	1	0	1	2	1	1	2	2	2	8	3	1	0	0	0	0	0	0	0	0	0	0	0	0	0	0	2	3	2	4	2	3	2	3	2	3	3	3
OTU497	1	1	2	1	2	1	1	1	1	3	1	1	0	1	2	3	4	5	12	3	5	5	5	4	3	3	2	6	2	3	2	1	3	3	3	3	2	2	2	1	0	1	2	2	0	3	0	0	0	1	1	0	1	3	3	2	2	3	3	4	5	4	3	3	4
OTU1267	0	0	0	0	0	0	0	0	0	0	0	0	0	0	0	0	0	0	0	0	0	0	0	0	0	0	0	2	1	2	2	2	2	2	3	3	1	1	0	16	13	14	1	2	2	12	3	8	7	6	12	15	15	1	0	0	1	0	1	1	1	1	1	1	1
OTU150	8	3	4	5	6	7	5	8	5	8	7	9	12	14	14	0	0	0	0	0	0	0	0	0	0	0	0	0	0	0	0	0	0	0	0	0	0	0	0	0	0	0	2	3	2	0	1	1	0	1	1	0	1	2	4	3	2	2	2	1	2	4	3	2	1
OTU440	5	5	4	2	5	5	2	4	5	3	6	5	8	4	4	0	1	0	3	1	2	1	3	0	0	0	0	0	1	1	0	0	0	0	0	1	0	0	0	2	2	5	4	4	8	2	3	3	4	9	3	4	7	1	1	1	1	2	1	1	2	1	0	1	2
OTU1243	0	0	0	0	0	0	0	0	0	0	0	0	0	0	0	6	4	6	10	14	14	3	6	2	9	5	8	9	8	4	4	4	1	5	5	4	7	8	9	0	0	0	0	0	0	0	0	0	0	0	0	0	0	0	0	0	0	0	0	0	0	0	0	0	0
OTU626	6	3	4	2	3	4	2	1	2	2	2	1	4	2	7	1	1	1	0	0	1	1	0	2	1	1	1	1	1	0	1	1	1	1	3	1	1	0	1	1	4	1	1	1	1	1	3	0	1	2	2	2	4	7	6	6	3	3	5	3	6	5	5	5	9
OTU188	5	5	5	7	7	5	4	5	4	6	4	6	10	7	5	1	0	1	0	0	0	0	1	1	0	0	1	0	1	0	0	0	0	0	1	0	0	0	0	2	3	2	4	3	2	3	3	3	2	4	2	3	2	3	1	2	2	2	2	2	2	2	1	2	3
OTU364	3	3	4	2	3	5	3	6	3	2	3	3	4	2	6	1	0	0	0	0	0	1	1	1	1	0	1	1	2	1	0	0	0	0	1	1	1	0	0	2	3	1	3	2	5	1	3	1	2	5	1	4	5	4	4	5	4	5	4	4	3	4	4	5	5
OTU194	5	7	6	11	13	16	2	2	2	8	7	7	3	5	2	1	2	1	0	0	1	2	1	2	4	7	5	0	1	1	5	1	2	0	1	2	1	1	0	1	1	2	0	2	1	1	1	1	0	1	1	0	1	1	0	0	0	0	0	0	0	0	1	0	1
OTU236	3	4	4	3	3	2	4	5	3	5	5	5	5	4	5	0	1	0	0	0	0	2	3	2	0	0	1	0	0	1	0	0	0	1	0	1	0	0	0	0	2	1	5	3	2	3	4	1	4	4	1	3	3	4	4	3	4	4	5	3	3	3	4	4	3
OTU260	2	6	4	3	4	4	3	6	5	4	5	5	6	5	9	1	0	0	0	0	0	2	1	2	0	0	0	1	0	0	0	0	0	0	1	0	1	0	0	1	4	1	3	5	2	3	5	2	3	3	4	4	3	2	2	1	3	2	2	2	2	3	2	2	2
OTU297	0	1	0	1	2	1	1	1	1	0	2	1	0	0	0	10	11	8	6	4	5	3	3	3	3	5	2	4	2	4	1	2	3	1	6	4	3	2	3	3	2	3	3	3	1	4	5	2	2	0	3	2	2	1	1	0	0	0	0	0	0	0	0	1	0
OTU1268	1	0	0	2	1	1	2	1	1	1	0	1	1	1	0	0	0	0	0	0	0	0	0	0	0	0	0	2	1	1	1	0	0	0	1	0	0	0	0	0	0	0	0	0	0	1	0	0	0	0	1	1	0	12	12	11	9	10	9	10	11	9	11	10	10
OTU261	3	3	4	6	4	3	3	4	5	3	4	6	5	5	7	0	0	0	0	0	0	1	2	1	0	0	0	0	0	0	0	0	0	0	0	0	0	0	0	2	2	2	5	3	3	3	9	3	2	3	3	5	6	1	1	3	2	2	2	1	3	2	3	3	3
OTU319	0	1	0	0	0	0	1	1	1	1	1	1	0	1	1	7	5	4	10	6	8	7	10	6	1	1	0	5	2	4	5	1	1	2	9	2	5	5	2	0	1	1	1	0	1	3	1	1	0	0	2	2	2	1	1	1	1	1	2	1	2	1	1	1	1
OTU241	0	0	0	0	0	0	0	0	0	0	0	0	0	0	0	1	2	2	0	0	1	0	0	0	0	0	0	0	0	1	0	0	0	2	3	2	1	0	0	1	2	4	3	2	1	26	21	22	18	15	3	6	7	0	0	0	0	0	0	0	0	0	0	0	0
OTU388	6	6	5	5	4	5	7	8	6	2	7	4	4	4	6	0	0	0	0	0	0	0	1	1	0	0	1	1	0	0	0	0	0	1	1	1	0	0	0	0	2	5	0	2	2	1	3	1	0	1	1	1	1	4	3	3	4	2	4	1	3	3	3	4	5
OTU4751	1	2	2	1	1	2	3	3	2	3	2	3	3	2	2	0	0	0	0	0	0	1	1	1	0	0	0	0	0	0	0	0	0	0	0	0	0	0	0	1	1	1	1	3	1	1	2	1	1	1	1	1	1	8	9	7	8	5	7	4	8	8	9	10	10
OTU566	7	2	5	1	1	2	1	1	2	1	2	2	2	2	3	0	0	0	0	0	0	0	0	0	0	0	0	0	1	0	0	0	0	0	1	0	0	0	0	1	2	3	1	1	1	1	3	1	1	2	1	2	2	7	7	8	5	4	7	5	8	8	8	10	10
OTU338	2	1	1	1	0	0	1	1	1	3	1	3	0	0	0	3	1	1	0	0	0	11	8	7	3	13	4	4	2	5	1	0	1	2	1	2	4	6	2	0	0	0	0	0	0	0	0	0	0	0	0	0	0	4	3	4	4	5	4	5	3	5	4	4	4
OTU226	0	0	0	0	0	0	0	0	0	0	0	0	0	0	0	11	8	8	5	2	5	26	22	12	1	4	2	5	2	6	2	2	3	2	3	3	1	0	1	0	0	0	0	0	0	0	0	0	0	0	0	0	0	0	0	1	1	1	1	1	1	1	1	0	1
OTU1928	15	6	6	5	4	6	3	1	1	10	7	4	0	0	1	0	2	2	0	1	0	2	1	0	1	1	1	2	3	5	1	1	2	2	1	1	3	6	4	2	2	1	1	0	2	0	0	4	3	4	7	3	3	0	0	0	0	0	0	0	0	0	0	0	0
OTU1742	0	0	0	0	0	1	0	0	0	0	0	0	0	0	1	3	4	4	2	4	2	1	2	4	1	1	2	6	5	5	15	16	6	7	14	13	6	3	3	0	0	1	1	0	2	0	1	0	1	0	0	0	0	1	0	0	1	0	0	1	0	1	1	0	1
OTU708	6	4	6	3	5	6	1	1	1	2	3	2	1	1	1	0	1	1	0	0	2	0	3	3	1	2	2	2	0	1	0	0	0	0	1	1	0	0	1	3	4	2	2	3	2	1	2	4	4	4	11	12	6	3	2	1	1	1	1	1	2	1	1	2	2
OTU231	1	1	1	0	1	1	0	1	2	0	1	0	1	1	0	1	0	0	0	0	0	0	1	0	0	0	0	0	1	0	1	1	0	0	1	0	0	0	0	5	6	5	7	5	5	11	14	6	10	9	10	9	10	1	1	1	1	1	1	2	2	0	1	2	0
OTU266	0	0	0	0	0	0	0	0	0	0	0	0	0	0	0	1	3	2	5	4	4	1	2	2	4	4	3	3	3	6	6	4	5	3	4	5	4	5	4	0	0	0	0	0	0	0	0	0	0	0	0	0	0	4	4	3	6	5	5	4	6	4	4	4	5
OTU139	0	0	0	0	0	0	0	0	0	0	0	0	0	0	0	1	1	1	4	2	3	0	0	1	6	15	6	1	1	1	9	10	11	12	9	13	10	11	13	0	0	0	0	0	0	0	0	0	0	0	0	0	0	0	0	0	0	0	0	0	0	0	0	0	0
OTU803	1	2	2	0	1	2	4	2	3	4	4	5	2	3	1	2	2	4	3	2	2	8	8	3	0	0	0	4	2	2	1	1	2	1	0	1	1	2	1	1	3	2	4	3	2	6	6	3	2	2	4	3	3	0	0	1	1	1	1	0	1	1	1	1	1
OTU526	1	4	3	4	2	4	3	7	3	3	4	7	8	4	7	0	0	0	0	0	0	1	1	2	0	0	0	0	1	1	0	0	0	0	0	0	0	0	0	0	1	5	2	3	2	2	3	0	0	2	1	4	0	3	3	5	2	2	4	4	5	3	4	5	4
OTU2398	4	3	5	7	6	2	3	4	3	4	2	3	4	6	5	0	0	0	0	0	0	0	1	1	0	0	0	0	1	1	0	0	1	0	0	0	0	0	0	0	1	1	2	1	3	2	1	0	0	1	1	1	1	6	5	7	4	4	4	4	5	5	5	3	5
OTU322	2	0	1	2	2	2	1	0	0	2	1	1	1	4	1	6	7	9	8	6	6	4	3	4	3	3	2	5	4	4	4	3	5	5	5	3	3	2	1	0	1	0	0	0	0	0	0	1	0	1	1	1	1	1	1	1	0	1	0	0	0	1	1	0	1
OTU2178	1	1	0	1	2	1	0	0	1	1	1	0	2	3	3	9	7	8	3	3	3	0	1	1	3	1	2	4	2	4	3	3	1	2	1	2	3	2	3	5	3	2	2	2	2	1	1	2	4	1	2	2	2	2	2	2	1	2	1	0	1	2	3	2	1
OTU184	2	1	1	4	5	4	3	4	5	2	1	4	3	2	3	2	4	2	2	2	3	7	8	4	2	3	1	1	1	3	0	1	2	0	2	1	2	3	2	1	1	0	2	0	1	0	0	5	4	3	0	0	1	3	1	2	1	2	1	1	1	2	1	1	1
OTU2144	0	0	0	0	0	0	0	0	0	0	0	0	0	0	0	18	29	37	4	2	3	4	2	0	3	8	4	0	0	1	4	5	8	2	1	0	0	0	0	0	0	0	0	0	0	0	0	0	0	0	0	0	0	0	0	0	0	0	0	1	0	0	0	1	0
OTU358	2	5	4	5	3	3	3	7	4	3	6	5	9	4	6	1	0	0	0	0	0	0	2	1	0	0	0	0	0	0	0	0	0	0	0	0	0	0	0	1	4	4	3	5	2	2	5	4	4	7	3	3	3	0	2	2	1	0	1	1	0	1	2	2	1
OTU377	1	1	0	3	1	2	1	2	1	2	0	1	3	4	4	1	1	1	1	0	0	1	1	2	0	1	2	3	3	2	1	2	1	2	2	1	0	1	0	1	2	0	0	3	2	1	4	1	0	1	1	1	1	6	7	6	5	6	4	4	3	6	4	6	5
OTU1753	0	1	1	1	2	1	1	2	2	1	2	2	2	2	1	0	0	0	0	1	0	1	1	0	0	0	0	0	0	0	0	0	0	0	0	0	0	0	0	2	0	3	5	3	3	3	4	3	5	7	5	4	5	4	3	3	4	6	5	6	4	8	5	5	6
OTU174	2	2	3	3	3	4	4	3	5	3	5	5	6	3	4	2	1	1	0	1	2	0	3	2	0	0	0	1	2	1	3	1	0	0	1	1	0	0	0	1	2	1	4	8	3	3	6	3	1	3	2	3	4	1	2	1	0	0	1	0	1	2	2	2	2
OTU268	3	1	2	0	1	1	3	3	3	4	4	4	1	1	2	2	1	2	0	0	1	7	6	6	2	3	1	7	6	10	0	1	1	2	3	4	1	1	2	1	0	1	3	2	1	0	2	2	1	0	1	1	0	2	1	0	1	1	2	2	2	2	1	2	2
OTU248	2	5	5	1	1	2	3	5	3	1	3	2	5	4	2	2	2	2	2	3	3	1	2	4	1	0	0	1	2	2	1	2	1	1	1	2	1	1	1	0	1	1	4	2	4	1	4	2	1	3	3	2	2	2	1	2	3	1	2	2	2	2	1	2	2
OTU190	2	6	4	3	3	4	2	6	5	3	4	6	5	3	4	1	0	0	0	0	0	2	4	1	0	0	0	0	0	0	0	0	0	0	1	0	0	0	0	0	3	3	3	4	3	4	4	3	1	1	2	1	2	3	1	2	4	2	2	1	3	2	3	4	2
OTU1133	2	3	4	1	2	4	3	4	3	3	4	4	6	3	5	1	0	0	0	1	0	3	2	2	0	0	0	1	0	0	0	0	0	0	1	0	0	0	0	0	2	2	1	3	3	3	5	1	1	2	1	4	4	4	3	3	3	3	2	2	2	6	2	5	3
OTU419	2	1	1	2	1	2	0	0	0	1	2	1	1	0	0	3	6	5	3	2	2	5	6	5	3	2	2	1	1	0	1	1	1	1	1	1	2	1	1	1	4	3	11	9	5	1	1	4	4	5	3	3	0	1	1	1	1	1	0	0	1	0	0	1	1
OTU164	4	9	6	3	3	3	7	9	5	8	8	5	3	5	4	0	0	0	0	0	0	4	1	2	0	0	0	1	0	0	0	0	0	0	1	1	0	0	0	0	1	0	2	3	0	3	3	1	1	1	1	0	1	2	2	2	2	2	1	2	2	1	2	2	2
OTU385	3	4	4	4	1	3	0	2	2	1	1	2	3	2	2	2	1	0	0	0	0	0	1	1	1	1	1	1	1	0	0	0	0	1	1	1	1	0	0	0	2	2	1	3	2	1	3	2	1	4	2	3	4	3	5	5	4	2	4	3	5	5	5	6	6
OTU426	2	2	2	2	3	2	5	4	2	6	4	4	3	4	6	1	0	1	1	0	0	3	4	4	0	1	1	0	1	1	1	1	1	0	1	0	0	0	0	2	1	0	1	3	2	1	2	0	2	1	2	2	1	3	5	2	3	3	3	4	4	2	3	3	3
OTU211	0	1	0	0	0	0	0	1	1	0	0	0	0	0	0	1	1	1	25	20	22	2	3	1	1	0	1	2	3	1	1	1	2	4	6	4	4	3	2	1	1	1	1	0	0	1	1	1	0	1	0	1	2	1	1	1	1	0	1	0	0	0	1	0	0
OTU314	0	1	1	0	0	0	0	0	0	0	0	0	1	1	0	4	4	1	6	11	9	3	2	2	2	2	2	3	2	4	4	4	3	7	10	13	6	4	5	0	0	0	0	0	0	0	0	0	0	0	0	0	0	1	1	2	0	1	1	1	2	2	1	0	1
OTU171	5	3	4	5	5	4	6	4	6	11	6	9	10	7	7	0	0	0	0	0	0	0	0	0	0	0	0	0	0	0	0	0	0	0	0	0	0	0	0	1	0	1	1	1	1	1	1	1	0	2	1	1	1	2	1	2	3	2	2	1	2	2	3	2	2
OTU192	4	6	6	5	5	4	7	6	5	6	7	5	6	6	6	0	0	0	0	1	1	5	2	2	0	0	0	0	0	0	0	0	0	0	0	0	0	0	0	0	1	1	1	2	1	1	3	0	1	3	0	1	1	1	2	1	2	1	1	1	2	1	2	2	2
OTU252	2	3	3	1	3	4	2	4	3	2	5	4	6	3	7	0	0	0	0	1	0	0	1	0	0	0	0	0	0	0	0	0	0	0	0	0	0	0	0	1	4	5	5	7	4	4	5	2	3	2	5	3	3	2	1	1	2	2	2	2	2	2	3	2	1
OTU298	2	2	2	1	1	2	1	1	2	3	3	6	4	2	2	0	0	0	12	6	10	0	1	1	1	2	2	5	5	8	1	0	1	0	1	2	0	1	1	1	1	0	2	4	1	3	3	1	2	1	1	2	2	0	1	1	1	1	1	1	1	1	1	1	1
OTU355	2	4	5	2	2	2	3	5	3	2	7	5	3	4	3	1	1	1	0	1	1	3	2	3	0	0	0	0	0	0	0	0	0	0	0	0	0	0	0	1	1	2	6	6	2	5	3	4	5	2	2	1	3	1	2	1	2	3	2	1	2	1	2	2	2
OTU360	2	3	1	2	2	2	4	3	4	2	4	2	5	2	4	1	0	2	0	1	1	2	2	2	1	1	0	2	1	2	1	1	1	1	2	2	1	0	0	1	1	4	3	0	1	2	0	1	2	2	1	1	3	3	3	3	3	2	4	2	4	4	3	3	3
OTU249	4	6	4	4	2	5	4	3	3	2	2	2	5	3	4	0	0	0	0	0	0	2	2	1	0	0	1	3	2	2	0	0	0	1	0	0	1	1	0	3	3	3	6	2	5	4	6	1	3	2	4	2	0	1	0	2	1	2	2	1	1	1	1	1	2
OTU4035	3	4	3	1	0	2	4	4	3	3	3	3	1	1	2	1	1	0	0	0	0	2	3	3	0	0	0	1	2	0	0	0	0	1	1	1	1	0	0	2	3	3	11	7	5	8	8	8	6	5	2	2	4	0	0	0	0	0	0	0	0	0	0	0	0
OTU196	1	5	5	2	3	2	6	8	5	4	5	5	4	2	4	0	0	0	0	1	1	0	3	1	0	0	0	1	0	0	0	0	1	0	0	0	0	0	0	0	1	0	3	2	1	1	5	1	2	3	1	1	2	3	3	3	3	2	3	3	2	4	3	3	3
OTU274	0	0	0	0	0	0	0	0	0	0	0	0	0	0	0	14	7	12	2	5	4	1	3	2	2	1	3	4	6	4	5	6	5	5	3	5	10	6	7	0	0	0	0	0	0	0	0	0	0	0	0	0	0	0	0	2	0	0	0	0	1	0	1	0	1
OTU2646	1	0	0	0	1	0	2	0	0	1	0	0	0	0	0	3	3	3	2	3	4	3	3	3	2	6	5	5	4	8	3	3	2	13	4	4	3	6	7	4	2	1	0	0	0	1	1	1	0	0	2	1	0	0	1	1	0	1	1	1	0	1	0	1	0
OTU596	1	2	3	2	1	2	3	3	2	1	2	2	3	3	2	0	0	0	0	0	0	1	3	3	0	0	1	1	1	1	0	0	0	0	0	0	0	0	0	1	2	0	0	0	2	0	2	1	0	1	2	1	2	5	5	6	6	5	5	5	8	7	6	5	6
OTU513	3	1	2	1	2	2	6	2	4	1	1	2	1	3	1	0	0	0	0	0	0	0	0	0	1	0	0	0	1	1	1	1	0	1	1	0	0	0	0	5	3	0	5	6	4	10	4	6	6	3	2	2	1	2	2	2	3	3	2	3	3	2	3	2	3
OTU303	1	3	2	2	2	2	1	4	2	1	3	3	3	1	3	0	0	0	0	0	0	1	2	2	0	0	0	1	1	0	0	0	0	0	1	0	0	0	1	1	1	1	3	2	1	1	0	0	0	0	1	0	2	6	6	4	5	5	5	7	7	5	7	6	7
OTU671	2	1	2	3	2	3	1	5	2	1	3	2	4	2	4	0	0	1	0	1	1	0	1	1	1	0	1	1	2	1	1	1	0	1	0	0	1	0	0	2	2	0	2	2	2	1	1	1	0	1	1	2	2	6	5	6	4	4	4	4	4	4	3	5	5
OTU2794	15	2	5	9	10	10	0	0	1	10	5	8	0	0	0	0	1	1	1	0	0	1	1	0	2	3	1	2	3	2	2	2	2	1	1	2	1	3	2	0	0	0	0	1	0	0	0	4	5	3	1	1	1	0	0	0	0	0	0	0	0	0	0	0	0
OTU209	1	4	2	2	2	1	1	3	1	1	2	2	2	1	1	2	1	2	1	1	2	2	1	4	1	2	2	4	4	3	2	2	1	1	2	1	3	1	1	0	4	2	2	2	1	1	3	1	1	3	3	1	4	2	2	2	2	2	2	3	2	2	3	2	1
OTU271	0	0	0	0	0	0	0	0	0	0	0	0	0	0	0	1	1	1	8	10	14	6	4	4	6	21	8	6	4	6	4	3	3	1	3	3	2	3	3	0	0	0	0	0	0	0	0	0	0	0	0	0	0	0	0	0	0	0	0	0	0	0	0	0	0
OTU193	0	0	0	0	0	0	1	0	1	1	1	1	0	0	0	6	7	6	10	4	7	6	6	3	2	2	1	6	2	2	3	5	10	2	3	4	6	5	5	1	0	1	1	0	0	4	0	0	0	0	0	0	0	0	0	0	0	0	0	0	0	0	0	0	0
OTU202	2	4	2	1	3	3	5	7	7	5	5	6	5	7	8	0	2	1	2	3	2	2	2	5	1	0	0	2	2	1	1	1	0	0	0	1	1	0	0	0	1	1	1	0	1	1	1	1	0	1	1	1	1	1	1	1	1	1	1	2	1	2	1	1	1
OTU245	0	0	0	2	2	2	1	2	1	0	0	2	2	0	1	6	5	6	4	8	4	5	5	7	1	1	1	3	5	4	2	3	3	1	3	6	5	1	2	0	2	0	0	0	0	1	0	0	0	1	1	2	1	1	0	1	1	1	1	1	1	0	1	1	1
OTU203	0	1	1	1	1	1	0	0	1	1	3	2	1	1	1	0	0	0	0	0	0	0	0	0	0	0	1	17	21	17	2	3	4	2	1	2	0	0	1	1	0	1	0	0	0	0	2	0	1	0	2	0	1	1	2	3	2	3	2	4	3	2	2	2	3
OTU218	1	1	1	0	1	1	1	3	1	0	1	1	2	1	1	4	5	5	2	3	2	6	6	5	1	1	1	1	1	0	2	3	4	8	14	16	3	3	3	0	0	0	0	1	0	2	0	3	0	0	0	0	1	0	0	0	0	1	0	0	0	0	0	0	0
OTU2371	0	0	0	0	1	0	0	0	0	0	0	0	1	0	0	0	0	0	0	0	0	0	0	0	0	0	0	4	2	4	7	6	7	14	20	23	1	1	1	1	2	0	0	1	1	1	1	1	1	1	6	8	7	0	0	0	0	0	0	0	0	0	0	0	0
OTU2952	0	0	0	0	0	0	0	0	1	0	1	0	1	1	1	0	1	0	0	0	0	0	1	0	0	0	0	0	0	0	0	0	0	0	0	0	0	0	0	0	0	0	0	0	0	1	0	0	0	0	1	0	0	7	7	6	12	8	11	13	10	9	10	11	9
OTU199	0	1	1	3	1	2	1	0	1	1	1	1	1	0	1	3	2	2	2	1	2	9	6	6	2	5	2	3	3	7	1	1	1	9	6	8	2	5	4	0	0	0	0	0	0	1	1	0	0	0	1	1	0	1	1	1	1	1	1	1	1	1	1	1	0
OTU277	1	1	2	0	0	1	2	2	2	3	2	4	2	2	0	5	3	1	2	3	3	4	5	5	1	1	1	2	1	3	2	3	3	4	2	3	2	1	1	1	0	0	1	1	0	3	0	1	0	1	1	1	1	2	2	2	2	1	2	3	2	2	2	2	2
OTU310	3	3	4	3	5	4	4	5	4	3	2	2	2	2	1	1	1	0	1	0	1	0	2	1	1	1	0	0	1	2	1	0	1	0	0	1	0	0	0	2	3	3	7	7	5	4	5	3	1	1	1	3	3	1	1	0	1	1	1	0	1	1	1	1	1
OTU247	2	4	4	2	2	3	1	3	2	1	3	4	3	1	3	1	1	1	2	1	3	1	3	3	1	0	0	1	2	0	3	1	1	0	4	1	2	2	1	1	2	1	4	6	1	3	6	2	2	3	1	1	2	0	1	1	1	1	2	1	1	1	1	1	1
OTU149	2	4	3	0	0	0	17	18	11	11	10	6	0	1	1	2	2	1	0	1	1	4	2	3	0	0	0	0	0	0	1	0	2	1	2	2	0	0	0	0	1	0	1	1	2	1	2	0	2	1	0	0	0	0	0	0	0	0	0	0	0	0	0	0	0
OTU366	3	4	3	2	3	3	5	5	5	4	4	6	3	3	6	1	1	1	1	1	0	2	1	2	1	0	1	1	1	0	1	0	1	0	0	1	1	0	0	1	2	3	2	4	2	3	2	2	2	5	2	2	3	0	1	0	1	1	0	1	0	1	0	1	1
OTU239	2	2	2	3	3	3	3	4	3	3	5	6	5	5	3	1	1	1	3	1	1	4	1	0	0	0	0	1	1	0	1	0	1	0	1	1	0	1	0	0	1	1	2	2	1	3	3	3	2	2	2	1	2	1	2	2	2	1	2	3	2	1	1	2	2
OTU335	1	1	1	0	1	0	1	1	0	2	1	2	1	1	1	2	2	2	2	0	2	3	2	3	0	0	0	1	1	2	1	1	0	0	0	0	0	0	0	0	0	1	0	1	0	2	3	1	1	1	2	1	2	5	4	5	6	4	5	6	6	5	6	7	5
OTU233	1	0	0	0	1	1	0	2	1	2	1	2	0	1	2	1	0	0	0	1	1	1	1	0	0	0	0	0	0	0	0	0	0	0	0	0	0	0	0	2	1	0	22	19	8	14	10	2	3	1	0	1	1	1	1	0	1	1	2	1	1	1	2	2	1
OTU1574	5	1	2	2	1	2	1	3	1	1	2	1	3	1	1	0	0	0	0	0	0	0	0	0	0	0	0	0	0	0	0	0	0	0	0	0	0	0	0	0	2	2	0	2	1	1	0	1	0	1	1	1	2	7	6	7	5	4	6	5	5	7	7	5	11
OTU489	0	1	1	1	1	3	1	1	1	1	1	0	1	1	1	2	2	1	1	1	1	0	2	2	0	1	1	1	1	1	3	4	1	1	2	5	1	1	0	0	1	0	0	0	1	0	0	0	1	0	0	0	0	3	7	5	4	5	7	7	5	7	4	4	5
OTU259	3	6	4	2	2	3	4	5	5	3	6	4	3	3	4	1	1	1	1	0	1	1	2	3	0	0	0	0	1	0	0	0	0	0	0	1	0	0	0	1	1	3	3	4	3	4	4	5	3	2	1	1	4	0	1	1	1	1	0	0	1	1	1	0	0
OTU287	0	0	0	1	0	1	0	0	0	0	0	0	0	0	0	0	1	0	8	3	8	1	1	2	2	3	1	3	0	2	1	1	4	1	1	3	19	29	19	0	0	0	0	0	0	0	0	0	0	0	0	0	0	0	0	0	0	0	0	0	0	0	0	0	0
OTU681	1	3	4	2	3	2	1	3	2	1	2	3	4	1	1	0	0	0	0	1	1	2	2	2	0	1	0	1	1	0	1	1	0	1	1	2	1	0	1	0	4	2	2	3	1	3	2	1	3	6	3	6	8	1	2	2	1	1	2	2	1	2	1	3	1
OTU2489	2	0	1	2	2	1	1	2	2	1	0	1	1	1	2	0	1	1	0	0	0	0	0	1	0	0	1	1	1	1	2	2	1	1	1	1	0	1	1	3	6	3	4	4	9	4	5	2	3	3	4	3	2	2	3	2	1	2	2	1	2	2	2	3	2
OTU1943	6	2	2	1	2	1	1	3	1	1	1	1	1	1	2	0	1	0	0	0	0	2	2	1	1	2	1	1	1	1	0	1	1	0	1	0	1	0	0	0	2	0	0	1	1	0	2	1	0	0	1	1	2	6	6	5	4	3	4	3	6	6	5	6	6
OTU470	2	2	2	3	1	2	3	3	3	4	4	5	2	3	6	1	0	0	0	0	1	3	1	1	0	0	0	0	0	0	0	0	0	0	0	0	0	0	0	0	1	1	2	2	0	0	3	1	0	0	0	1	1	5	5	3	4	4	4	3	5	2	5	5	5
OTU1600	0	1	1	0	1	1	1	2	2	0	0	1	1	1	1	2	1	1	1	1	2	5	9	7	2	0	1	3	2	2	2	2	1	1	5	5	3	1	2	0	4	6	1	5	1	2	2	3	4	2	0	2	2	0	0	1	1	0	0	1	1	1	0	1	0
OTU400	2	2	1	2	0	2	1	2	2	2	2	2	2	3	3	0	0	0	0	0	0	0	1	1	0	0	0	0	0	0	0	0	0	0	0	0	0	0	0	0	1	1	1	0	1	0	3	3	1	0	1	0	1	6	7	7	6	6	4	4	7	4	8	4	7
OTU410	0	0	1	1	1	1	0	0	0	0	1	0	0	1	1	6	1	3	4	6	3	3	4	2	5	5	6	3	4	2	3	2	1	2	2	2	1	3	2	1	0	1	0	1	1	0	0	0	0	0	0	1	0	2	2	3	1	3	2	3	1	3	2	2	2
OTU445	3	3	3	2	2	1	3	5	2	3	2	2	1	3	2	1	2	1	3	1	2	5	6	6	1	0	0	2	2	2	1	0	1	1	0	1	1	1	1	1	1	2	2	5	2	4	0	2	0	0	1	2	1	1	1	1	1	1	1	1	1	1	1	1	1
OTU432	0	0	0	0	0	0	0	0	0	0	0	0	0	0	0	7	7	5	6	7	7	6	7	4	2	3	3	2	1	2	10	9	6	3	2	3	4	5	2	0	0	0	0	0	0	0	0	0	0	0	0	0	0	0	0	0	0	0	0	0	0	0	0	0	0
OTU464	0	2	2	0	1	0	1	2	2	2	4	3	2	1	2	0	0	0	0	0	0	1	1	1	0	0	1	2	1	1	0	0	0	0	1	0	0	0	0	0	0	0	0	0	0	0	0	0	0	0	0	0	0	4	6	5	10	7	7	7	8	6	6	7	6
OTU228	1	1	2	2	3	4	2	4	3	3	4	5	7	4	4	1	2	1	1	1	1	1	2	1	0	0	0	1	1	0	0	1	0	0	1	0	0	0	0	0	2	2	3	3	2	3	2	1	1	3	1	2	2	2	2	1	2	2	2	1	2	1	2	2	2
OTU265	2	1	3	2	3	4	3	2	5	4	6	5	6	6	4	1	1	0	0	0	0	1	2	2	0	0	0	0	0	0	0	0	0	0	0	0	0	0	0	2	1	2	1	6	2	1	1	3	2	1	2	2	1	1	2	1	2	1	1	2	2	3	2	2	3
OTU195	2	3	3	1	1	3	2	5	3	4	4	4	4	1	3	1	1	1	1	0	1	1	4	2	0	0	0	1	0	1	2	0	0	0	1	0	0	0	0	1	2	4	4	7	4	3	3	1	2	3	1	3	1	0	1	1	1	0	1	1	2	1	1	2	2
OTU238	0	0	0	0	0	0	0	0	0	0	0	0	0	0	0	0	0	0	0	0	0	0	0	0	0	0	0	0	0	0	0	0	0	0	0	0	0	0	0	7	25	40	0	1	0	3	2	2	0	1	3	12	16	0	0	0	0	0	0	0	0	0	0	0	0
OTU205	2	2	1	3	3	4	1	4	4	3	2	4	7	7	5	0	0	0	0	0	0	0	0	0	0	0	0	0	0	0	0	0	0	0	0	0	0	0	0	0	2	1	4	2	2	4	3	4	1	4	3	1	5	2	2	1	3	2	2	1	2	3	1	2	2
OTU4727	4	3	3	2	2	2	4	4	3	3	3	5	4	4	3	1	0	0	0	0	0	3	2	1	0	0	0	1	0	1	0	0	0	1	1	1	1	0	0	1	3	2	2	2	2	1	1	1	1	2	1	3	1	3	3	2	2	2	2	1	1	2	2	3	2
OTU230	1	1	1	0	1	1	1	1	2	1	1	1	1	1	0	5	7	3	8	9	10	5	5	4	1	1	2	5	3	4	3	2	2	1	1	3	3	1	1	0	0	1	2	0	1	0	1	0	1	0	0	0	0	0	0	0	0	0	0	0	0	0	1	0	0
OTU327	1	4	3	1	2	2	0	4	2	3	4	5	2	0	3	2	3	1	11	6	9	4	5	7	0	0	0	0	0	0	0	0	0	0	2	0	1	0	0	1	2	0	2	4	1	3	1	4	0	2	0	2	1	0	0	0	0	0	0	0	0	0	0	0	0
OTU3529	1	1	0	1	1	1	1	1	1	0	1	1	1	1	1	2	1	1	1	1	1	0	0	1	1	0	1	2	0	2	2	2	1	2	2	2	1	1	0	0	0	0	0	0	0	0	0	0	0	0	0	0	0	6	7	8	3	4	6	5	7	6	6	6	5
OTU328	4	2	2	1	3	3	2	2	3	5	2	3	3	2	2	0	1	1	0	1	0	0	3	1	0	0	1	0	1	0	0	1	0	1	1	0	1	1	0	1	0	1	1	1	0	0	1	0	0	0	1	0	2	5	5	4	3	2	4	4	3	3	4	6	5
OTU1869	1	0	0	1	1	1	1	0	0	1	1	0	1	1	1	0	1	1	0	0	0	0	1	0	0	0	0	1	2	2	2	1	1	1	1	1	1	1	0	6	5	2	5	3	7	3	7	3	4	4	12	9	8	0	1	0	1	0	0	0	0	1	0	0	1
OTU2289	1	2	3	3	1	1	2	2	3	1	1	2	2	1	1	1	0	0	0	0	0	1	3	1	0	0	0	1	1	1	0	0	0	0	1	1	0	1	0	0	0	1	0	2	2	2	0	1	1	1	1	2	2	5	5	5	4	4	4	3	5	4	6	4	6
OTU216	0	1	2	1	5	5	2	5	2	2	4	4	4	2	3	1	0	0	1	1	1	0	1	1	1	0	0	0	1	0	0	0	0	0	0	0	0	0	0	1	3	5	3	4	1	4	2	2	0	5	3	6	5	1	1	1	2	1	1	1	1	1	1	1	2
OTU381	1	1	2	4	4	3	3	2	2	5	4	3	4	5	4	2	0	2	1	1	2	3	2	1	0	0	0	1	1	2	0	0	2	0	1	0	0	1	1	2	1	0	0	1	2	3	1	2	0	2	1	1	1	2	2	1	2	1	2	1	1	1	3	2	2
OTU300	2	4	4	2	2	4	2	4	5	2	3	3	4	2	4	0	0	0	0	1	0	0	1	0	0	0	0	0	0	0	0	0	0	0	0	0	0	0	0	0	4	2	2	4	1	4	6	3	3	2	2	1	6	2	1	2	2	1	1	1	1	1	1	2	3
OTU284	2	1	1	5	3	3	1	2	1	1	1	1	2	2	3	0	0	0	1	0	0	0	1	1	1	2	1	4	2	4	1	2	1	1	1	1	1	1	1	3	2	5	4	3	6	2	3	2	2	1	3	3	1	1	1	1	1	1	1	0	1	1	1	2	0
OTU449	2	3	4	2	2	2	4	5	3	5	2	3	3	2	2	1	1	0	1	1	1	1	1	1	0	1	1	1	1	1	0	0	0	0	1	0	1	0	0	1	1	3	5	6	2	5	3	4	5	2	2	1	3	1	0	0	1	1	1	0	0	0	0	0	0
OTU423	3	2	2	1	2	4	3	3	1	2	2	3	4	2	2	1	0	0	0	0	0	0	1	1	0	0	0	0	0	0	0	0	0	0	0	0	0	0	0	0	0	0	0	0	1	0	0	2	0	0	1	1	2	4	5	5	4	3	4	6	6	5	5	5	7
OTU469	1	1	1	1	2	2	1	1	2	1	1	0	4	1	3	4	4	8	6	6	5	2	2	3	3	3	2	2	2	1	1	3	3	1	0	1	1	1	1	1	2	2	1	0	1	0	0	0	0	0	0	2	1	1	1	0	1	1	0	0	1	0	1	1	1
OTU254	0	1	0	0	1	1	1	1	0	1	0	1	2	3	2	2	3	4	10	7	8	3	3	1	0	1	1	6	4	3	2	1	2	1	3	4	1	1	0	0	0	1	1	1	0	0	0	1	0	1	1	1	1	1	0	1	1	2	1	1	1	1	1	1	1
OTU1751	3	1	1	2	1	2	1	2	3	1	3	4	3	3	0	0	0	0	0	0	0	0	0	0	0	0	0	1	0	1	0	1	1	0	0	0	0	1	0	1	2	1	2	5	5	3	3	1	0	1	3	2	2	3	3	3	2	3	4	3	4	3	4	4	2
OTU317	0	0	0	1	0	1	1	1	1	1	1	2	1	1	0	2	2	5	5	2	2	2	2	2	2	3	2	2	2	3	8	6	6	4	4	4	2	3	2	0	0	0	4	1	1	0	0	0	0	0	0	0	1	0	0	2	0	0	1	1	2	1	0	0	2
OTU273	1	2	3	2	2	2	3	2	3	1	1	2	0	0	0	2	0	0	0	1	0	0	2	1	1	1	1	1	2	1	0	1	0	1	2	1	1	0	0	3	3	1	2	6	2	13	6	2	0	2	2	1	1	1	2	1	1	1	2	1	2	0	2	2	2
OTU382	1	4	2	2	2	4	2	3	2	2	4	2	4	1	2	2	2	1	0	2	1	2	2	3	0	0	0	1	1	0	1	1	2	0	1	1	0	1	0	0	4	6	1	1	1	0	1	0	4	7	2	5	3	0	1	1	1	0	1	1	0	1	0	1	1
OTU307	0	0	0	0	0	0	0	0	0	0	0	0	0	0	0	0	0	0	0	0	1	0	0	0	2	3	1	0	0	1	5	4	6	0	1	1	1	1	1	0	0	0	15	15	8	0	0	13	16	9	0	0	0	0	0	0	0	0	0	0	0	0	0	0	0
OTU3155	1	2	1	1	2	2	0	3	2	1	2	1	1	1	0	0	0	0	0	0	0	0	0	0	0	0	0	0	0	0	0	0	0	0	0	0	0	0	0	0	0	0	0	2	2	1	0	1	0	1	1	1	1	5	4	6	5	6	7	9	6	6	5	6	8
OTU1313	2	2	1	3	1	4	1	2	3	1	2	2	5	3	3	1	0	0	0	0	0	0	2	1	0	0	1	0	1	1	1	1	0	0	1	0	0	0	0	0	1	0	0	1	1	1	1	0	0	0	0	2	1	3	8	4	4	5	3	3	3	4	3	5	5
OTU4002	0	0	0	1	1	0	0	0	0	0	0	0	0	0	0	1	0	0	0	0	1	0	0	1	1	1	0	0	0	0	0	0	0	1	1	1	0	0	0	0	0	0	0	0	0	0	0	0	0	0	0	0	0	6	8	7	7	6	8	9	9	8	8	8	8
OTU299	1	3	4	2	1	2	3	3	3	2	2	2	3	2	3	1	0	2	1	2	1	4	0	3	1	0	0	2	1	2	1	3	0	0	2	1	0	1	0	1	1	2	3	0	0	0	1	0	0	1	1	1	2	2	2	3	1	1	2	1	2	2	2	3	3
OTU222	4	4	3	3	3	4	5	3	2	5	2	5	1	3	3	2	1	1	0	1	0	3	1	1	0	1	0	1	1	1	0	0	0	0	0	0	0	1	0	2	0	0	4	3	3	2	1	1	1	1	2	1	0	2	0	1	2	1	1	1	2	1	2	1	1
OTU313	1	2	4	2	1	2	1	3	2	1	0	2	6	1	6	1	0	0	0	1	0	1	1	1	0	0	1	1	2	0	1	0	0	0	1	0	0	0	0	0	2	1	2	2	2	1	2	1	2	2	3	3	3	2	3	3	2	2	2	4	1	2	3	3	3
OTU492	2	2	2	0	1	1	1	2	2	2	2	2	3	1	3	0	0	1	0	0	0	0	1	1	0	0	0	0	1	1	0	0	0	0	1	0	0	0	0	1	1	3	4	4	2	5	6	3	3	5	2	2	4	3	2	2	2	1	1	2	2	2	2	2	3
OTU493	0	2	1	0	1	1	2	2	1	0	2	2	1	1	1	3	2	2	11	10	10	7	7	6	1	1	0	1	2	1	1	1	1	0	1	1	2	1	0	0	2	0	1	1	1	1	0	0	0	1	1	1	2	0	0	0	0	0	0	0	0	1	0	0	0
OTU373	1	2	1	0	1	1	2	4	3	3	4	4	2	1	4	0	0	0	0	0	0	0	0	0	0	0	0	0	0	0	0	0	0	0	0	0	0	0	0	2	4	4	5	9	5	7	5	7	3	4	2	4	4	1	0	0	0	0	0	0	0	1	0	1	0
OTU244	2	2	4	2	3	2	3	4	4	2	1	2	2	1	3	1	0	1	0	2	1	1	1	3	1	1	1	3	1	2	2	1	1	2	3	3	2	2	1	1	0	0	1	2	1	2	1	1	0	0	1	1	0	1	1	1	1	1	1	3	1	2	1	2	1
OTU1909	0	0	0	8	6	5	0	0	0	1	1	1	0	0	0	0	0	0	5	2	4	3	1	2	9	14	7	3	3	5	0	0	0	1	0	0	1	0	1	1	0	0	3	4	9	0	0	0	0	0	0	0	0	0	0	0	0	0	0	0	0	0	0	0	0
OTU253	0	1	0	1	1	1	0	1	0	0	0	0	1	1	0	3	3	1	2	3	1	1	2	0	2	1	1	3	2	2	11	6	4	4	10	7	5	1	3	0	0	0	1	0	0	0	1	0	2	1	0	1	1	1	0	0	1	1	0	1	1	1	1	1	0
OTU370	1	2	2	2	2	3	3	3	2	2	2	3	5	4	4	1	0	0	0	0	0	1	0	1	0	0	0	0	0	0	0	0	0	0	0	0	0	0	0	1	2	0	0	1	2	1	0	0	0	0	1	2	1	3	4	2	5	2	3	4	4	4	6	4	4
OTU301	2	2	2	4	4	6	2	2	2	2	1	3	2	2	3	1	2	1	0	0	0	2	3	3	1	0	0	1	1	1	1	0	1	1	1	1	0	0	0	0	0	0	1	0	0	0	1	1	0	0	1	2	5	2	2	2	2	2	2	3	2	4	3	1	3
OTU3259	2	2	1	2	2	2	2	1	2	2	2	3	1	3	3	0	1	0	0	1	0	1	2	1	1	1	1	2	3	2	0	1	0	0	0	0	1	1	0	0	0	0	3	0	4	0	1	1	0	2	1	2	2	2	3	4	2	3	3	4	1	3	3	3	3
OTU262	2	4	4	0	0	1	4	4	3	2	2	5	4	4	1	0	0	0	0	0	0	0	1	1	1	0	0	0	0	0	0	1	1	0	0	0	1	0	0	2	2	1	1	3	1	1	1	1	0	1	1	0	0	2	3	3	3	3	3	3	4	3	3	3	4
OTU215	4	3	3	8	7	7	3	2	2	2	1	1	0	2	1	2	3	2	4	2	3	1	1	1	1	1	1	1	2	4	1	0	1	4	4	2	2	1	2	0	0	0	0	0	0	0	0	0	0	0	0	0	0	1	0	0	1	1	1	0	1	0	0	0	1
OTU1960	1	2	3	1	1	2	1	3	1	1	2	3	3	1	4	0	0	0	0	0	1	1	1	1	1	0	0	1	0	0	1	1	0	0	0	0	0	0	0	1	2	2	1	1	1	0	1	0	0	2	1	3	4	3	4	6	3	2	3	2	3	3	4	4	5
OTU1533	1	2	2	0	1	3	4	4	3	2	1	5	4	1	5	1	0	0	0	0	0	0	2	1	0	0	0	1	1	0	0	0	1	0	1	0	0	0	0	0	3	1	0	2	1	1	2	0	0	2	1	2	1	1	3	3	3	3	2	2	3	3	4	4	4
OTU534	1	1	2	0	2	3	1	2	2	1	2	3	3	1	1	1	0	0	0	0	1	0	1	1	0	0	0	0	0	0	0	0	0	0	0	0	0	0	0	0	2	2	1	0	1	2	1	1	0	3	1	3	2	4	5	5	3	2	3	3	5	3	4	5	7
OTU217	0	5	3	1	1	5	6	6	5	3	3	8	2	2	5	1	1	0	0	0	0	3	1	2	0	0	0	0	0	0	1	1	0	0	0	1	0	0	0	0	0	2	1	3	1	2	3	1	1	3	1	2	1	1	0	1	1	1	0	1	1	0	1	1	2
OTU1382	0	0	0	0	0	0	0	0	0	0	1	0	0	0	0	9	6	9	0	0	0	3	4	3	1	2	2	2	5	4	1	2	1	5	1	1	10	14	11	0	0	0	0	0	0	0	0	0	0	0	0	0	0	0	0	0	0	0	0	0	0	0	0	0	0
OTU281	2	1	1	1	1	0	1	1	1	0	1	1	0	1	0	1	1	0	6	10	10	0	4	3	1	1	1	2	2	0	2	1	1	1	5	2	3	1	1	0	1	0	3	3	1	2	0	4	2	3	2	1	3	0	0	0	1	0	0	0	0	0	0	0	0
OTU984	2	1	4	3	2	3	3	3	1	2	2	3	3	2	4	0	0	0	0	0	0	0	0	0	0	0	0	0	0	0	0	0	0	0	0	0	0	0	0	0	2	2	0	0	0	1	1	0	0	1	2	1	0	4	4	5	2	2	4	1	5	4	4	6	7
OTU1222	1	2	1	1	1	1	1	2	2	1	0	1	1	2	0	0	1	1	1	1	1	2	1	3	0	0	1	2	2	3	4	3	2	0	0	1	0	1	0	0	1	3	1	2	2	1	2	2	2	0	3	1	1	3	2	3	3	2	3	1	3	2	3	2	1
OTU285	2	3	4	4	1	3	4	4	3	5	4	5	4	6	8	0	0	0	0	0	0	0	0	1	0	0	0	0	0	0	0	0	0	0	0	0	0	0	0	2	2	1	4	3	1	5	3	1	1	0	2	1	1	0	1	1	1	1	1	0	1	0	0	1	0
OTU553	0	0	0	0	1	1	0	0	0	0	0	0	1	1	1	0	0	0	0	0	1	1	1	1	2	0	1	0	1	2	7	9	6	1	1	1	2	1	1	1	1	1	1	0	2	2	3	0	0	1	1	2	3	2	3	1	4	2	3	5	3	2	3	3	2
OTU1391	0	0	0	0	0	0	0	0	0	0	0	0	0	0	0	4	3	2	11	11	12	4	2	2	1	2	1	3	6	2	10	9	9	0	0	0	0	1	0	0	0	0	0	0	0	0	0	0	0	0	0	0	0	0	0	0	0	0	0	0	0	0	0	0	0
OTU4321	2	4	3	1	1	2	4	3	4	4	5	4	3	3	3	0	1	1	1	0	0	2	2	1	0	0	0	0	0	0	0	0	0	1	1	1	0	0	0	1	2	0	5	3	2	4	5	2	2	2	2	1	2	0	1	0	0	0	0	1	0	1	0	1	0
OTU836	2	2	3	1	2	2	1	3	4	2	2	3	5	1	2	0	0	0	0	0	0	1	1	2	0	0	0	3	4	2	1	1	0	0	1	0	1	0	0	1	2	1	2	2	5	1	5	2	2	4	2	1	4	1	0	1	1	0	1	0	1	1	1	0	1
OTU954	1	1	1	1	1	1	1	1	0	0	0	0	1	1	1	1	2	1	4	2	2	2	4	3	0	1	1	2	2	1	2	1	2	2	6	4	5	2	1	1	0	0	2	2	1	3	0	3	2	2	0	1	1	1	1	0	2	1	1	1	1	1	1	1	1
OTU237	2	2	2	2	2	3	3	3	5	3	2	5	5	3	4	0	1	1	0	1	1	0	1	2	0	1	0	0	1	1	0	0	0	0	1	1	0	1	0	1	0	1	0	0	1	1	1	0	0	0	0	0	1	2	2	3	2	1	3	3	2	2	2	3	3
OTU198	2	4	3	1	1	3	3	6	1	11	6	11	3	2	2	0	0	0	0	0	0	0	0	0	0	0	0	0	0	0	0	0	0	0	0	0	0	0	0	2	3	0	4	6	1	5	3	1	3	2	1	2	1	0	0	0	0	0	0	0	0	0	0	0	0
OTU601	0	2	2	1	3	3	1	2	2	1	3	2	4	4	4	1	1	0	0	0	1	0	1	1	0	0	0	0	0	0	1	1	0	0	1	1	1	0	0	0	1	5	2	3	2	2	6	4	1	4	1	4	5	0	0	1	1	1	1	1	1	1	0	0	1
OTU3328	1	1	1	0	1	1	0	1	1	0	0	1	1	1	1	0	0	0	0	0	0	0	0	0	0	0	0	0	0	0	0	0	0	0	0	0	0	0	0	1	2	3	6	4	5	6	8	6	5	5	3	5	6	1	2	1	1	1	1	2	2	2	1	2	0
OTU389	1	2	1	2	2	3	4	3	2	2	2	2	3	1	3	1	1	0	0	1	0	0	3	1	0	0	0	1	0	0	0	0	1	0	0	1	0	0	0	0	1	1	0	0	1	0	2	0	0	1	1	0	1	4	4	3	3	2	3	3	3	4	4	4	3
OTU454	1	2	1	2	2	2	4	1	3	6	6	6	4	4	4	0	0	0	0	1	0	2	1	1	0	0	0	0	0	1	0	0	0	0	0	0	1	0	0	0	1	1	2	4	1	2	0	1	0	1	1	1	2	2	1	2	2	1	2	1	2	1	2	1	2
OTU269	2	2	2	2	0	2	3	2	0	3	2	3	3	2	4	1	0	1	1	1	1	1	2	3	0	0	0	2	1	1	1	1	0	0	1	1	0	0	1	1	0	3	1	1	0	1	1	0	0	0	2	0	2	2	2	2	3	2	3	2	2	2	2	3	2
OTU272	7	3	3	1	2	1	4	1	3	5	4	5	1	3	1	1	1	0	0	0	0	4	3	4	1	1	1	1	1	2	0	0	0	0	0	0	0	1	1	0	0	1	2	1	1	3	0	1	1	0	1	1	0	1	1	1	1	2	1	1	1	1	1	1	1
OTU2018	0	0	0	0	0	0	0	0	0	0	0	0	0	0	0	1	2	1	7	5	10	0	3	7	2	2	2	2	2	0	2	3	1	3	3	4	1	1	2	0	0	0	0	0	0	0	0	0	0	0	0	0	0	2	1	2	3	2	2	2	2	2	2	2	3
OTU282	1	2	2	4	2	1	4	4	3	3	4	3	3	4	6	1	0	0	1	0	0	3	3	1	0	0	0	1	1	0	1	0	0	0	2	1	0	0	0	1	0	0	1	0	0	1	2	2	0	2	0	1	0	2	2	2	1	1	2	1	2	2	2	1	1
OTU295	0	0	0	0	0	0	0	0	0	0	0	0	0	0	0	0	0	0	1	0	1	0	0	0	1	1	1	2	2	1	4	3	5	17	14	15	1	2	1	0	0	0	0	0	0	0	0	0	0	0	0	0	0	1	1	0	3	2	2	1	2	1	1	1	2
OTU3413	0	1	0	1	0	1	0	1	1	0	1	0	0	0	0	4	4	5	4	4	4	4	4	4	1	4	1	1	0	1	2	1	3	1	3	2	3	2	2	1	1	1	2	1	2	1	3	2	0	1	0	2	2	0	0	0	0	0	0	0	0	0	0	0	0
OTU2316	2	1	2	2	2	2	1	3	2	1	1	2	4	3	3	1	1	1	0	1	1	2	1	3	0	0	0	1	1	1	1	0	0	1	1	0	1	1	1	0	0	2	1	3	1	1	2	1	1	3	0	2	3	1	1	1	1	1	2	2	2	1	1	2	2
OTU2698	2	2	2	3	4	4	3	2	3	3	3	2	4	6	7	0	0	0	0	0	0	0	0	0	0	0	0	0	0	0	0	0	0	0	0	0	0	0	0	1	1	3	2	3	1	1	3	3	1	2	1	2	2	2	1	1	1	1	1	0	1	1	1	1	1
OTU414	4	1	3	1	1	2	2	2	1	1	1	1	1	1	1	0	0	0	0	0	0	0	0	0	0	0	0	0	0	0	0	0	0	0	0	0	0	0	0	1	2	0	2	1	1	1	3	0	0	2	0	1	1	5	5	5	3	1	4	2	4	2	5	5	7
OTU344	1	2	2	2	2	3	2	3	3	4	3	3	3	2	2	0	0	0	0	0	0	1	1	0	0	0	0	0	0	0	0	0	0	0	0	0	0	0	0	1	0	0	1	3	2	2	3	1	0	1	2	1	3	2	4	1	3	1	2	1	2	2	3	3	3
OTU929	2	0	1	3	2	2	2	0	1	1	1	1	2	2	1	1	1	2	1	2	1	4	3	4	3	2	2	5	4	5	4	1	2	1	1	1	1	1	1	2	1	0	1	0	0	0	1	1	1	1	1	1	1	0	0	0	0	0	0	0	0	0	0	0	0
OTU280	1	3	2	3	2	1	1	2	2	1	4	3	6	2	4	0	1	0	0	0	0	4	1	1	0	0	0	0	0	0	0	0	0	0	0	0	0	0	0	0	1	4	2	1	2	0	3	0	1	1	1	1	1	1	3	2	2	2	1	1	2	1	3	2	2
OTU502	3	2	3	3	3	5	4	2	3	2	3	3	4	4	4	0	0	0	0	0	0	0	0	0	0	0	0	0	0	0	0	0	0	0	0	0	0	0	0	1	2	1	2	2	2	3	3	1	1	1	1	2	4	1	0	1	1	1	1	0	1	1	1	1	1
OTU1420	3	1	1	2	1	2	1	0	1	2	1	2	0	0	0	2	0	2	1	1	1	6	5	4	1	3	1	7	4	5	1	0	0	1	1	1	2	2	2	0	0	0	0	0	0	0	0	0	0	0	0	0	0	1	1	2	1	0	1	1	2	1	0	1	3
OTU305	3	2	2	2	2	2	4	4	2	4	3	3	3	2	5	0	0	0	0	0	0	0	1	1	0	0	0	0	0	0	0	0	0	0	0	0	0	0	0	0	1	1	4	2	0	1	1	0	0	1	1	1	1	2	2	2	2	2	2	2	2	1	2	4	1
OTU2689	0	0	0	0	1	0	0	0	0	0	0	1	0	0	0	0	0	0	7	3	4	0	1	1	1	0	1	2	1	1	0	0	0	21	19	17	0	1	1	0	0	0	0	0	0	0	0	0	0	0	0	0	0	0	0	0	0	0	0	0	0	0	0	0	0
OTU587	1	0	0	2	1	2	0	0	0	1	1	1	5	3	2	0	0	0	2	0	1	0	1	1	0	0	0	1	2	0	3	2	3	0	0	1	0	0	0	2	0	0	1	0	0	0	1	0	1	0	1	0	0	3	3	1	4	2	3	5	3	2	5	6	3
OTU246	0	3	1	3	2	2	3	3	3	2	2	6	4	4	4	0	0	0	0	0	1	0	1	1	0	0	0	0	0	0	0	0	0	0	0	0	0	0	0	2	3	3	2	4	1	3	1	3	2	1	1	1	2	1	1	0	0	0	1	1	1	1	1	1	0
OTU637	3	2	3	1	1	2	2	3	5	3	3	1	3	1	4	0	1	1	0	0	0	2	3	4	0	0	0	1	1	0	1	0	0	0	0	1	0	0	1	0	1	2	2	2	2	3	2	2	2	4	1	3	2	0	0	0	1	0	0	0	0	0	0	0	0
OTU368	0	0	0	0	0	0	0	0	1	0	1	0	2	0	0	1	1	0	0	1	1	2	5	4	0	1	1	4	6	3	5	3	2	2	6	10	1	0	1	0	0	0	0	3	1	0	1	2	1	1	0	1	1	0	0	1	1	1	1	1	0	1	1	0	0
OTU1917	1	1	2	1	2	2	2	1	1	1	4	3	0	1	2	0	0	0	0	0	0	0	1	0	0	0	0	0	0	0	0	0	0	0	0	0	0	0	0	3	2	3	5	7	1	8	3	5	4	5	5	3	3	0	0	0	0	0	0	0	0	0	0	0	0
OTU251	0	0	0	0	0	0	0	0	0	0	0	0	0	0	0	2	2	3	29	15	17	0	0	0	0	0	0	2	1	3	1	0	2	1	2	1	0	0	0	0	0	0	0	0	0	0	0	0	0	0	0	0	0	0	0	0	0	0	0	0	0	0	0	0	0
OTU329	0	0	0	0	0	0	0	0	0	0	0	0	0	0	0	2	3	4	2	3	4	3	3	6	6	3	3	4	4	3	2	2	1	4	4	3	6	4	2	0	0	0	0	0	0	0	0	0	0	0	0	0	0	0	0	0	0	0	0	0	0	0	0	0	0
OTU498	1	1	2	3	3	1	1	1	0	0	1	0	2	1	4	0	0	0	0	0	0	0	0	0	0	0	0	0	1	1	0	0	0	0	0	0	0	0	0	0	1	0	0	0	0	0	0	1	0	0	1	0	2	5	4	4	4	4	4	3	4	5	7	4	4
OTU1569	1	2	2	1	1	1	2	2	2	2	1	1	2	1	1	1	0	0	0	0	0	1	2	0	0	0	0	1	1	1	0	0	0	0	0	0	0	0	0	0	1	0	0	1	0	0	1	0	0	1	1	1	0	4	4	4	3	3	4	3	4	4	6	3	3
OTU555	2	2	2	3	3	3	2	1	3	5	4	5	3	3	4	0	1	1	1	0	0	3	2	1	0	0	0	0	0	1	0	0	0	0	1	0	0	0	0	0	1	0	0	0	0	0	0	0	0	1	0	0	1	2	1	1	1	1	3	1	2	2	1	3	2
OTU334	2	2	1	1	1	2	2	2	2	1	3	3	2	2	1	1	0	0	1	0	0	4	3	1	0	0	0	1	1	1	1	0	0	1	0	0	0	0	0	0	0	0	0	0	0	1	1	1	0	0	1	0	1	3	2	3	3	2	2	3	3	3	2	3	3
OTU326	3	2	3	3	3	2	0	0	0	0	0	0	1	1	0	2	4	4	0	0	0	1	1	0	2	6	2	1	2	3	0	0	0	1	1	1	5	5	4	0	0	0	2	3	1	6	3	1	0	0	0	0	0	0	0	0	0	0	0	0	0	0	0	0	0
OTU4287	0	0	0	1	1	1	1	1	1	1	1	2	2	1	0	1	0	0	0	0	0	3	1	4	0	0	0	2	3	2	2	1	3	0	0	0	1	1	1	2	1	3	2	1	2	2	2	2	0	0	0	1	0	2	3	2	1	4	3	1	1	2	2	1	1
OTU431	1	2	3	1	1	2	1	1	1	0	1	1	2	0	3	0	0	0	0	0	0	0	1	1	0	0	0	0	0	0	0	0	0	0	0	0	0	0	0	1	1	3	1	1	1	1	2	1	1	1	1	1	1	4	4	4	3	3	3	1	4	4	3	3	3
OTU2516	1	2	2	1	2	3	1	4	2	1	3	4	4	1	2	1	0	0	0	0	0	1	2	2	1	0	0	0	0	0	0	0	0	0	1	0	0	0	0	1	4	1	0	1	1	1	1	1	1	1	2	2	1	2	2	1	1	1	2	2	2	1	1	2	2
OTU452	1	1	1	1	1	1	2	1	2	2	2	1	3	4	4	0	0	1	0	0	0	1	1	0	0	0	0	1	0	0	1	1	0	0	0	0	0	0	1	2	2	0	1	3	2	1	2	2	3	1	3	3	3	1	3	1	1	1	1	1	1	2	1	1	2
OTU321	1	2	1	0	1	1	2	2	3	2	2	1	1	1	0	1	1	2	1	1	0	4	3	3	0	1	0	2	3	3	0	0	1	1	2	0	0	0	0	0	0	1	2	2	2	4	0	1	2	1	1	1	3	0	0	1	1	1	1	1	1	0	1	1	1
OTU1860	1	2	1	1	1	0	1	1	1	1	1	3	1	1	1	0	0	0	0	0	0	0	0	0	0	0	0	0	0	0	0	0	0	0	0	0	0	0	0	0	0	0	1	0	1	0	1	1	0	0	1	1	1	4	5	2	5	3	5	5	5	6	4	4	5
OTU459	1	1	2	1	1	1	3	1	1	1	1	1	0	0	0	1	0	1	1	3	2	1	1	2	0	0	0	2	1	4	2	1	1	1	0	1	0	0	1	1	0	0	0	0	2	0	0	0	0	1	1	0	1	3	3	2	3	2	3	2	2	2	3	3	2
OTU315	1	1	3	1	2	2	3	2	2	2	3	3	4	3	6	1	0	0	0	0	0	0	0	1	0	0	0	0	0	0	0	0	0	0	0	0	0	0	0	1	1	0	0	1	1	1	2	1	2	1	2	1	1	1	2	2	3	2	2	1	1	3	3	1	1
OTU1811	2	0	0	2	2	2	1	0	1	2	1	1	1	3	1	2	4	4	1	2	0	1	1	0	2	2	2	4	3	5	3	7	4	3	2	1	2	2	1	0	0	0	0	0	0	0	0	0	0	0	0	0	0	0	0	0	0	0	0	0	0	0	0	0	0
OTU1893	0	0	0	0	0	0	0	0	0	0	0	0	0	0	0	6	8	13	1	1	1	0	0	0	1	0	2	0	0	0	7	12	8	1	1	1	0	0	1	0	0	0	0	0	0	0	0	0	0	0	0	0	0	1	1	1	1	2	2	0	1	1	1	2	0
OTU296	1	2	1	1	1	1	2	1	1	1	1	1	1	1	3	3	3	2	1	4	2	4	1	3	0	1	0	1	1	1	1	0	1	0	2	0	1	0	1	0	0	0	0	2	0	0	1	0	1	1	1	1	0	0	1	2	1	1	1	2	2	2	1	3	2
OTU399	0	0	0	0	0	0	0	0	0	0	0	0	0	0	0	8	8	9	12	15	12	0	1	0	0	0	0	1	2	1	4	2	1	0	0	0	0	0	0	0	0	0	0	0	0	0	0	0	0	0	0	0	0	0	0	0	0	0	0	0	0	0	0	0	0
OTU455	0	1	1	0	1	1	0	1	1	1	2	1	1	3	1	0	0	0	0	0	0	1	0	0	0	0	0	0	0	0	0	0	0	0	0	0	0	0	0	1	4	5	3	3	2	3	5	4	3	4	10	6	7	0	0	0	0	0	0	0	0	0	0	0	0
OTU623	2	2	2	0	1	1	1	1	0	0	2	1	1	1	1	0	0	0	0	0	0	0	0	0	0	0	0	0	0	0	0	0	0	0	0	0	0	0	0	0	1	0	1	1	1	0	1	0	1	0	1	1	1	4	5	5	5	2	3	1	4	4	6	4	7
OTU392	3	3	3	2	2	3	1	2	4	2	2	4	3	3	4	0	0	0	0	0	0	0	0	0	0	0	0	0	0	0	0	0	0	0	0	0	0	0	0	1	1	0	1	1	1	1	1	1	0	2	1	1	1	2	2	1	3	2	1	1	1	2	2	2	2
OTU2729	1	1	1	1	1	2	1	0	1	1	0	1	1	1	1	0	0	0	0	0	0	1	2	3	0	0	1	3	3	2	2	3	1	0	1	1	1	1	1	0	0	0	0	0	1	0	0	1	0	0	2	1	1	3	2	2	2	2	2	2	2	3	2	4	3
OTU2176	1	1	1	3	2	2	1	2	0	0	1	1	1	3	2	2	2	1	3	1	2	1	3	2	7	11	7	0	0	1	1	0	0	0	1	0	3	2	4	0	0	0	0	0	0	0	0	0	0	0	0	0	0	0	0	0	0	0	0	0	0	0	0	0	0
OTU325	1	2	2	1	2	2	3	1	2	2	4	3	3	2	4	1	1	1	0	0	0	0	1	2	0	0	0	0	0	0	0	0	0	0	0	0	0	0	0	0	1	1	2	1	2	1	1	2	0	3	1	1	4	2	1	1	1	2	2	0	1	1	1	2	1
OTU481	4	2	1	1	1	0	2	1	2	2	2	1	2	1	1	1	1	0	0	1	0	2	3	2	0	0	0	1	1	0	0	0	0	0	0	1	0	0	0	1	2	2	2	2	2	0	2	3	1	3	1	3	2	1	1	2	1	1	1	1	1	1	1	1	1
OTU673	0	1	0	0	0	0	0	0	0	0	0	0	1	0	0	6	4	2	0	0	1	3	6	3	1	0	1	0	2	2	0	2	1	3	8	7	9	3	3	0	0	0	1	1	0	1	1	1	1	0	0	0	0	0	0	0	0	0	0	0	0	0	0	0	0
OTU483	1	1	1	0	1	1	2	2	1	1	2	2	1	1	1	2	2	1	2	2	2	1	6	3	0	0	0	1	1	1	0	1	0	0	1	2	1	1	1	1	1	1	2	1	1	3	5	2	1	4	1	0	2	0	0	0	0	0	0	0	0	0	0	0	0
OTU2642	3	1	2	4	4	4	4	3	4	3	2	2	2	1	4	1	0	0	0	1	0	0	1	0	0	0	0	0	1	1	5	6	5	0	0	0	0	1	1	0	0	0	0	0	1	1	1	0	0	1	1	1	1	0	0	0	0	0	0	0	0	0	0	0	0
OTU291	1	1	1	1	1	1	1	1	2	1	1	1	2	1	1	1	1	1	0	0	1	1	3	2	0	0	0	1	1	3	2	0	2	1	1	1	1	0	1	1	1	2	1	2	2	1	3	3	1	1	2	1	2	0	1	1	1	1	0	2	1	1	1	0	0
OTU347	0	0	0	0	0	0	0	0	0	0	0	0	0	0	0	2	2	1	11	11	9	2	5	1	0	0	1	3	4	2	3	3	2	0	0	1	2	4	4	0	0	0	0	0	0	0	0	0	0	0	0	0	0	0	0	0	0	0	0	0	0	0	0	0	0
OTU270	0	0	0	0	0	0	0	0	0	0	0	0	0	0	0	3	2	2	1	0	0	6	2	2	3	3	3	2	2	2	7	4	6	5	9	6	1	1	1	0	0	0	0	0	0	0	0	0	0	0	0	0	0	0	0	0	0	0	0	0	0	0	0	0	0
OTU331	0	0	0	0	0	0	0	0	0	0	0	0	0	0	0	0	1	0	0	0	0	3	0	3	0	1	1	8	5	10	0	0	0	0	0	0	0	0	0	6	5	1	1	2	3	8	1	0	1	0	7	4	2	0	0	0	0	0	0	0	0	0	0	0	0
OTU735	2	2	2	1	0	2	1	1	1	1	1	1	1	0	1	0	0	0	0	0	0	0	0	0	0	0	0	0	0	0	0	0	0	0	0	0	0	0	0	0	1	1	1	2	0	0	2	0	0	1	1	1	1	4	5	4	4	2	3	2	4	4	2	5	5
OTU443	1	1	1	2	0	1	2	1	1	1	0	1	2	1	1	1	0	1	0	0	1	2	1	1	0	0	0	1	0	1	0	1	0	0	1	1	0	0	0	0	0	0	2	2	1	0	0	0	0	1	0	0	1	4	3	3	2	3	2	4	3	2	4	4	3
OTU4083	2	1	2	2	1	3	4	2	1	4	4	4	2	3	4	0	0	0	0	0	0	0	1	1	0	0	0	0	0	0	0	0	0	0	0	0	0	0	0	0	1	0	1	0	1	2	2	2	1	2	1	2	2	1	1	1	1	1	2	2	1	1	1	1	1
OTU1146	2	2	3	1	2	1	1	4	2	2	4	4	4	1	6	1	0	0	0	0	0	0	2	1	0	0	0	0	0	0	0	0	0	0	0	0	0	0	0	0	0	2	1	1	2	1	1	2	0	0	1	1	2	2	1	1	1	1	1	2	2	1	1	1	1
OTU264	2	3	2	1	1	2	2	4	3	3	2	3	3	3	4	1	0	0	0	0	0	2	0	1	0	0	0	0	0	0	0	0	0	0	0	0	0	0	0	0	1	2	1	4	1	3	2	1	2	1	1	1	1	1	0	0	1	1	1	1	2	0	0	1	1
OTU396	0	1	1	1	0	1	1	0	1	1	1	0	1	0	1	1	0	0	8	3	6	4	1	1	0	0	0	0	1	2	1	1	1	1	1	1	0	1	1	1	0	1	1	1	0	0	4	1	1	1	0	1	0	2	1	2	1	0	1	1	1	1	1	2	2
OTU294	0	1	0	0	0	0	0	0	0	1	0	0	0	0	0	0	0	1	2	3	4	1	1	1	1	4	3	0	0	0	13	6	4	1	1	1	10	7	6	0	0	0	0	0	0	0	0	0	0	0	0	0	0	0	0	0	0	0	0	0	0	0	0	0	0
OTU480	1	2	0	1	1	1	1	2	1	1	2	2	3	2	1	1	0	0	0	0	0	0	0	1	0	0	0	0	0	0	0	0	0	0	0	0	0	0	0	1	0	3	0	5	4	3	3	3	2	3	3	3	4	1	1	0	1	1	1	0	1	2	1	1	2
OTU669	1	2	3	2	3	2	4	4	2	2	2	4	5	3	5	0	0	0	0	0	0	0	0	0	0	0	0	0	0	0	0	0	0	0	0	0	0	0	0	0	2	0	1	1	0	0	1	0	0	0	0	1	0	2	2	1	1	1	1	1	2	2	2	3	3
OTU417	1	1	2	2	3	4	2	2	2	2	3	3	5	3	4	0	0	0	0	1	0	1	0	0	0	0	0	0	0	0	0	0	0	0	0	0	0	0	0	1	2	1	2	1	1	1	2	2	3	4	2	1	3	0	0	1	0	0	0	0	1	0	1	0	1
OTU3476	0	1	2	2	3	3	2	2	1	6	2	3	2	6	2	2	2	1	3	1	1	1	2	1	0	0	0	1	0	0	0	1	0	1	1	0	1	0	0	0	2	0	1	2	1	1	0	1	0	0	0	0	0	0	1	0	1	1	0	1	0	1	0	1	1
OTU421	0	0	0	0	0	0	0	1	0	0	0	0	2	7	2	0	0	0	0	0	0	0	0	0	0	0	0	0	0	0	0	0	0	0	0	0	0	0	0	2	3	2	2	1	1	1	1	3	1	3	14	15	10	0	0	0	0	0	0	0	0	0	0	0	0
OTU324	1	2	1	2	1	2	2	4	2	1	1	3	1	1	3	1	0	1	0	0	1	3	1	3	0	0	0	1	1	1	0	0	0	0	0	0	0	0	0	0	0	0	1	0	1	1	0	1	0	0	1	1	0	2	3	1	3	1	2	2	2	2	2	2	2
OTU2165	2	1	2	2	1	3	2	3	2	3	2	3	5	5	6	0	0	0	0	0	1	1	0	1	0	0	0	0	0	0	0	0	0	0	0	0	0	0	0	1	1	0	0	0	1	1	1	1	1	1	1	1	2	1	1	1	1	1	1	0	1	2	1	2	1
OTU283	1	2	1	1	1	1	1	2	1	2	1	2	1	1	2	1	1	1	1	2	1	3	2	2	1	0	1	1	2	3	0	0	1	2	1	0	1	1	0	0	0	3	1	0	0	1	0	0	0	0	1	0	1	1	1	1	1	1	2	1	0	2	1	3	1
OTU1223	0	1	1	1	2	1	0	2	1	1	2	3	1	1	0	0	0	0	0	0	0	0	0	0	0	0	0	0	0	0	0	0	0	0	0	0	0	0	0	1	1	0	1	0	0	1	0	0	0	2	0	1	1	4	4	5	3	2	3	3	3	3	5	5	4
OTU516	0	0	0	0	0	0	0	0	0	0	0	0	0	0	0	9	7	6	1	1	1	0	0	0	0	0	0	0	0	0	0	0	0	0	0	0	0	0	0	1	1	0	0	0	1	0	0	0	0	0	0	0	0	4	5	3	0	0	6	6	2	0	7	6	2
OTU386	0	0	0	1	1	0	1	1	2	3	1	2	2	2	1	0	0	0	0	0	0	0	0	0	1	1	1	4	3	2	1	1	1	1	3	3	2	3	2	0	0	0	0	1	0	0	0	0	0	1	0	0	0	1	1	1	1	2	3	2	3	1	2	2	2
OTU4943	2	3	2	1	1	1	3	4	2	4	2	3	2	2	1	1	0	0	0	0	0	0	1	0	0	0	0	0	0	0	0	0	0	0	0	0	0	0	0	0	0	0	2	4	2	3	4	1	0	1	1	1	1	1	2	1	1	1	2	1	1	1	1	0	2
OTU412	1	0	1	0	1	0	1	1	0	1	1	2	0	1	0	2	2	1	0	1	1	5	1	3	1	1	2	2	2	2	0	0	0	1	1	2	0	1	1	0	0	0	1	1	0	0	0	1	0	0	0	0	0	2	2	2	3	2	2	2	1	2	2	2	2
OTU433	0	0	0	0	0	0	0	1	0	2	1	3	0	0	0	5	5	4	3	6	2	2	2	4	0	0	0	4	2	4	0	0	0	1	3	3	0	1	2	0	0	0	0	0	0	0	0	0	0	0	0	0	0	1	1	0	0	0	1	1	1	1	1	1	1
OTU1030	1	1	0	0	0	0	0	0	1	0	1	2	1	1	1	0	0	0	0	0	0	1	0	0	0	0	0	0	0	0	0	0	0	0	0	0	0	0	0	1	0	0	0	0	0	0	0	0	0	1	1	0	0	6	4	5	5	4	5	5	3	5	4	4	5
OTU750	2	1	1	1	0	1	1	1	1	0	1	1	1	1	1	0	0	0	0	0	0	0	0	0	0	0	0	0	0	1	1	0	0	0	0	1	0	0	0	0	1	1	0	1	0	1	0	0	0	0	2	1	1	5	4	4	2	2	3	4	4	3	3	4	5
OTU501	1	2	2	1	1	2	2	3	2	1	2	3	3	2	4	1	0	0	0	0	1	3	1	0	0	0	0	0	0	0	1	0	0	0	0	0	0	0	0	0	1	0	0	1	1	1	1	1	0	0	1	0	1	2	1	1	3	2	2	3	1	1	1	2	3
OTU2504	2	1	1	2	2	3	3	2	2	2	3	4	4	3	2	1	0	0	0	0	0	0	1	1	0	0	0	0	0	0	0	0	0	0	0	0	0	0	0	0	1	1	0	1	0	1	1	0	0	2	2	2	1	1	1	1	2	1	2	1	1	2	2	1	2
OTU5077	2	2	2	3	3	4	2	4	3	3	3	2	3	2	2	0	0	0	0	0	0	0	0	0	0	0	0	0	0	0	0	0	0	0	0	0	0	0	0	1	2	4	1	3	2	1	0	1	1	3	1	3	2	0	0	0	0	0	1	0	0	1	1	0	0
OTU451	1	2	1	1	3	2	1	2	2	2	3	3	3	2	3	1	0	0	0	0	0	0	1	1	0	0	0	0	0	0	0	0	0	0	0	0	0	0	0	0	1	2	0	2	0	3	3	3	3	1	1	2	2	1	1	1	1	2	1	0	0	1	1	1	1
OTU1778	0	0	0	0	0	0	0	0	0	0	0	0	0	0	0	0	0	0	0	0	0	0	0	0	0	0	0	1	0	1	17	29	20	0	0	0	0	0	0	0	0	0	0	0	0	0	0	0	0	0	0	0	0	0	0	0	0	0	0	0	0	0	0	0	0
OTU698	1	2	2	3	1	2	1	2	1	1	3	3	3	1	3	1	0	0	0	0	0	1	0	1	0	0	0	0	0	0	0	0	0	0	0	0	0	0	0	0	0	1	1	1	1	0	1	1	0	0	1	0	3	2	3	2	2	1	3	1	2	2	3	2	2
OTU365	1	0	0	1	0	0	0	0	0	1	2	1	1	0	1	0	1	0	0	0	0	1	1	0	0	0	0	1	2	2	5	4	5	2	1	1	2	3	2	0	0	0	0	0	0	0	0	0	0	0	0	0	0	1	3	1	2	2	2	3	3	2	2	3	2
OTU393	2	2	1	1	1	1	1	1	0	1	1	0	1	1	1	1	0	0	0	0	2	1	0	2	1	1	1	0	0	0	1	0	1	0	1	2	2	0	0	0	2	2	0	1	1	0	2	0	1	2	0	1	1	1	3	2	1	1	2	2	2	3	2	2	2
OTU278	4	2	3	2	2	3	3	2	2	6	4	5	4	5	5	1	1	1	1	0	0	2	0	2	0	0	0	0	0	0	0	0	0	0	0	0	0	0	0	0	0	0	0	0	0	0	0	0	0	0	0	0	0	0	1	1	1	0	0	1	0	1	1	1	0
OTU1922	0	1	1	0	0	1	0	1	1	0	1	0	1	0	1	0	0	0	1	1	1	2	1	1	1	0	1	1	2	1	4	2	0	3	4	8	5	1	2	1	0	1	0	1	2	0	0	0	2	2	0	2	2	0	0	0	1	0	0	0	1	1	0	1	0
OTU348	0	1	1	0	1	0	0	1	1	0	0	0	0	1	0	4	3	2	0	1	1	3	2	3	1	0	1	3	1	2	3	3	1	1	4	2	3	1	1	1	0	2	1	2	2	0	0	0	0	0	0	0	2	0	1	0	1	1	1	0	0	0	0	0	1
OTU2298	2	1	1	2	2	1	3	2	2	4	2	1	1	3	2	1	0	0	0	0	0	2	2	1	0	0	0	2	1	2	0	0	0	1	1	1	0	1	1	0	0	0	1	0	0	0	0	0	1	1	0	0	1	1	2	1	2	1	2	1	1	2	2	1	1
OTU3084	2	1	2	0	2	1	0	2	1	1	2	3	2	2	4	0	0	0	0	0	0	0	0	0	0	0	0	0	1	0	0	0	0	0	0	0	0	0	0	1	0	3	0	3	1	0	1	1	0	3	0	2	2	1	2	3	2	2	1	1	2	2	2	3	2
OTU2112	2	3	2	1	1	2	3	4	3	2	5	2	2	1	2	1	1	0	0	0	0	2	1	1	0	0	0	0	0	0	0	0	0	0	0	0	0	0	0	1	0	1	1	3	2	3	2	2	0	0	1	1	2	0	1	1	0	0	0	1	1	0	0	1	1
OTU411	1	2	2	1	1	0	2	3	2	2	2	3	2	2	0	1	2	0	0	0	1	2	2	2	0	0	0	0	0	1	1	0	0	0	0	1	0	0	0	1	0	0	3	2	1	4	1	2	0	1	1	1	2	1	1	1	1	0	1	1	1	1	0	0	1
OTU293	2	2	3	1	2	2	2	2	1	1	2	2	3	4	4	1	0	0	0	1	0	1	1	0	0	0	0	0	0	0	0	0	0	0	0	0	0	0	0	1	1	1	1	3	0	3	3	1	1	1	1	1	2	1	0	0	2	1	1	0	1	1	0	1	1
OTU568	2	1	1	1	1	1	0	1	1	1	1	1	2	2	3	0	0	0	0	0	0	0	0	0	0	0	0	0	0	0	0	0	0	0	0	0	0	0	0	1	0	1	1	0	1	1	0	0	1	0	1	0	1	3	5	4	4	2	3	1	3	4	3	2	4
OTU292	1	2	2	2	3	1	3	3	2	4	4	4	6	6	4	1	1	0	1	0	0	1	1	1	0	0	0	0	0	0	0	0	0	0	0	0	0	0	0	0	0	0	0	0	0	0	0	0	0	0	0	0	0	1	1	0	1	1	2	1	1	1	1	1	1
OTU361	0	1	2	1	0	0	0	3	1	1	2	3	2	2	3	1	1	0	0	0	0	0	2	3	0	0	0	0	1	1	0	0	0	0	0	1	0	0	0	1	0	0	0	1	1	1	2	2	1	2	0	1	1	1	1	2	2	2	1	2	3	2	1	2	2
OTU380	1	2	3	1	1	3	1	3	1	1	3	2	3	1	5	0	0	0	3	8	5	0	1	1	0	0	0	0	0	0	0	0	0	0	0	0	0	0	0	0	1	1	1	1	0	1	1	0	0	2	0	1	0	0	0	1	1	0	1	0	0	1	1	1	1
OTU341	1	1	1	1	1	3	4	0	0	6	5	4	2	5	3	0	0	0	0	0	0	0	0	0	0	0	0	0	0	0	0	0	0	0	0	0	0	0	0	1	1	1	1	3	2	3	1	1	2	1	2	0	0	0	1	1	1	1	1	0	0	1	1	1	1
OTU771	1	1	1	1	0	1	1	0	1	0	0	1	1	0	1	2	2	4	3	3	3	1	2	2	1	1	1	2	3	1	1	3	2	1	3	2	2	0	1	0	0	0	0	0	0	0	0	0	0	0	0	0	0	1	1	2	1	0	1	0	1	0	1	0	1
OTU471	2	1	1	0	1	2	0	3	4	1	1	2	3	1	3	1	0	0	0	0	0	0	1	1	0	0	0	3	3	3	0	1	0	1	1	1	0	0	0	0	2	1	2	0	4	0	1	2	1	1	1	1	1	1	1	1	0	1	0	0	0	0	1	1	1
OTU352	1	1	1	1	1	0	1	2	2	2	2	1	2	1	2	0	1	0	0	0	0	0	1	1	0	0	0	0	0	0	0	0	0	0	0	0	0	0	0	0	2	1	2	4	2	2	2	3	2	2	1	1	1	1	1	1	2	2	1	1	2	2	1	2	1
OTU819	1	2	3	1	1	0	1	1	1	1	1	1	4	1	1	0	1	0	0	1	0	1	0	1	0	0	0	0	0	0	0	0	0	0	0	0	0	0	0	1	0	2	4	2	3	2	3	0	2	4	2	4	2	0	1	0	1	1	1	1	1	1	0	2	1
OTU405	0	0	0	0	0	0	0	0	0	0	0	0	0	0	0	0	0	0	0	0	0	0	0	0	0	0	0	0	0	0	6	5	10	0	0	0	0	0	0	2	0	2	1	0	0	18	10	1	1	0	3	5	1	0	0	0	0	0	0	0	0	0	0	0	0
OTU482	0	1	0	1	1	2	0	1	1	1	4	1	2	1	1	0	0	0	0	0	0	0	0	0	0	0	0	0	0	0	0	0	0	0	0	0	0	0	0	2	6	6	5	5	4	1	5	2	3	2	1	2	3	1	0	0	0	0	0	0	0	0	0	0	0
OTU276	2	3	2	1	1	2	4	4	2	5	3	3	3	2	3	1	0	0	0	0	0	0	0	1	0	0	0	0	0	0	0	0	0	0	0	0	0	0	0	0	0	0	0	1	1	1	2	0	0	0	1	0	0	2	1	1	1	1	1	1	2	1	2	2	1
OTU2518	1	1	0	0	2	2	0	1	1	1	1	2	2	1	1	0	0	0	0	0	0	0	0	0	0	0	0	0	0	0	0	0	0	0	0	0	0	0	0	0	1	1	1	2	0	0	1	0	1	1	0	1	0	2	5	4	3	2	4	2	4	3	3	3	4
OTU290	0	1	0	0	0	1	0	0	0	0	0	0	1	1	0	1	0	0	4	3	3	2	2	1	2	3	2	3	1	3	6	9	5	2	1	1	3	2	1	0	0	0	0	0	0	0	0	0	0	0	0	0	0	0	0	0	0	0	0	0	0	0	0	0	0
OTU559	1	1	1	0	1	0	1	1	1	1	1	3	1	1	3	0	0	0	0	0	0	1	1	1	0	0	0	1	1	0	0	0	0	0	0	0	0	0	0	0	0	0	0	0	0	0	0	0	0	0	0	0	0	3	3	5	3	2	4	3	3	2	4	4	5
OTU1291	1	2	2	1	2	2	3	4	3	3	3	2	4	1	6	0	0	0	0	0	0	0	1	2	0	0	0	0	0	0	0	0	0	0	0	0	0	0	0	0	0	0	0	1	0	0	1	0	0	0	0	1	1	2	2	1	1	1	1	1	2	2	1	1	2
OTU2211	0	0	0	0	0	0	0	0	0	0	0	0	0	0	0	0	0	0	0	0	0	0	0	0	0	0	0	0	0	0	1	1	1	11	15	15	0	0	0	0	0	0	0	0	0	0	0	0	0	0	0	0	0	2	1	0	1	1	2	2	1	1	3	4	1
OTU289	0	0	0	0	0	0	0	0	0	0	0	0	0	0	1	4	3	4	5	2	3	0	2	3	2	1	2	2	3	2	2	1	1	2	8	5	3	1	1	0	0	0	0	0	0	0	0	0	0	0	0	0	0	0	0	0	0	0	0	0	0	0	0	0	0
OTU3254	1	1	1	2	1	1	1	1	1	1	1	1	3	1	1	0	0	0	0	0	0	0	0	0	0	0	0	0	0	0	0	0	0	0	0	0	0	0	0	0	1	0	0	1	1	0	0	0	0	2	0	0	1	3	4	4	2	1	3	3	3	3	3	5	4
OTU523	2	2	2	2	1	2	2	2	1	1	2	1	1	2	2	0	0	0	0	0	0	0	0	0	0	0	0	0	0	0	0	0	0	0	0	0	0	0	0	0	0	1	2	3	1	1	1	1	1	0	0	1	2	2	2	2	2	2	2	2	1	2	2	2	2
OTU577	1	1	1	2	2	2	1	1	1	2	2	2	0	1	1	1	2	1	0	0	0	2	3	3	0	0	0	0	1	1	1	1	1	0	0	0	0	1	1	0	0	1	0	0	0	2	1	0	0	1	1	0	2	1	2	2	1	1	1	1	1	2	1	1	1
OTU345	0	1	2	0	0	1	0	1	1	0	0	0	1	0	1	1	1	2	5	6	6	1	1	1	1	2	1	1	2	1	1	1	1	2	2	2	3	1	1	0	0	0	0	0	0	0	0	0	0	0	0	0	0	1	0	1	1	0	1	0	1	1	1	1	0
OTU1975	1	1	1	2	1	0	2	2	1	1	2	1	1	2	2	3	2	3	1	1	1	0	5	1	0	1	1	1	1	1	1	0	1	1	1	1	0	0	0	0	1	2	1	1	0	1	0	0	0	1	0	0	0	1	0	0	1	1	1	1	1	0	1	1	0
OTU706	0	1	1	1	1	0	1	1	0	0	0	0	1	0	0	3	2	1	3	3	1	3	4	2	0	1	1	5	2	3	3	4	4	2	2	0	1	1	1	0	0	0	0	0	0	0	0	0	0	0	0	0	0	0	0	0	1	1	0	0	1	0	0	0	0
OTU675	0	2	1	1	0	2	0	1	1	0	1	1	3	1	2	1	1	0	3	3	1	0	2	1	0	0	0	0	1	1	2	1	0	0	0	1	0	0	0	2	2	1	0	0	4	1	2	1	0	2	1	1	4	1	0	1	0	1	1	1	0	1	0	1	0
OTU4610	0	0	0	0	0	0	0	0	0	0	0	1	0	0	1	1	1	1	0	0	0	2	1	0	2	8	4	2	3	1	2	2	4	2	2	1	0	3	2	1	1	1	3	2	0	0	0	1	2	2	1	1	1	0	0	0	0	0	0	0	0	0	0	0	0
OTU4003	1	1	1	2	3	3	3	3	1	2	3	2	2	1	1	0	1	0	0	0	0	0	0	0	0	0	0	0	0	0	0	0	0	0	0	0	0	0	0	0	1	0	0	0	2	1	1	1	0	2	0	2	1	1	1	1	2	1	2	2	2	2	2	2	2
OTU1067	0	2	3	2	1	0	3	2	1	3	4	2	2	2	2	0	1	0	0	0	0	1	1	1	0	0	0	0	0	0	0	0	0	0	0	0	0	0	0	0	1	2	1	1	1	3	0	0	0	0	1	1	0	1	1	1	2	1	1	2	2	1	2	2	1
OTU2329	0	1	1	0	0	1	2	2	2	1	1	2	2	1	1	0	0	0	0	0	0	2	2	2	0	0	1	1	0	1	0	0	0	0	0	0	0	0	0	0	1	0	4	3	1	3	2	2	2	0	1	0	1	2	0	2	1	1	1	2	1	1	1	1	2
OTU308	0	0	0	0	0	0	0	0	0	0	0	0	0	0	0	6	6	4	0	0	0	3	0	3	0	1	0	2	2	1	3	4	3	5	7	4	2	3	2	0	0	0	0	0	0	0	0	0	0	0	0	0	0	0	0	0	0	0	0	0	0	0	0	0	0
OTU3143	1	0	1	0	0	0	0	0	0	1	0	0	0	1	0	0	0	0	0	0	0	0	0	0	0	0	0	0	0	0	0	0	0	0	0	0	0	0	0	0	0	0	0	0	0	0	0	0	0	0	0	0	0	4	5	5	4	4	3	4	5	5	6	5	6
OTU554	1	2	2	2	2	3	2	2	4	1	1	2	6	2	4	0	0	0	0	0	0	0	0	0	0	0	0	0	0	0	0	0	0	0	0	0	0	0	0	0	2	2	3	0	3	0	1	1	0	1	2	1	3	1	0	1	0	0	0	0	1	0	1	1	0
OTU2477	2	1	1	0	1	2	1	1	2	1	1	3	2	1	3	1	0	0	0	0	0	1	1	0	0	0	0	0	0	0	0	0	0	0	0	0	0	0	0	0	1	1	0	0	1	0	2	1	2	2	2	3	2	1	2	1	1	1	1	1	2	3	1	2	2
OTU462	1	2	2	1	2	2	2	2	2	1	2	2	3	2	1	1	0	1	0	0	0	0	1	1	0	0	0	0	0	0	0	0	0	0	0	0	0	0	0	1	3	0	2	2	2	3	3	0	1	0	1	1	0	1	1	1	1	1	1	0	1	0	1	1	1
OTU1037	0	0	0	0	1	1	0	1	1	1	0	1	2	3	2	2	2	2	1	2	1	0	2	2	1	1	1	1	2	3	2	4	2	1	2	2	1	1	1	0	0	0	0	0	1	1	0	0	1	1	0	0	1	0	0	0	0	0	1	1	0	0	0	0	1
OTU402	0	0	0	0	0	0	1	1	0	0	0	0	0	0	0	2	2	1	2	3	2	8	6	3	0	1	1	4	2	3	1	1	1	0	1	1	1	1	1	1	1	1	0	0	0	0	0	0	1	0	2	2	2	0	0	0	0	0	0	0	0	0	0	0	0
OTU346	2	3	2	4	3	2	3	2	1	2	2	2	2	5	4	0	0	0	0	0	0	0	1	0	0	0	0	0	0	0	0	0	0	0	0	0	0	0	0	0	0	0	1	0	0	2	0	0	0	0	1	0	0	1	0	2	1	1	1	2	1	2	1	1	2
OTU3726	0	0	0	0	0	0	0	0	0	0	0	0	0	0	0	0	0	0	0	0	0	0	0	0	0	0	0	0	0	0	0	0	0	0	0	0	0	0	0	0	0	0	0	0	0	0	0	0	0	0	0	0	0	7	5	5	5	7	5	2	3	6	6	5	3
OTU590	1	1	1	1	1	1	1	1	1	1	1	1	2	1	1	1	0	0	0	0	0	1	2	0	0	0	1	0	1	1	0	0	0	0	0	0	0	0	0	1	1	1	1	2	1	0	0	0	0	1	1	1	0	3	2	2	2	2	3	2	2	2	2	2	2
OTU597	1	1	2	1	1	1	0	2	1	1	1	1	1	0	1	0	1	0	0	0	0	1	0	0	0	0	0	0	1	0	0	1	0	0	0	0	0	0	0	0	0	0	0	1	1	1	3	1	0	2	1	0	2	3	3	2	2	2	2	1	3	3	2	2	3
OTU2566	1	2	1	2	1	3	3	1	2	0	2	2	3	3	3	0	0	0	0	0	0	0	1	2	0	0	0	0	0	0	0	0	0	0	0	0	0	0	0	0	0	1	3	1	1	1	2	2	1	2	1	1	0	1	1	1	1	1	1	1	0	1	1	1	1
OTU778	1	0	1	2	2	1	2	1	2	2	1	1	1	0	1	0	0	1	1	1	2	1	1	1	0	0	0	1	0	0	0	2	1	0	0	0	0	1	0	1	1	2	0	3	3	1	1	1	0	1	1	0	1	1	0	1	1	2	1	1	1	1	1	1	1
OTU580	0	1	0	0	0	0	0	0	1	0	0	0	1	0	1	4	2	4	2	3	1	2	3	5	2	1	1	1	2	2	5	3	2	2	2	2	1	1	1	0	0	0	0	0	0	0	0	0	0	0	0	0	0	0	0	0	0	0	0	0	0	0	0	0	1
OTU2615	1	1	1	2	1	1	1	0	2	1	2	2	1	0	1	1	2	2	1	1	0	3	4	4	1	1	1	2	2	2	1	2	1	0	0	1	1	1	1	0	0	0	0	0	1	0	0	0	1	1	2	1	1	0	0	0	0	0	0	0	0	0	0	0	0
OTU1513	1	1	2	0	1	1	1	2	2	0	0	1	1	1	2	0	0	0	0	0	0	0	1	1	0	0	0	0	0	0	0	0	0	0	0	1	0	0	0	0	0	1	0	1	1	0	0	0	0	0	1	0	0	3	3	3	3	2	2	3	3	3	3	3	4
OTU362	3	1	1	1	3	2	3	0	4	6	3	5	2	3	1	0	0	0	0	0	0	0	0	0	0	0	0	0	0	0	0	0	0	0	0	0	0	0	0	0	0	0	0	0	0	0	0	0	0	0	0	0	0	2	2	1	1	2	2	2	2	2	1	2	1
OTU391	1	2	1	1	1	1	2	2	2	2	2	3	1	1	2	0	0	0	0	0	0	0	0	0	0	0	0	0	0	0	0	0	0	0	0	0	0	0	0	0	1	0	1	1	1	1	1	0	0	0	1	0	1	2	2	2	2	2	2	1	3	2	2	3	3
OTU1256	0	1	0	1	1	2	1	1	1	0	1	1	1	2	2	1	1	1	1	0	0	0	1	2	0	0	0	3	2	2	2	2	1	0	2	1	1	0	1	0	0	0	0	0	0	0	0	0	0	0	0	0	0	2	1	2	1	2	2	2	1	2	1	2	1
OTU621	0	2	2	1	1	2	1	1	1	1	1	1	1	0	1	2	1	0	0	1	0	2	0	2	1	0	0	0	1	1	0	0	0	0	1	1	0	0	0	0	1	2	2	1	1	1	1	0	0	2	1	1	3	1	0	1	2	1	1	0	2	1	1	2	1
OTU2560	0	0	0	0	0	0	0	0	0	0	0	0	0	0	0	3	3	3	0	0	1	0	0	0	0	0	0	0	0	0	0	0	0	0	0	0	0	0	0	3	14	17	0	0	0	0	0	1	0	0	3	5	5	0	0	0	0	0	0	0	0	0	0	0	0
OTU1408	0	0	0	0	0	0	0	0	0	0	0	0	0	0	0	0	0	0	0	0	0	0	0	0	0	0	0	0	0	0	0	0	0	0	0	0	0	0	0	0	0	0	0	0	0	0	0	0	0	0	0	0	0	7	4	7	4	3	5	3	7	4	5	3	5
OTU369	1	2	2	1	1	3	3	5	3	2	2	4	3	3	4	1	1	0	0	0	0	1	0	1	0	0	0	0	0	0	0	0	0	0	0	0	0	0	0	0	0	1	1	2	1	1	0	1	1	0	1	1	0	1	1	0	0	0	0	0	1	1	0	0	0
OTU357	10	5	4	2	2	1	2	0	1	2	1	1	0	0	1	0	0	0	1	0	0	1	0	0	2	2	2	1	1	2	0	1	1	1	0	0	1	1	0	0	0	0	0	0	0	0	0	0	0	0	0	0	0	1	0	0	1	1	1	0	1	1	0	0	1
OTU660	1	2	2	1	2	0	1	3	2	1	2	3	2	0	3	1	0	0	0	1	0	1	1	1	0	0	0	0	0	0	0	0	0	0	0	0	0	0	0	0	0	0	2	0	0	0	2	0	0	1	0	0	0	2	1	1	1	1	3	2	2	3	2	2	1
OTU395	0	1	2	2	1	1	1	1	1	0	1	1	3	0	2	1	0	0	0	1	1	1	1	0	1	1	0	1	1	0	0	0	0	1	0	1	1	0	0	0	0	2	0	1	0	0	1	1	1	1	0	1	2	1	1	2	1	1	3	1	1	1	1	2	2
OTU349	1	1	2	1	1	1	3	2	2	2	1	2	1	2	1	0	1	0	1	0	0	1	1	1	0	0	1	0	1	1	1	0	1	0	1	0	0	0	0	0	0	0	2	0	1	3	2	0	1	0	0	1	0	1	1	1	1	1	1	1	2	0	1	1	1
OTU574	0	2	2	1	1	2	0	3	1	0	1	2	2	1	2	1	0	0	0	1	0	0	1	1	0	1	0	0	1	1	2	0	0	0	0	1	0	0	0	0	1	0	1	1	1	1	2	0	0	2	1	2	2	1	1	1	1	1	1	1	1	1	1	1	1
OTU428	1	1	1	0	1	2	1	1	1	1	2	1	1	1	1	0	2	1	0	0	0	3	2	1	0	0	0	1	1	1	0	0	0	0	1	0	1	0	0	2	1	1	1	2	1	2	2	1	3	2	1	1	2	0	0	0	0	0	0	1	1	0	0	1	1
OTU2256	0	1	0	0	0	0	0	0	1	0	0	0	1	1	1	3	4	2	1	2	2	2	3	2	1	0	1	1	1	0	2	2	1	1	1	1	2	0	0	0	0	1	4	1	0	1	1	2	2	1	1	0	2	0	0	0	0	0	0	0	0	0	0	0	0
OTU378	1	1	1	0	0	1	1	1	1	1	2	2	1	1	0	1	0	1	1	1	2	2	2	1	0	0	0	0	1	1	0	0	0	0	1	1	0	0	0	0	2	0	5	3	3	1	2	1	0	2	0	3	3	0	1	0	0	0	0	0	0	0	0	0	1
OTU4418	0	0	0	0	0	0	0	0	0	0	0	0	0	0	0	3	3	5	1	1	1	1	0	1	0	1	0	1	1	0	0	2	1	1	0	0	0	0	0	4	3	4	0	1	1	5	1	0	0	0	4	4	1	0	0	1	1	0	1	0	0	1	0	0	1
OTU472	2	1	1	0	0	0	4	1	2	1	1	2	4	8	2	0	0	0	0	0	0	0	0	0	1	0	0	0	0	1	1	1	1	0	0	0	0	0	1	0	0	0	0	0	0	0	0	0	0	0	0	0	0	1	1	2	1	2	2	3	2	2	1	2	1
OTU807	2	1	1	1	2	2	2	0	1	1	0	2	1	1	2	0	0	0	0	0	0	0	0	1	0	0	0	0	0	0	0	0	0	0	0	0	0	0	0	0	0	2	0	0	0	0	1	0	0	0	0	1	0	2	2	5	2	1	2	4	2	2	2	3	4
OTU306	1	1	1	3	5	5	3	3	2	2	0	3	0	0	0	1	0	0	0	0	0	0	1	0	0	0	0	1	1	1	1	0	0	0	0	0	0	0	0	0	0	0	0	0	0	0	0	0	0	0	0	0	0	2	2	2	1	1	1	2	3	2	1	1	2
OTU3361	1	1	1	0	1	1	1	1	1	1	1	1	1	1	2	0	0	0	0	0	0	0	0	0	0	0	0	0	1	1	1	0	0	0	0	0	0	0	0	0	1	0	0	1	0	0	0	0	0	0	1	0	0	3	3	3	3	4	3	1	2	3	2	3	4
OTU463	2	2	3	1	3	6	3	3	2	3	2	2	1	1	2	0	0	0	0	0	0	0	2	1	0	0	0	0	0	0	0	0	0	0	0	0	0	0	0	1	1	0	0	0	0	1	1	1	1	1	1	1	0	0	1	0	1	1	1	0	1	0	1	0	1
OTU323	1	1	1	1	1	1	0	0	0	1	1	1	0	0	0	1	1	1	1	0	0	1	1	2	2	2	1	1	1	2	2	0	1	2	2	3	0	1	1	0	1	0	0	0	0	2	1	3	0	1	0	1	1	0	0	2	0	0	0	0	1	1	1	1	1
OTU592	0	1	1	0	0	0	0	1	1	0	0	1	3	1	2	0	0	0	0	0	0	0	0	0	0	0	0	0	0	0	0	0	0	0	0	0	0	0	0	1	2	1	3	0	5	2	7	3	1	3	2	3	4	1	1	0	1	0	0	0	1	1	1	1	0
OTU434	0	0	0	0	0	0	0	0	0	0	0	0	0	0	0	0	0	0	0	0	0	0	0	0	0	0	0	0	0	0	0	0	1	0	0	0	1	0	0	0	0	0	0	0	0	0	25	22	1	3	0	1	0	0	0	0	0	0	0	1	0	0	0	0	0
OTU1887	0	0	0	0	0	0	0	0	0	0	0	0	0	0	0	3	2	1	0	0	0	0	0	0	0	0	0	1	1	2	2	1	1	1	0	0	1	0	0	4	2	3	2	1	2	0	2	3	2	0	3	9	6	0	0	0	0	0	0	0	0	0	0	0	0
OTU1444	0	0	0	0	0	0	0	0	0	0	0	0	0	0	0	2	4	3	0	1	2	12	9	8	0	0	0	0	0	0	0	0	0	0	0	0	0	0	0	0	0	0	1	1	0	3	3	0	0	0	2	1	1	0	0	1	0	0	0	1	0	0	0	0	0
OTU644	0	0	0	0	0	0	0	0	0	0	0	0	0	0	0	0	0	0	0	0	0	0	0	0	0	0	0	0	0	0	0	0	0	0	0	0	0	0	0	0	0	0	0	0	0	0	0	0	0	0	0	0	0	4	3	4	7	3	5	3	4	7	6	4	4
OTU4802	0	1	0	1	0	1	1	1	0	1	0	1	1	1	2	0	0	0	1	0	0	1	0	1	1	0	1	1	2	0	0	1	0	1	2	4	2	1	1	0	0	0	0	0	0	0	0	0	0	0	0	0	0	2	3	2	1	2	3	2	2	2	2	1	1
OTU791	0	0	1	0	0	0	0	0	0	0	0	0	1	0	0	1	3	2	3	5	1	0	4	3	2	1	2	1	1	1	1	2	1	2	6	3	2	1	1	0	0	0	0	0	0	0	0	0	0	0	0	0	0	0	0	0	1	0	0	0	0	1	1	0	0
OTU1350	1	1	1	0	1	1	1	0	1	1	0	1	1	1	2	0	1	1	3	3	3	1	1	0	0	0	0	1	2	3	4	2	1	1	1	1	1	1	0	0	1	0	1	0	0	0	0	1	0	1	0	0	0	1	1	1	1	0	0	0	0	0	1	0	1
OTU1443	1	1	2	1	2	2	1	2	2	1	1	3	5	1	1	0	0	0	0	0	0	0	0	0	0	0	0	0	0	0	0	0	0	0	0	0	0	0	0	1	2	1	4	0	2	2	3	1	0	2	2	1	2	1	0	0	0	0	0	1	0	0	1	1	1
OTU453	0	0	1	0	0	1	2	0	0	0	0	0	0	1	1	1	2	1	4	1	4	1	2	1	2	1	2	0	1	1	2	0	1	1	1	1	1	0	0	0	0	0	2	2	0	2	3	3	2	3	0	0	0	0	0	0	0	0	0	0	0	0	0	0	0
OTU785	0	0	0	0	0	0	0	0	0	0	0	0	0	0	0	1	0	0	0	0	1	0	0	0	0	0	0	1	2	0	1	0	0	0	1	2	0	0	0	0	1	0	0	1	0	1	0	0	0	0	1	0	0	4	3	4	3	3	3	5	3	3	3	3	3
OTU2870	1	1	1	1	1	1	1	2	3	1	1	2	3	1	1	0	0	0	0	0	0	0	1	1	1	0	0	1	0	1	0	0	0	0	0	0	0	0	0	0	1	2	0	0	1	0	0	0	2	2	1	1	1	2	2	1	1	0	2	1	1	1	1	2	2
OTU460	1	1	1	1	1	1	1	1	2	2	2	3	2	2	5	1	1	0	0	0	0	0	1	2	0	0	0	0	0	0	0	0	0	0	0	0	0	0	0	0	0	0	0	0	0	1	0	0	0	0	1	0	1	2	1	2	2	2	2	2	1	1	1	1	2
OTU383	1	1	2	0	1	2	2	3	2	3	4	2	2	2	3	0	1	0	0	0	1	0	3	0	0	0	0	0	0	0	0	0	0	0	0	0	0	0	0	0	1	2	0	2	0	1	1	1	0	1	0	1	1	1	0	0	1	1	1	0	1	1	1	0	0
OTU320	1	2	2	2	1	1	2	1	1	2	1	3	1	4	1	0	1	0	0	0	0	3	2	0	0	0	0	0	0	0	0	0	0	0	0	0	0	0	0	0	2	3	1	2	2	3	0	1	1	1	1	1	1	0	1	0	0	1	0	0	1	0	0	0	0
OTU485	1	1	0	1	0	1	0	1	0	0	1	1	1	0	3	1	1	1	1	3	2	2	1	1	1	0	0	1	3	1	2	1	0	1	1	1	0	0	0	0	1	0	0	2	0	1	0	1	0	0	1	1	1	1	1	0	1	1	0	1	0	1	0	1	2
OTU427	0	0	0	0	0	0	0	0	0	0	0	0	0	0	0	7	8	4	2	2	1	0	1	2	1	0	1	1	0	2	2	2	1	1	5	4	3	1	2	0	0	0	0	0	0	0	0	0	0	0	0	0	0	0	0	0	0	0	0	0	0	0	0	0	0
OTU1141	0	0	0	1	1	0	0	1	1	0	1	1	1	0	0	1	1	1	0	0	0	2	4	3	0	0	0	1	0	0	0	1	0	0	0	1	1	0	0	0	2	3	1	2	3	1	3	3	1	2	2	2	2	1	1	0	0	0	0	1	0	0	0	0	0
OTU332	0	0	0	0	0	0	0	0	0	0	0	0	0	0	0	1	0	2	0	1	1	3	1	3	2	4	2	2	3	2	10	5	8	0	1	1	0	0	1	0	0	0	0	0	0	0	0	0	0	0	0	0	0	0	0	0	0	0	0	0	0	0	0	0	0
OTU2586	0	0	0	0	0	0	0	0	0	0	0	0	0	0	0	0	2	2	1	0	0	4	1	2	3	3	2	4	4	3	0	1	1	2	2	0	0	3	1	2	1	1	0	0	0	1	1	0	1	0	3	1	1	0	0	0	0	0	0	0	0	0	0	0	0
OTU3279	0	0	0	0	0	0	0	0	1	0	0	0	0	0	0	0	0	0	0	0	0	0	0	0	0	0	0	0	0	0	0	0	0	0	0	0	0	0	0	0	0	0	0	0	0	0	0	0	0	0	0	0	0	4	4	6	4	4	5	3	4	4	4	4	5
OTU1582	1	1	2	2	1	2	2	2	1	3	1	2	2	2	4	1	0	1	0	0	0	0	0	0	0	0	0	0	1	1	0	0	0	0	0	0	0	0	0	0	0	1	1	1	1	0	0	0	0	0	0	0	0	2	2	1	1	1	2	0	1	2	1	2	1
OTU367	2	2	2	1	0	1	0	1	1	1	1	1	1	1	1	2	1	1	0	1	0	1	2	1	1	0	1	1	1	0	0	0	0	0	1	1	1	0	0	0	0	0	2	0	0	1	0	0	0	1	0	1	0	2	1	1	1	1	2	0	0	1	2	2	2
OTU359	1	2	1	1	3	2	0	1	2	1	1	2	3	1	3	0	0	0	0	0	0	0	0	0	0	0	0	0	0	0	0	0	0	0	0	0	0	0	0	0	1	4	0	0	1	0	2	2	1	2	0	3	2	2	1	1	2	0	1	0	1	0	0	1	1
OTU350	2	1	2	0	0	0	3	2	2	0	2	1	0	0	1	0	0	0	0	0	1	0	1	0	1	1	0	1	1	0	1	1	3	3	5	3	1	1	1	0	0	0	0	1	0	1	0	0	1	0	0	0	0	1	1	1	1	1	1	0	0	1	0	0	1
OTU527	2	1	1	0	1	2	1	2	2	1	1	2	1	1	2	0	0	0	0	0	0	0	0	0	0	0	0	0	0	0	0	0	0	0	0	0	0	0	0	0	0	1	1	3	1	1	1	0	0	2	0	1	0	2	1	1	2	2	2	2	2	2	2	2	1
OTU333	1	1	1	1	2	3	2	1	1	2	2	1	3	1	1	0	0	0	0	0	0	0	0	0	0	0	0	0	0	0	0	0	0	0	0	0	0	0	0	0	2	2	2	3	2	0	3	3	1	3	0	2	2	0	0	0	0	1	0	1	1	0	0	1	0
OTU363	0	0	0	0	0	0	0	0	0	0	0	0	0	0	0	1	1	1	7	9	10	0	1	1	1	2	1	3	3	3	1	1	2	1	1	1	1	0	0	0	0	0	0	0	0	0	0	0	0	0	0	0	0	0	0	0	0	0	0	0	0	0	0	0	0
OTU2658	0	0	0	0	1	0	0	1	0	0	1	1	0	0	0	2	0	2	1	2	1	0	0	1	1	0	0	1	1	1	1	0	0	1	1	1	1	0	0	1	2	2	1	1	0	1	0	1	1	1	2	4	3	1	1	1	1	1	1	0	1	1	0	1	1
OTU2552	1	1	1	2	1	2	1	1	3	2	3	2	2	2	2	0	0	1	0	0	0	1	1	1	1	1	0	1	3	2	0	0	0	1	0	0	0	0	0	1	1	0	2	2	1	0	0	1	1	1	1	0	1	0	0	0	0	0	0	0	0	0	0	0	0
OTU340	0	0	0	0	0	0	1	0	0	0	0	1	1	0	0	3	4	3	5	6	5	2	2	3	0	0	1	1	2	1	2	1	1	0	1	1	1	0	0	0	0	0	0	0	0	0	0	0	0	1	0	0	1	0	0	0	1	0	0	0	0	0	0	0	0
OTU699	1	0	1	0	1	2	2	1	1	3	2	3	1	1	2	0	0	0	0	0	1	0	0	1	0	0	0	0	0	0	0	0	0	0	0	0	0	0	0	0	0	0	0	0	0	0	0	0	0	0	0	0	0	2	3	2	2	2	3	3	2	1	2	2	3
OTU422	0	1	1	1	1	1	1	2	1	2	1	2	1	2	1	0	0	0	0	0	0	0	0	0	0	0	0	0	0	0	0	0	0	0	0	0	0	0	0	0	1	1	1	1	0	1	3	0	0	0	0	1	1	2	2	2	2	1	1	1	2	2	2	2	3
OTU591	0	1	1	1	1	1	1	2	2	1	1	2	4	2	3	0	0	0	0	0	0	0	0	0	0	0	0	0	0	0	0	0	0	0	0	0	0	0	0	0	1	2	0	3	0	0	2	0	0	3	1	2	2	2	1	1	1	1	1	0	1	1	1	0	1
OTU1158	0	0	0	0	0	0	2	1	2	1	2	2	0	0	0	2	2	1	0	1	0	1	2	1	0	1	0	1	1	1	1	0	1	1	1	0	2	1	1	0	0	0	1	0	0	0	0	0	0	0	0	0	0	0	1	2	3	1	1	2	2	1	1	1	2
OTU486	0	0	0	0	0	0	0	0	0	0	0	0	0	0	0	1	3	2	5	5	4	0	1	1	3	1	3	1	4	2	2	2	2	1	2	2	1	1	1	0	0	0	0	0	0	0	0	0	0	0	0	0	0	0	0	0	0	0	0	0	0	0	0	0	0
OTU403	0	1	1	0	0	0	0	2	1	2	3	2	0	1	1	0	0	0	0	0	0	0	0	0	0	0	0	0	1	1	0	0	0	0	0	0	0	0	0	1	2	2	2	2	2	5	3	3	3	0	1	1	1	1	0	0	0	0	0	0	1	1	1	1	1
OTU2030	1	2	1	0	2	2	0	2	3	2	2	2	2	2	1	0	0	0	0	0	0	0	1	0	0	0	0	0	0	0	0	0	0	0	0	0	0	0	0	0	1	1	2	1	1	2	1	0	0	0	0	0	1	1	1	0	2	1	1	2	1	1	1	2	1
OTU531	0	1	2	1	1	1	0	1	1	1	1	1	2	1	2	0	0	1	0	0	0	0	1	1	0	0	0	0	0	0	0	0	0	0	0	0	0	0	0	0	1	2	3	0	1	0	1	0	2	1	0	1	3	1	2	2	1	1	1	1	1	2	1	1	1
OTU439	0	1	1	1	1	1	2	1	2	2	2	2	1	1	0	0	0	0	0	0	0	1	0	1	0	0	0	0	0	0	0	0	0	0	0	0	0	0	0	0	1	1	2	3	2	3	1	2	1	0	0	1	0	1	0	1	1	1	1	2	0	2	1	1	1
OTU530	1	1	1	1	1	1	2	0	1	4	2	3	3	2	1	0	0	0	0	0	0	0	0	0	0	0	0	0	0	0	0	0	0	0	0	0	0	0	0	1	0	1	0	0	1	0	4	1	1	0	1	1	3	0	1	1	1	1	1	1	1	2	1	0	1
OTU2096	1	0	1	1	0	1	3	2	1	3	1	2	1	1	1	1	0	0	0	0	1	0	1	2	0	0	0	0	0	0	0	0	0	0	0	0	0	0	0	0	1	2	1	3	1	0	0	1	0	1	0	0	4	1	0	1	2	1	1	1	1	2	0	0	1
OTU401	0	1	0	0	0	1	1	1	0	0	1	0	1	0	1	2	1	2	2	3	2	3	1	1	1	1	1	2	0	1	2	1	1	1	2	2	2	1	1	0	0	0	0	0	0	0	0	0	0	0	0	0	0	0	1	0	1	0	1	0	1	1	1	0	0
OTU387	2	2	2	1	1	1	2	2	2	0	1	1	1	1	0	2	1	0	0	0	0	2	2	2	1	1	1	2	1	2	1	0	1	0	1	1	1	0	1	0	0	0	1	1	0	1	0	0	1	1	0	0	0	0	1	0	0	0	0	0	0	0	0	1	0
OTU895	0	0	0	0	0	0	0	0	0	0	0	0	0	0	0	1	2	1	0	2	2	1	1	1	2	1	1	1	3	1	3	2	1	3	2	2	2	1	1	0	2	0	0	0	1	1	2	0	0	1	1	1	3	0	0	0	0	0	0	0	0	0	0	0	0
OTU739	1	0	1	0	0	2	2	2	1	1	2	1	2	2	3	0	0	0	0	0	0	0	1	0	0	0	0	0	1	0	0	0	0	0	1	1	0	0	0	0	0	0	0	0	0	0	0	0	0	0	0	0	0	2	3	2	1	2	2	3	3	1	1	2	2
OTU2384	1	1	1	0	1	1	0	0	0	0	1	2	1	1	0	0	0	0	0	0	0	0	0	0	0	0	0	0	0	0	0	0	0	0	0	0	0	0	0	0	0	0	1	1	0	0	1	0	0	0	1	1	2	3	3	2	2	1	3	2	3	2	2	4	4
OTU476	0	1	0	1	1	1	1	1	2	1	0	2	2	1	1	1	0	0	0	0	0	1	1	1	0	1	0	0	2	1	1	1	0	0	0	0	0	0	0	0	1	0	0	0	0	1	1	0	1	1	0	1	0	1	2	1	1	1	2	2	2	1	1	1	2
OTU1445	3	1	2	2	1	2	1	3	2	2	2	1	2	1	4	0	0	0	0	0	0	0	1	0	0	0	0	0	0	0	0	0	0	0	0	0	0	0	0	0	1	1	0	0	1	0	0	0	0	0	0	1	0	1	1	1	2	1	1	2	1	0	0	2	2
OTU1556	1	1	1	1	1	1	1	1	0	1	1	2	1	2	1	1	0	1	0	0	0	0	0	2	0	0	0	0	1	1	0	0	0	0	0	0	0	0	0	0	1	1	0	0	1	0	0	0	1	2	0	0	1	1	2	2	1	2	2	1	1	2	2	2	1
OTU667	1	1	2	0	1	1	1	3	1	2	1	2	2	1	3	1	0	1	0	0	1	1	1	1	0	0	0	1	0	0	0	0	0	0	1	1	0	0	0	0	3	1	1	1	1	2	0	1	1	1	0	1	1	0	0	0	1	0	1	0	0	1	0	0	0
OTU424	0	0	0	0	0	0	0	0	0	0	0	0	0	0	0	0	0	0	2	1	3	0	0	0	0	0	0	0	1	1	3	4	3	3	3	7	0	0	0	0	1	0	0	0	0	2	1	0	0	1	0	0	0	1	1	0	1	1	1	2	0	1	1	2	1
OTU1692	2	1	1	0	0	0	1	1	1	2	2	3	1	1	1	2	1	2	0	0	0	0	0	1	0	0	0	0	1	1	1	2	1	1	1	0	0	0	0	1	4	1	0	1	1	1	3	0	1	1	1	1	1	0	0	0	0	0	0	0	0	0	0	0	0
OTU763	1	2	1	1	1	1	1	3	1	1	1	2	2	1	3	0	0	0	0	0	0	0	0	0	0	0	0	0	0	0	0	0	0	0	0	0	0	0	0	1	2	1	1	3	1	1	2	2	3	2	1	2	2	0	0	0	0	1	0	0	0	0	0	1	0
OTU2251	1	1	2	0	1	1	0	2	1	1	1	1	2	2	2	0	0	0	0	0	0	0	0	0	0	0	0	0	0	0	0	0	0	0	0	0	0	0	0	0	0	0	0	1	0	0	1	0	0	0	1	0	1	2	3	3	2	1	1	1	2	3	2	3	2
OTU353	4	2	1	1	2	1	2	1	1	1	1	1	2	2	3	0	0	0	0	0	0	0	1	1	0	0	0	0	0	1	0	0	0	0	0	0	0	0	0	0	0	0	1	0	0	1	2	1	1	1	1	1	0	1	1	1	1	1	1	0	1	0	1	1	1
OTU3107	0	0	0	1	0	1	0	0	0	0	1	0	1	1	1	0	1	0	0	1	0	0	0	0	0	0	0	0	0	0	1	1	0	0	0	0	0	0	0	2	1	0	0	0	0	2	1	1	1	0	1	0	0	1	3	3	3	2	2	2	3	3	2	2	2
OTU588	5	2	3	0	1	1	0	0	0	3	1	2	0	0	0	0	0	0	0	0	0	0	0	0	1	1	1	0	0	0	0	1	0	0	0	0	1	2	2	2	3	0	0	0	1	0	0	1	0	0	6	3	4	0	0	0	0	0	0	0	0	0	0	0	0
OTU376	1	2	2	1	2	1	1	2	1	1	2	1	2	1	3	0	0	0	0	0	0	0	0	0	0	0	0	0	0	0	0	0	0	0	0	0	0	0	0	1	0	0	0	2	1	1	2	2	1	1	1	1	1	0	1	1	0	1	1	1	1	1	1	1	1
OTU415	1	1	1	1	2	1	2	2	2	2	2	2	2	2	3	0	0	0	0	0	0	0	0	0	0	0	0	0	0	0	0	0	0	0	0	0	0	0	0	0	1	1	0	2	2	1	0	2	1	1	2	0	2	1	0	0	1	0	0	1	1	1	0	0	1
OTU1089	1	1	1	1	0	0	2	1	1	1	0	2	1	1	1	2	1	1	2	1	0	3	3	2	1	2	0	0	1	1	1	1	1	0	1	0	1	0	0	0	0	1	0	0	0	0	0	1	0	0	0	0	1	1	0	0	0	0	0	0	0	1	1	1	1
OTU589	1	0	2	0	0	0	0	0	0	1	0	1	0	0	0	0	0	0	3	2	5	0	0	1	1	0	1	1	1	1	4	3	4	2	1	1	0	0	2	0	0	0	0	0	0	0	0	0	0	0	0	0	0	0	0	1	1	1	1	0	1	1	1	1	1
OTU556	0	0	0	0	0	0	0	0	0	0	0	0	0	0	0	1	1	0	2	2	1	1	1	1	0	1	0	1	1	2	0	1	1	1	1	1	0	1	2	0	0	0	0	1	1	3	1	0	3	1	1	0	0	1	0	1	2	1	1	2	1	1	1	1	1
OTU3406	1	0	0	0	1	0	1	0	0	2	2	0	0	0	0	1	0	0	0	0	0	0	0	0	1	1	2	1	1	1	1	1	1	2	1	1	1	1	1	3	1	1	1	1	4	1	1	0	2	1	4	1	1	0	0	0	0	0	0	0	0	0	0	0	0
OTU1914	0	0	0	0	0	0	0	0	0	0	0	0	0	0	1	0	0	0	0	0	0	0	0	0	0	0	0	0	0	0	0	0	0	0	0	0	0	0	0	0	0	0	0	0	0	0	0	0	0	0	0	0	0	5	4	4	3	3	3	3	4	4	3	5	4
OTU610	2	0	1	0	0	1	0	0	0	1	1	1	1	2	2	0	0	0	0	0	0	0	0	0	0	0	0	0	0	0	0	0	0	0	0	0	0	0	0	0	0	0	0	0	0	0	0	0	0	0	0	0	0	4	5	2	2	2	2	3	3	2	3	3	3
OTU4809	0	0	0	0	0	0	0	0	0	1	1	0	0	0	1	0	1	0	0	0	1	0	0	0	0	0	0	1	1	0	0	0	0	0	0	0	0	0	0	2	0	0	2	0	1	1	0	0	0	0	6	2	4	2	3	2	1	2	2	1	1	2	2	2	1
OTU533	0	0	1	0	0	0	0	1	0	0	0	0	0	0	0	6	4	6	1	0	1	1	0	1	1	1	0	1	1	1	0	0	1	1	1	1	0	0	0	0	1	1	0	1	0	0	0	1	0	0	0	0	0	0	1	2	1	2	1	0	0	1	1	1	1
OTU630	0	0	0	1	1	1	1	1	0	1	1	1	1	1	2	1	2	0	0	1	1	1	2	1	1	2	0	0	1	1	1	0	0	0	2	1	0	1	0	0	0	0	0	0	0	0	1	0	0	1	0	0	1	1	2	1	1	1	1	1	0	1	1	1	1
OTU3395	0	0	0	0	0	0	0	0	0	0	0	0	0	0	0	1	0	1	2	1	2	3	1	1	5	4	4	1	2	1	2	1	3	0	1	0	1	1	1	0	0	0	0	0	0	0	0	0	0	0	0	0	0	1	2	1	0	1	0	0	0	1	1	0	0
OTU503	1	1	1	2	1	1	1	0	2	1	1	2	3	1	1	0	0	0	0	0	0	0	0	0	0	0	0	0	0	0	0	0	0	0	0	0	0	0	0	1	1	2	0	3	1	4	2	1	3	2	1	1	2	0	1	1	0	0	0	1	0	0	0	0	0
OTU3995	0	0	0	0	0	0	0	0	0	0	0	0	0	0	0	0	0	0	0	0	0	0	0	0	0	0	0	0	0	0	0	0	0	0	0	0	0	0	0	0	0	0	0	0	0	0	0	1	0	0	0	1	0	4	4	5	4	4	3	3	3	3	3	3	4
OTU2501	1	2	1	3	1	1	1	1	0	0	1	1	1	1	1	0	0	0	0	0	0	0	0	0	0	0	0	0	0	0	0	0	0	0	0	0	0	0	0	0	1	0	1	0	2	0	0	0	0	0	1	0	0	2	3	2	3	1	2	2	1	3	2	1	2
OTU446	1	1	0	1	1	2	1	1	1	2	1	2	3	1	1	0	0	0	0	0	1	1	0	2	0	0	0	0	0	1	0	0	0	0	0	0	0	0	0	0	0	1	1	0	0	0	1	0	0	0	0	0	1	1	1	2	2	1	1	1	1	1	2	2	2
OTU551	0	1	1	1	1	1	1	1	1	3	2	1	3	2	3	1	0	0	0	0	0	0	1	0	0	0	0	0	0	0	0	0	0	0	0	0	0	0	0	0	0	2	1	1	0	0	0	0	0	1	0	0	1	2	1	2	1	1	1	0	1	1	2	1	2
OTU548	3	1	2	1	2	2	2	1	1	5	3	4	3	1	2	0	0	0	0	0	0	0	0	0	0	0	0	0	0	0	0	0	0	0	0	0	0	0	0	0	1	0	0	1	0	2	0	0	1	0	0	1	0	1	0	1	0	0	0	1	1	1	0	1	0
OTU3245	0	0	0	0	0	0	0	0	0	0	0	0	0	0	0	0	0	0	0	0	0	0	0	0	0	0	0	0	0	0	0	0	0	0	0	0	0	0	0	0	0	0	0	0	0	0	0	0	0	0	0	0	0	3	3	2	4	3	5	3	3	4	6	4	4
OTU579	0	2	1	1	2	2	2	4	2	0	2	2	2	1	2	0	0	0	1	2	1	1	0	1	0	0	0	0	0	0	0	0	0	0	0	0	0	0	0	0	0	1	0	2	0	0	0	0	1	2	0	0	1	0	1	0	1	0	1	0	0	1	1	0	1
OTU2095	1	1	1	2	1	1	3	1	1	3	2	1	1	3	3	0	0	0	0	0	0	0	0	0	0	0	0	0	0	0	0	0	0	0	0	0	0	0	0	0	0	0	1	1	0	1	0	0	0	0	0	0	1	2	2	1	1	2	1	1	1	1	1	1	1
OTU495	0	0	0	0	0	0	0	0	0	0	0	0	0	0	0	0	0	0	0	0	0	0	0	0	0	1	0	0	0	0	1	1	1	7	10	10	0	0	0	0	0	0	0	0	0	0	0	0	0	0	0	0	0	1	2	1	1	0	2	1	0	0	2	2	1
OTU330	0	1	1	0	1	1	0	2	2	2	4	3	3	0	3	0	0	0	0	0	0	0	0	0	0	0	0	0	0	0	0	0	0	0	0	0	0	0	0	1	1	1	3	3	1	3	3	1	1	2	1	0	0	0	0	0	0	0	0	0	0	0	0	0	0
OTU456	1	2	1	1	1	2	2	2	1	0	1	0	0	1	1	0	0	0	0	0	0	0	0	0	0	0	0	0	0	0	0	0	0	0	0	0	0	0	0	0	2	0	2	3	2	4	3	1	2	1	1	2	2	0	0	1	1	1	0	0	0	0	0	0	0
OTU343	0	0	0	0	0	0	0	0	0	0	0	0	0	0	0	2	2	3	6	6	9	2	1	0	0	0	0	0	0	0	5	2	4	0	1	1	0	0	0	0	0	0	0	0	0	0	0	0	0	0	0	0	0	0	0	0	0	0	0	0	0	0	0	0	0
OTU448	0	0	0	0	0	0	0	0	0	0	0	0	0	0	0	5	1	0	2	3	4	6	4	4	0	1	0	2	1	1	0	0	0	2	5	2	1	0	0	0	0	0	0	0	0	0	0	0	0	0	0	0	0	0	0	0	0	0	0	0	0	0	0	0	0
OTU475	4	2	3	2	3	3	2	3	3	1	1	1	1	3	1	0	1	0	0	0	0	2	1	0	0	0	0	0	1	0	0	0	0	0	0	1	1	0	0	0	0	0	0	0	0	0	0	0	0	0	0	0	0	1	0	0	0	0	1	0	0	0	0	1	0
OTU1830	0	0	1	0	0	0	0	1	0	0	0	1	1	0	1	0	0	0	0	0	0	1	0	0	0	0	0	0	0	0	0	0	0	0	0	0	0	0	0	0	2	1	0	0	0	0	0	0	1	0	1	0	1	2	3	3	2	1	2	2	2	2	4	4	4
OTU499	0	0	1	1	0	1	3	3	2	1	1	1	1	3	3	0	0	1	1	0	0	1	1	0	4	1	2	1	1	1	0	0	0	1	1	1	1	0	1	0	0	0	0	0	0	0	0	0	0	0	0	0	0	0	0	0	0	1	0	0	0	0	1	0	1
OTU650	1	1	1	2	0	1	1	1	1	1	1	1	1	1	0	0	0	0	0	0	0	0	0	0	0	0	0	0	0	0	0	0	0	0	0	0	0	0	0	0	0	0	0	1	1	1	1	1	1	0	1	0	2	2	2	2	2	2	1	0	2	1	2	2	2
OTU828	0	0	2	1	0	1	1	1	1	1	2	2	2	2	1	0	0	0	0	0	0	0	0	0	0	0	0	0	0	0	0	0	0	0	0	0	0	0	0	0	0	0	0	1	0	1	1	0	0	2	0	1	2	2	1	1	1	1	1	2	2	1	2	2	2
OTU2607	0	0	0	0	1	1	0	0	0	0	0	0	1	1	0	0	1	1	0	0	1	0	1	1	1	2	1	2	1	1	0	1	1	2	0	1	0	1	1	0	0	0	0	0	0	0	0	0	0	0	0	0	0	1	2	1	2	2	1	1	2	1	2	3	1
OTU1723	0	1	1	0	1	2	0	2	2	1	1	2	2	1	3	0	0	0	0	0	0	0	0	0	0	0	0	0	0	0	0	0	0	0	0	0	0	0	0	1	2	2	0	1	1	0	0	0	0	1	0	1	1	1	2	1	1	1	1	1	1	0	2	2	1
OTU809	0	1	1	0	0	2	1	1	2	1	1	2	2	1	3	1	0	1	1	0	1	0	1	0	0	0	0	0	0	0	0	0	0	0	0	0	0	0	0	1	1	2	0	2	1	1	3	1	1	2	1	1	1	1	0	0	1	0	0	0	0	0	0	0	0
OTU390	0	1	0	0	0	0	0	1	2	0	1	1	0	1	1	2	1	1	1	1	1	1	2	3	1	1	0	2	1	2	1	1	2	1	1	1	1	0	0	0	2	1	0	0	0	0	0	0	1	1	0	1	1	0	0	0	0	0	0	0	0	0	0	0	0
OTU793	0	0	0	0	0	0	0	0	0	0	0	0	0	0	0	3	1	1	1	1	2	5	1	7	1	2	1	0	2	0	6	1	1	0	1	0	2	3	1	0	0	0	0	0	0	0	0	0	0	0	0	0	0	0	0	0	0	0	0	0	0	0	0	0	0
OTU949	2	1	1	0	1	0	2	2	1	1	2	1	2	1	2	0	0	0	0	0	0	0	0	0	0	0	0	0	0	0	0	0	0	0	0	0	0	0	0	0	0	1	0	0	0	0	0	1	0	0	0	1	0	1	2	1	2	1	2	2	2	1	2	2	2
OTU962	1	1	0	0	1	0	0	0	0	0	1	1	1	0	0	0	0	0	0	0	0	0	0	0	0	0	0	0	0	0	0	0	0	0	0	0	0	0	0	1	1	0	0	2	0	1	1	0	0	1	0	1	0	4	2	3	2	1	1	1	4	2	3	2	3
OTU575	1	1	0	0	0	1	1	1	1	2	1	1	1	1	0	0	0	0	0	0	0	0	0	0	0	0	0	0	0	0	0	0	0	0	0	0	0	0	0	1	0	0	1	1	0	0	0	1	0	0	1	0	0	1	2	2	2	2	2	2	2	3	2	2	3
OTU407	1	2	2	1	2	2	2	1	2	2	3	2	2	2	1	0	0	0	0	0	0	0	0	1	0	0	0	0	0	0	0	0	0	0	0	0	0	0	0	1	2	1	0	3	0	0	1	0	0	0	1	2	1	0	0	0	0	0	0	1	0	0	1	0	0
OTU536	0	1	0	0	0	0	2	2	2	3	2	3	1	1	1	0	0	0	0	0	0	0	0	0	0	0	0	0	0	0	0	0	0	0	0	0	0	0	0	0	0	0	0	0	0	2	0	1	0	1	2	0	0	1	2	2	2	2	1	2	1	1	1	2	1
OTU941	2	0	2	0	0	1	0	0	0	0	1	1	0	0	0	0	0	0	0	0	0	2	0	0	0	0	0	1	0	1	1	1	0	1	0	0	0	0	1	0	0	0	1	0	0	1	1	1	1	1	1	0	0	2	1	2	1	1	2	2	2	2	2	2	1
OTU2192	0	0	0	1	1	0	0	0	1	0	1	0	0	0	1	1	0	0	0	0	1	0	1	0	0	0	0	1	1	1	0	0	1	0	1	1	0	0	0	1	0	0	0	2	1	3	1	0	0	0	1	1	1	1	2	1	1	1	2	2	1	1	2	1	2
OTU3190	0	1	1	0	1	0	0	0	0	0	0	1	0	0	0	3	2	2	1	1	1	1	0	1	1	1	1	0	0	1	2	0	1	2	1	1	1	0	1	0	0	0	0	0	0	0	0	0	0	0	0	0	0	1	1	1	0	1	1	1	1	1	1	2	2
OTU474	0	1	1	1	0	1	2	2	1	1	1	2	2	2	1	0	0	0	0	0	0	0	0	0	0	0	0	0	0	0	0	0	0	0	0	0	0	0	0	0	1	2	2	1	2	1	1	1	1	1	1	1	1	1	0	1	1	1	1	1	1	0	0	0	1
OTU2744	0	1	1	0	0	1	0	1	1	1	0	2	1	1	2	0	0	0	0	0	0	0	0	0	0	0	0	0	0	0	0	0	0	0	0	0	0	0	0	1	0	0	2	3	2	3	2	4	0	5	1	1	4	0	0	0	1	0	0	0	0	0	0	1	0
OTU409	6	6	4	0	0	0	9	6	4	2	2	2	0	0	0	0	0	0	0	0	0	0	0	0	0	0	0	0	0	0	0	0	0	0	0	0	0	0	0	0	0	0	0	0	0	0	0	0	0	0	0	0	0	0	0	0	0	0	0	0	0	0	0	0	0
OTU5378	0	0	0	0	0	0	0	0	0	0	0	0	0	0	0	0	0	0	0	0	0	0	0	0	0	0	0	0	0	0	0	0	0	0	0	1	0	0	0	0	0	0	0	0	0	0	0	0	0	0	0	0	0	3	4	2	3	3	3	4	5	3	4	4	2
OTU655	1	0	1	1	1	1	0	0	1	3	2	1	1	1	1	0	0	0	0	0	0	0	0	0	0	0	0	0	0	0	0	0	0	0	0	0	0	0	0	0	0	0	0	0	0	0	0	0	0	0	0	0	0	1	2	2	2	1	2	3	3	2	3	2	3
OTU4511	1	1	0	1	2	2	2	1	1	2	2	2	2	3	4	0	0	0	0	0	0	0	0	0	0	0	0	0	0	0	0	0	0	0	0	0	0	0	0	0	1	0	1	1	1	0	0	2	0	0	1	0	2	1	0	0	1	1	1	0	0	1	1	0	0
OTU468	0	1	0	0	1	0	0	1	1	1	1	1	1	1	1	1	0	0	0	1	0	3	2	4	1	1	0	0	0	1	0	0	1	0	0	0	0	0	0	0	0	1	1	0	0	1	0	0	0	1	0	0	0	0	1	1	2	1	1	1	1	2	1	0	1
OTU608	0	1	1	2	1	1	1	2	0	1	1	2	2	2	4	1	0	0	0	0	0	0	1	1	0	0	0	0	0	0	0	0	0	0	0	0	0	0	0	0	0	1	0	1	1	1	1	0	0	0	1	0	0	1	2	1	1	1	1	1	1	1	0	1	0
OTU1078	0	1	1	0	1	1	0	1	1	1	1	1	2	2	1	1	0	1	0	1	1	1	1	1	0	0	0	0	1	0	1	0	0	0	0	0	0	1	0	0	1	0	2	0	1	0	0	1	0	1	0	1	2	0	1	0	1	1	1	0	1	0	1	0	2
OTU461	0	1	1	0	1	2	1	1	1	2	1	1	2	1	2	0	0	0	0	0	0	0	0	0	0	0	0	0	0	0	0	0	0	0	0	0	0	0	0	0	2	0	2	2	1	6	2	1	2	1	1	1	0	0	0	0	0	0	1	1	0	1	0	0	0
OTU567	1	0	0	0	1	0	0	0	0	1	0	0	1	1	0	3	1	3	2	4	1	2	1	3	1	1	2	1	1	2	2	1	2	0	0	1	0	1	1	0	0	0	0	0	0	0	0	0	0	0	0	0	0	0	0	0	0	0	0	0	0	0	0	0	0
OTU356	0	0	0	0	0	0	0	0	0	0	0	0	0	0	0	1	0	0	2	1	1	0	0	0	0	0	0	4	3	4	4	5	8	0	2	1	1	0	2	0	0	0	0	0	0	1	0	0	0	0	0	0	1	0	0	0	0	0	0	0	0	0	0	0	0
OTU903	0	0	0	0	0	0	0	0	0	0	0	0	0	0	0	0	0	0	0	0	0	0	0	0	0	0	0	0	0	0	0	0	0	0	0	0	0	0	0	0	0	0	0	0	0	0	0	0	0	0	0	0	0	5	3	4	3	2	3	2	2	4	4	4	4
OTU736	1	1	1	1	2	2	1	1	1	1	1	1	1	1	2	0	0	0	0	0	0	0	0	0	0	0	0	0	0	0	0	0	0	0	0	0	0	0	0	0	1	0	0	2	0	1	0	1	0	0	1	0	1	1	1	1	1	1	2	1	1	1	1	2	2
OTU466	1	1	1	4	2	1	3	2	1	3	2	2	2	7	4	0	0	0	0	0	0	0	0	0	0	0	0	0	0	0	0	0	0	0	0	0	0	0	0	0	0	0	0	0	0	0	0	0	0	0	0	0	0	1	1	0	0	0	0	1	0	1	0	0	0
OTU379	2	1	1	0	1	2	2	1	2	2	1	2	2	0	3	0	0	0	0	0	0	0	0	0	0	0	0	0	0	0	0	0	0	0	0	0	0	0	0	1	1	0	1	2	1	0	1	0	1	1	1	1	1	0	1	1	1	0	0	0	0	0	1	1	1
OTU2240	0	1	1	1	2	2	3	1	2	1	2	0	1	1	0	1	0	0	0	1	1	3	3	4	0	0	0	0	0	0	0	0	0	0	0	0	0	0	0	0	0	0	0	0	0	0	0	0	0	0	0	0	0	1	0	1	1	1	1	1	1	1	1	0	0
OTU465	1	0	0	1	2	1	1	1	2	5	4	2	0	1	0	0	0	0	0	0	0	0	0	0	0	0	0	0	0	0	0	0	0	0	0	0	0	0	0	1	1	1	0	2	2	3	1	1	1	0	0	0	0	0	0	0	1	0	1	1	1	1	0	0	1
OTU657	0	1	1	2	0	1	0	1	1	1	1	2	2	2	1	0	0	0	0	0	0	0	0	0	0	0	0	0	0	0	0	0	0	0	0	0	0	0	0	0	1	1	0	0	2	1	2	0	1	1	1	1	1	1	1	1	1	1	1	1	1	1	1	1	1
OTU718	1	0	0	0	1	0	1	1	0	1	1	1	0	0	0	4	4	2	1	1	1	5	4	2	0	0	0	1	1	1	0	0	0	0	0	0	0	0	0	0	0	0	0	0	0	0	0	0	0	0	0	0	0	0	0	0	1	1	0	0	1	1	0	1	1
OTU1805	0	0	1	0	0	1	1	1	1	1	2	1	1	0	1	1	0	1	0	0	0	0	2	1	0	0	0	0	0	0	0	0	0	0	0	0	0	0	0	0	0	0	1	2	1	1	0	3	0	0	1	1	1	1	1	2	1	1	1	1	1	1	1	1	1
OTU1368	1	0	0	0	0	0	0	0	0	0	0	0	0	0	0	0	0	0	0	0	0	0	0	0	0	0	0	0	0	0	0	0	0	0	0	0	0	0	0	0	0	0	0	0	0	0	0	0	0	0	0	0	0	3	3	5	2	2	3	3	4	3	3	3	4
OTU1335	0	0	0	0	0	0	0	0	0	0	0	0	0	0	0	0	0	0	0	0	0	0	0	0	0	0	0	0	0	0	0	0	0	0	0	0	0	0	0	0	0	0	0	0	0	0	0	0	0	0	0	0	0	3	3	3	3	4	4	3	2	4	4	3	3
OTU1796	0	1	2	1	1	0	0	1	0	1	0	2	2	2	1	0	0	0	0	0	0	0	0	0	0	0	0	0	0	0	0	0	0	0	0	0	0	0	0	0	0	0	0	0	0	1	1	1	1	1	0	0	1	2	1	1	1	1	2	1	2	2	1	3	2
OTU436	3	1	2	1	0	0	2	1	2	1	1	2	1	1	1	0	1	1	0	1	0	2	2	1	0	0	0	1	1	1	0	0	0	0	1	1	0	0	1	0	0	0	0	0	0	0	0	0	0	0	0	0	0	1	1	0	0	1	1	0	0	0	1	1	0
OTU351	1	1	1	1	2	3	3	3	2	3	3	2	1	2	1	0	0	0	0	0	0	0	0	0	0	0	0	0	0	0	0	0	0	0	0	0	0	0	0	1	0	0	0	0	0	2	0	1	1	1	2	0	1	0	0	1	0	0	0	0	0	0	0	0	0
OTU960	0	0	0	0	1	0	0	0	0	1	0	1	0	1	1	1	1	1	1	0	0	1	2	1	1	0	0	2	1	0	0	0	0	1	1	1	0	0	0	0	0	0	0	0	0	0	0	0	0	0	0	0	0	2	2	1	1	2	2	1	2	2	2	1	1
OTU2075	0	1	0	0	0	1	0	0	0	0	0	0	0	0	0	1	0	0	0	0	1	2	0	1	0	0	0	1	2	1	2	0	1	1	1	0	0	1	0	0	0	0	0	0	0	6	0	0	1	0	0	0	0	1	1	2	1	1	1	1	1	1	2	1	2
OTU488	1	1	1	0	0	1	0	2	3	0	1	1	2	2	1	1	1	0	0	1	0	0	2	2	0	0	0	0	0	0	0	0	0	0	0	0	0	0	0	0	0	1	1	1	1	1	1	0	1	1	1	0	0	1	0	1	1	0	1	0	0	1	0	1	1
OTU827	1	1	1	1	0	1	0	1	2	1	1	1	2	2	1	0	0	0	0	0	0	0	0	0	0	0	0	0	0	0	0	0	0	0	0	0	0	0	0	2	3	1	0	2	1	1	2	1	0	2	1	2	1	0	0	0	1	0	0	0	0	0	1	1	1
OTU435	0	2	1	0	1	1	1	2	2	1	1	1	1	1	2	1	0	1	0	0	1	1	1	2	0	0	0	1	0	0	0	0	0	1	1	1	0	0	0	0	1	1	0	2	0	0	3	0	0	1	0	1	1	0	0	0	0	1	0	0	0	0	0	0	0
OTU662	0	0	0	0	1	0	0	0	0	1	1	1	0	0	1	0	1	1	1	4	2	0	0	0	0	0	0	2	1	1	6	6	3	0	0	0	0	0	0	0	0	0	0	1	1	1	0	0	1	0	1	0	1	0	0	0	0	0	0	0	0	0	0	0	0
OTU584	0	1	0	2	1	0	1	0	1	1	1	1	2	1	2	0	1	0	0	0	0	0	1	1	0	0	0	1	1	0	0	1	0	0	0	0	1	0	1	1	1	0	1	3	1	1	2	1	1	0	1	0	1	0	0	1	0	0	0	0	0	0	1	1	0
OTU398	0	1	1	1	0	1	0	0	1	1	2	2	2	1	1	0	0	0	0	0	0	0	0	0	0	0	0	0	0	0	0	0	0	0	0	0	0	0	0	1	1	3	0	2	0	2	0	1	2	2	1	4	2	1	1	0	0	1	0	0	0	0	0	0	1
OTU3211	0	0	0	0	0	0	0	0	0	0	0	0	0	0	0	0	3	1	3	0	2	3	2	3	1	0	0	4	4	3	0	1	1	2	2	2	0	1	1	0	0	0	0	0	0	0	0	0	0	0	0	0	0	0	0	0	0	0	0	0	0	0	0	0	0
OTU2253	1	0	1	0	0	0	0	0	0	0	0	1	0	1	1	0	0	0	0	0	0	0	0	2	0	0	0	0	0	0	0	0	0	0	0	0	0	0	0	0	0	0	0	0	0	0	0	0	0	0	0	0	0	3	4	4	2	1	2	2	2	1	2	4	4
OTU375	0	3	3	2	4	5	0	1	1	2	3	2	1	0	1	1	1	0	0	0	0	1	2	1	0	0	0	0	0	0	0	0	0	0	1	0	2	1	0	0	0	0	0	0	0	0	0	0	0	0	0	0	0	0	0	0	0	0	0	0	0	0	0	0	0
OTU450	0	1	1	1	1	1	1	1	1	2	3	2	2	1	2	0	0	0	0	0	0	0	0	0	0	0	0	0	0	0	0	0	0	0	0	0	0	0	0	0	0	0	1	2	0	1	1	1	2	1	1	0	0	1	1	0	1	0	2	0	0	1	1	1	0
OTU628	0	1	3	0	0	0	2	1	1	0	0	1	1	1	1	1	1	1	0	1	1	3	2	2	1	1	0	1	0	1	0	0	0	0	3	1	0	0	0	0	0	0	0	1	0	2	0	0	0	0	0	1	0	0	0	1	0	0	1	0	0	0	0	0	0
OTU633	1	1	1	1	1	1	1	2	2	2	0	1	1	1	2	0	0	0	0	0	0	0	0	0	0	1	0	0	0	1	0	0	0	0	0	1	0	0	0	0	0	0	0	1	0	1	0	1	2	0	1	0	0	1	0	1	1	1	1	0	1	2	1	1	1
OTU5570	1	1	1	0	0	1	1	0	1	1	0	1	0	1	0	1	0	1	0	1	1	1	0	1	0	0	0	1	1	1	0	1	0	0	1	0	0	0	0	0	0	0	0	0	1	0	0	1	0	1	0	1	1	1	1	1	1	1	1	1	1	1	1	2	1
OTU1429	0	1	1	2	1	1	1	2	1	1	3	2	3	0	1	0	0	0	0	0	0	0	0	0	0	0	0	0	0	0	0	0	0	0	0	0	0	0	0	0	2	0	0	0	0	1	2	0	0	0	2	2	2	1	1	0	0	1	0	0	1	0	1	1	1
OTU697	1	1	1	0	0	0	0	1	1	0	1	1	1	1	1	0	0	0	0	0	0	0	0	0	0	0	0	0	0	1	0	0	0	0	1	0	0	0	0	0	2	0	3	2	2	1	2	2	1	1	1	2	2	1	0	1	1	0	1	1	0	0	0	0	0
OTU565	0	1	1	1	1	0	1	1	1	1	2	1	1	1	1	0	0	0	0	0	0	0	0	0	0	0	0	0	0	0	0	0	0	0	0	0	0	0	0	0	1	0	1	3	1	1	5	1	0	1	1	1	2	1	0	1	0	0	1	1	0	1	0	0	1
OTU948	0	0	0	0	0	0	0	0	0	0	0	0	0	0	0	1	2	2	3	3	3	3	1	2	1	1	1	0	1	3	2	1	2	2	1	2	0	1	0	0	0	0	0	0	0	0	0	0	0	0	0	0	0	0	0	0	0	0	0	0	0	0	0	0	0
OTU1707	0	0	0	0	0	0	0	0	0	0	0	0	0	0	0	0	0	0	0	0	0	0	0	0	0	0	0	0	0	0	0	0	0	0	0	0	0	0	0	0	0	0	0	0	0	0	0	0	0	0	0	0	0	3	4	4	3	2	2	3	2	4	3	5	2
OTU692	0	1	1	1	0	0	1	2	0	1	1	0	1	1	0	0	0	0	0	0	0	0	0	0	0	0	0	0	0	0	0	0	0	0	0	0	0	0	0	0	0	0	0	1	0	1	0	0	0	1	1	1	2	1	2	2	3	1	2	2	1	2	2	1	1
OTU653	0	0	0	0	1	0	0	0	0	0	0	1	0	1	1	1	0	2	2	1	2	1	2	1	1	0	1	2	2	2	1	1	1	1	0	2	0	0	0	0	0	0	0	0	0	0	0	0	0	0	0	0	0	0	0	1	1	0	1	1	1	0	1	0	1
OTU397	1	1	2	0	1	0	1	1	1	1	1	2	0	0	0	1	1	0	0	0	0	1	2	3	0	1	2	1	0	1	0	0	0	1	1	1	1	0	1	0	0	3	1	0	1	2	0	0	0	0	0	0	0	0	0	0	0	0	0	0	0	0	0	0	0
OTU1178	1	1	1	0	0	1	1	2	1	1	0	1	1	1	2	1	0	1	0	1	1	0	0	1	0	0	0	1	1	0	0	0	0	0	0	1	0	0	0	0	1	1	1	0	0	0	0	1	2	1	1	1	2	1	0	1	0	0	0	1	1	0	0	0	0
OTU544	0	1	0	0	0	1	0	1	1	0	0	0	1	1	1	3	2	1	1	1	0	1	2	2	1	1	1	0	1	1	1	1	1	1	2	1	2	0	0	0	0	0	1	0	0	0	1	0	0	0	0	0	1	0	0	0	0	0	0	0	0	0	0	0	0
OTU1309	0	0	0	1	1	0	0	0	0	0	0	0	0	0	0	1	0	1	2	0	0	1	0	1	2	4	1	1	1	1	0	0	2	0	0	0	1	2	2	0	0	0	0	0	0	9	2	0	0	1	0	0	0	0	0	0	0	0	0	0	0	0	0	0	0
OTU438	1	0	1	0	1	0	0	1	1	1	1	1	1	1	1	2	1	1	2	3	2	1	2	2	1	0	0	1	2	1	1	1	0	1	0	1	0	1	0	0	0	0	0	0	0	0	0	0	0	0	0	0	0	0	0	0	0	0	0	0	0	0	0	0	0
OTU549	0	0	0	0	0	0	0	0	0	0	0	0	0	0	0	7	2	1	5	4	5	1	2	1	0	0	0	0	1	0	1	0	0	2	4	0	1	0	0	0	0	0	0	0	0	0	0	0	0	0	0	0	0	0	0	0	0	0	0	0	0	0	0	0	0
OTU425	0	0	0	0	0	0	0	0	0	0	0	0	0	0	0	1	2	1	3	3	3	3	1	0	0	0	0	1	1	1	3	3	3	2	1	2	1	1	1	0	0	0	0	0	0	0	0	0	0	0	0	0	0	0	0	0	0	0	0	0	0	0	0	0	0
OTU1149	0	0	0	0	0	0	0	0	0	0	0	0	0	0	0	0	0	0	0	0	0	0	0	0	0	0	0	0	0	0	0	0	0	0	0	0	0	0	0	0	1	0	1	0	0	2	1	1	1	1	0	0	0	1	1	1	3	2	5	3	3	3	2	2	2
OTU507	0	2	1	0	1	2	0	1	1	1	1	3	2	1	2	0	0	0	0	0	0	0	0	0	0	0	0	0	0	0	0	0	0	0	0	0	0	0	0	0	1	1	1	1	1	2	1	1	0	1	1	1	2	1	0	0	0	0	0	0	1	0	0	1	1
OTU683	0	1	1	2	0	1	1	2	1	1	1	1	3	1	2	0	0	0	0	0	0	0	0	0	0	0	0	0	0	0	0	0	0	0	0	0	0	0	0	0	0	0	1	3	1	0	1	1	1	1	0	1	0	0	1	1	0	0	1	1	1	1	1	0	1
OTU3795	0	0	0	0	0	0	0	0	0	0	0	0	0	0	1	1	1	2	3	3	5	1	1	1	0	0	1	1	1	1	1	1	1	0	0	0	0	1	0	0	0	0	0	0	0	0	0	0	0	0	0	0	0	1	1	0	1	0	1	1	1	1	1	1	0
OTU1138	0	0	0	0	0	0	1	0	0	0	1	1	0	0	0	0	0	0	0	0	0	0	0	0	0	0	0	0	0	0	0	0	0	0	0	0	0	0	0	2	0	1	1	2	1	4	2	0	0	1	1	2	1	2	1	2	1	2	1	2	0	1	2	0	1
OTU3486	0	0	0	0	0	0	0	0	0	0	0	0	1	0	0	2	1	2	1	4	2	0	1	3	0	0	0	3	3	1	2	1	1	0	2	1	1	1	2	1	0	0	0	0	0	0	0	0	0	0	0	0	0	0	0	0	0	0	0	0	0	0	0	0	0
OTU478	0	0	0	0	0	0	0	0	0	0	0	0	0	0	0	1	1	0	0	0	0	1	3	1	1	0	0	1	0	1	6	4	7	2	1	2	1	1	0	0	0	0	0	0	0	0	0	0	0	0	0	0	0	0	0	0	0	0	1	0	0	0	0	0	1
OTU406	0	0	0	0	0	0	0	0	0	0	0	0	0	0	0	4	5	4	3	2	2	1	0	2	1	1	1	1	1	1	1	0	0	1	1	2	1	0	1	0	0	0	0	0	0	0	0	0	0	0	0	0	0	0	0	0	0	0	0	0	0	0	0	0	0
OTU542	0	0	0	0	0	0	0	0	0	0	0	0	0	0	0	0	0	0	0	0	0	8	8	5	0	0	0	1	0	2	1	2	3	1	0	0	0	3	2	0	0	0	0	0	0	0	0	0	0	0	0	0	0	0	0	0	0	0	0	0	0	0	0	0	0
OTU2851	0	0	0	0	0	0	0	0	0	0	0	0	0	0	0	0	0	0	0	0	0	0	0	0	0	0	0	0	0	0	0	0	0	0	0	0	0	0	0	0	0	0	4	5	3	0	0	7	9	5	1	1	1	0	0	0	0	0	0	0	0	0	0	0	0
OTU572	0	1	1	1	1	1	1	1	1	0	2	2	2	2	1	0	0	0	0	0	0	0	0	0	0	0	0	0	0	0	0	0	0	0	0	0	0	0	0	0	0	0	0	0	0	0	0	0	0	0	0	0	0	2	1	1	1	1	2	1	2	1	2	2	2
OTU2043	0	0	0	1	1	1	1	2	1	1	2	1	1	2	2	0	0	0	0	0	0	0	0	0	0	0	0	0	0	0	0	0	0	0	0	0	0	0	0	0	0	0	0	1	0	1	0	0	0	0	0	0	0	1	2	1	1	1	2	2	1	1	2	2	1
OTU563	1	4	2	2	3	2	0	0	0	1	1	0	3	6	3	1	1	0	2	0	2	0	1	0	0	0	0	0	0	0	0	0	0	0	0	0	0	0	0	0	0	0	0	0	0	0	0	0	0	0	0	0	0	0	0	0	0	0	0	0	0	0	0	0	0
OTU2648	1	0	2	1	1	0	0	1	1	1	1	0	1	0	1	0	0	0	0	0	0	0	0	0	0	0	0	0	0	0	0	0	0	0	0	0	0	0	0	0	0	0	0	0	0	0	0	0	0	2	1	1	1	2	1	2	2	1	1	2	2	2	2	1	1
OTU1077	0	0	0	0	0	0	0	0	0	0	0	0	0	0	0	0	0	0	0	0	0	0	0	0	0	0	0	1	1	0	0	0	1	0	0	0	0	0	0	0	0	0	0	0	0	0	0	0	0	0	0	0	0	4	2	2	3	2	3	2	2	3	2	3	4
OTU850	1	2	2	1	1	1	0	1	2	1	2	1	2	3	2	0	0	0	0	0	0	0	2	0	0	0	0	0	0	0	0	0	0	0	0	0	0	0	0	1	0	0	0	1	1	0	2	0	0	2	0	2	1	0	0	0	0	0	0	1	0	0	0	0	0
OTU541	1	1	0	1	1	1	0	1	1	1	1	1	1	1	2	0	0	0	0	0	0	0	0	0	0	0	0	0	0	0	0	0	0	0	0	0	0	0	0	0	0	0	2	0	0	0	2	1	1	1	1	0	2	1	1	1	1	1	1	1	1	0	1	1	1
OTU5431	0	0	0	0	0	0	0	0	0	0	0	0	0	0	0	0	0	0	0	0	0	0	0	0	1	0	0	0	1	1	0	0	0	1	0	0	0	0	0	0	1	1	0	0	1	0	0	1	1	1	1	0	1	2	2	1	2	2	2	3	1	2	2	2	2
OTU2385	0	0	0	0	1	0	0	0	0	0	0	1	1	0	0	2	1	2	3	3	1	0	1	0	0	1	0	1	1	0	2	1	1	1	1	3	1	1	1	0	0	0	0	0	0	0	0	0	0	0	0	0	0	0	1	0	0	1	0	0	0	0	1	0	1
OTU3577	0	0	0	0	0	0	0	0	1	0	0	1	1	1	0	1	1	1	0	1	1	1	2	3	0	0	1	1	2	2	1	1	1	1	1	4	1	1	0	0	1	0	0	1	0	0	0	0	0	0	0	1	0	0	0	0	0	0	0	0	0	0	0	0	0
OTU491	0	0	1	1	1	1	1	0	0	1	1	0	2	1	2	0	0	0	0	0	0	0	0	0	0	0	0	0	0	0	0	0	0	0	0	0	0	0	0	0	1	1	2	0	0	1	1	1	1	2	1	2	2	2	0	0	1	1	1	1	1	1	0	0	0
OTU775	0	0	0	0	0	0	0	0	0	0	0	0	0	0	1	1	0	0	2	1	2	3	2	1	1	1	0	1	2	0	1	1	0	2	3	2	4	2	2	0	0	0	0	0	0	0	0	0	0	0	0	0	0	0	0	0	0	0	0	0	0	0	0	0	0
OTU484	0	0	0	0	0	0	0	0	0	0	0	0	0	0	0	1	2	2	0	0	0	1	0	2	1	0	0	3	4	5	0	0	0	0	0	0	8	3	3	0	0	0	0	0	0	0	0	0	0	0	0	0	0	0	0	0	0	0	0	0	0	0	0	0	0
OTU582	0	0	0	1	0	1	0	0	0	1	0	0	0	1	1	0	0	0	0	0	1	0	0	0	0	0	0	0	0	0	0	0	1	0	1	0	0	0	0	1	2	1	1	2	1	1	0	2	2	0	2	1	1	1	0	0	1	1	1	0	1	1	2	1	1
OTU725	0	0	0	0	0	0	0	0	0	0	0	0	0	0	0	6	5	5	5	8	6	0	0	0	0	0	0	0	0	0	0	0	0	0	0	0	0	0	0	0	0	0	0	0	0	0	0	0	0	0	0	0	0	0	0	0	0	0	0	0	0	0	0	0	0
OTU4011	0	1	1	1	1	1	0	2	1	0	1	1	1	1	0	0	0	0	0	0	0	0	0	0	0	0	0	0	0	0	0	0	0	0	0	0	0	0	0	0	0	0	0	0	0	0	0	0	0	0	0	0	1	1	3	2	1	1	1	2	2	2	1	2	3
OTU2002	0	0	0	1	1	1	1	0	0	0	0	0	0	1	0	0	0	0	0	0	0	0	0	0	0	0	0	0	0	0	0	0	0	0	0	0	0	0	0	0	0	0	1	1	0	0	1	0	0	0	1	1	1	2	2	2	2	2	2	1	2	2	2	3	1
OTU550	1	1	1	2	1	0	1	2	2	1	1	1	1	2	2	0	0	0	1	0	0	1	1	0	0	0	0	0	0	0	0	0	0	0	0	0	0	0	0	1	1	0	0	0	1	1	1	1	0	0	1	0	0	1	0	0	1	0	1	0	0	1	1	0	0
OTU413	3	2	4	0	0	0	2	2	2	0	1	1	0	0	0	0	1	0	0	0	0	5	1	1	0	0	1	0	0	1	0	0	0	0	1	1	0	0	0	0	0	1	0	2	0	0	1	0	0	1	0	0	0	0	0	0	0	0	0	0	0	0	0	0	0
OTU703	1	2	1	0	1	2	0	1	2	0	1	3	2	0	3	0	0	0	0	1	0	0	0	1	0	0	0	0	0	0	0	0	0	0	0	0	0	0	0	0	0	0	0	0	1	0	1	0	1	1	1	2	0	1	0	1	0	1	0	0	0	1	1	1	0
OTU826	0	1	0	0	0	0	0	1	0	0	1	0	1	1	2	0	0	0	0	0	0	0	0	2	0	0	0	0	0	0	0	0	0	0	0	0	0	0	0	0	0	0	0	2	0	1	0	0	0	1	1	0	0	2	2	2	2	1	1	1	2	2	1	3	1
OTU570	2	2	2	0	0	0	0	0	0	3	3	2	0	0	0	1	0	0	0	0	0	1	0	1	0	1	1	1	1	0	1	1	2	1	1	1	3	1	2	0	0	0	0	0	0	0	0	0	0	0	0	0	0	0	0	0	0	0	0	0	0	0	0	0	0
OTU4010	1	1	1	3	3	2	1	2	2	1	1	1	1	1	1	0	0	0	0	0	0	0	0	0	1	0	0	1	0	1	0	0	0	1	1	1	0	1	0	0	0	0	0	1	1	1	0	1	0	0	0	0	1	0	0	0	0	0	0	0	0	0	0	0	0
OTU928	0	0	0	0	1	0	0	0	0	0	0	0	1	0	0	2	2	0	1	1	2	3	1	1	0	1	0	1	1	2	1	1	2	0	4	2	0	0	0	0	0	0	0	0	0	0	0	0	0	0	0	0	0	0	1	0	0	1	1	0	0	1	0	0	0
OTU612	1	1	0	0	1	1	2	1	1	1	1	1	1	1	1	0	0	0	0	0	0	0	0	0	0	0	0	0	0	0	0	0	0	0	0	0	0	0	0	2	0	0	0	2	0	1	0	2	3	1	0	2	3	0	0	0	1	0	0	1	1	0	0	0	1
OTU525	1	1	0	1	2	0	1	1	2	1	1	2	1	1	4	0	0	0	0	0	0	0	0	0	0	0	0	0	0	0	0	0	0	0	0	0	0	0	0	1	0	0	2	1	1	3	1	0	1	2	1	1	1	0	0	0	0	0	0	0	0	0	0	0	0
OTU532	0	1	0	0	0	0	0	1	0	0	1	1	1	0	1	1	2	2	3	1	1	0	1	1	0	1	0	1	1	1	1	0	0	0	1	0	0	1	1	0	0	0	0	1	0	1	1	0	1	1	1	1	1	0	0	0	0	0	0	0	0	0	0	0	0
OTU2447	0	0	0	0	0	0	0	0	0	0	0	0	0	0	0	0	0	0	0	0	0	0	0	0	0	0	0	0	0	0	0	0	0	0	0	0	0	0	0	1	0	0	2	1	1	0	0	3	4	1	8	7	6	0	0	0	0	0	0	0	0	0	0	0	0
OTU1132	0	0	0	0	0	0	0	0	0	0	0	0	0	0	0	0	0	0	0	0	0	0	0	0	0	0	0	0	0	0	0	0	0	0	0	0	0	0	0	0	0	0	0	0	0	0	0	0	0	0	0	0	0	4	3	4	2	2	3	2	2	4	2	2	3
OTU3907	0	0	0	0	0	0	0	0	0	0	0	0	0	0	0	0	0	0	0	0	0	0	0	0	0	0	0	0	0	0	0	0	0	0	0	0	0	0	0	0	0	0	0	0	0	0	0	0	0	0	0	0	0	1	2	7	1	1	2	3	5	1	2	3	5
OTU3385	0	1	0	1	0	0	1	0	2	1	0	0	0	0	0	0	0	0	0	0	0	0	0	0	1	1	1	2	2	2	0	0	2	0	0	0	3	2	2	1	0	0	0	0	1	0	0	0	0	0	0	0	1	0	0	1	0	1	1	0	0	1	1	0	1
OTU848	0	1	1	1	0	2	2	1	1	1	1	1	2	1	1	0	0	0	0	0	0	1	1	1	0	1	0	1	1	0	0	0	0	0	0	0	0	0	0	0	0	0	0	0	0	0	0	0	0	0	0	0	0	1	1	1	1	1	1	0	1	1	1	1	1
OTU693	1	1	1	1	0	2	1	1	2	1	2	2	1	2	2	1	0	0	0	0	0	0	0	1	0	0	0	0	0	0	0	0	0	0	0	0	0	0	0	0	0	0	1	2	1	2	0	1	0	1	1	1	1	0	0	0	0	0	0	0	0	0	0	0	0
OTU2888	1	1	1	1	1	1	1	1	1	1	1	1	1	2	0	0	0	1	0	0	1	0	1	0	0	0	1	2	2	2	1	0	0	0	0	0	1	0	0	0	0	0	0	0	0	0	0	0	0	0	0	0	0	1	1	0	0	0	1	0	0	0	1	1	1
OTU458	1	1	0	0	2	1	0	1	1	1	1	1	2	1	3	0	0	0	0	0	0	0	0	0	0	0	0	0	0	0	0	0	0	0	0	0	0	0	0	0	1	0	2	3	1	1	2	0	1	0	1	0	1	0	0	1	1	0	1	0	0	0	0	1	0
OTU5153	1	1	1	1	0	0	0	0	2	1	1	1	1	3	1	0	0	1	0	0	0	0	1	1	1	1	0	1	0	1	1	0	1	0	0	0	1	0	0	0	1	1	0	1	0	1	0	1	0	0	1	1	1	0	0	0	0	0	0	0	0	0	0	1	0
OTU811	0	0	0	1	0	1	1	1	0	0	1	0	1	1	1	0	1	0	0	0	0	2	1	3	1	0	0	1	1	1	1	1	1	0	0	0	0	0	0	0	1	0	0	0	0	0	0	0	0	0	1	0	1	2	0	1	0	1	1	0	0	0	1	1	1
OTU420	0	2	1	0	1	1	1	1	2	0	3	1	3	1	1	0	0	0	0	0	0	0	0	0	0	0	0	0	0	0	0	0	0	0	0	0	0	0	0	0	1	1	3	2	2	1	1	1	0	1	1	0	1	0	0	0	0	0	0	0	0	0	0	0	0
OTU3825	0	0	0	0	0	0	0	0	0	0	0	0	0	0	0	0	0	0	8	4	5	1	1	1	1	1	1	0	0	1	2	3	3	0	0	1	0	0	0	0	0	0	0	0	0	0	0	0	0	0	0	0	0	0	0	0	0	0	0	0	0	0	0	0	0
OTU1254	0	0	0	0	0	0	0	0	1	1	1	0	0	0	0	0	0	0	0	0	0	0	0	0	0	0	0	0	0	0	0	0	0	0	0	0	0	0	0	0	0	0	0	0	0	0	0	0	0	0	0	0	0	2	3	2	3	2	2	3	3	2	3	2	2
OTU1315	1	1	2	1	0	1	2	0	1	2	2	1	1	1	1	0	0	0	0	0	0	0	0	0	0	0	0	0	0	0	0	0	0	0	0	0	0	0	0	0	1	0	0	0	0	0	0	0	0	1	0	0	1	1	1	2	1	1	1	0	1	1	1	1	1
OTU945	0	0	0	0	0	0	0	0	0	0	0	0	0	0	0	0	0	0	0	0	0	0	0	0	0	0	0	0	0	0	0	0	0	0	0	0	0	0	0	0	0	0	0	0	0	0	0	0	0	0	0	0	0	3	3	3	4	2	3	2	2	3	2	3	2
OTU2803	3	1	1	0	0	1	1	1	1	0	0	1	2	1	1	0	0	0	0	0	0	1	0	1	0	0	0	0	1	0	0	0	0	0	0	0	0	0	0	0	1	0	0	0	2	0	0	1	0	1	1	0	0	0	1	1	0	1	1	1	1	0	1	1	1
OTU494	0	1	2	1	0	1	1	2	0	0	1	1	2	1	1	0	0	0	0	0	0	0	0	0	0	0	0	0	0	0	0	0	0	0	0	0	0	0	0	0	0	1	1	1	0	0	0	0	0	1	1	0	2	1	1	1	1	1	1	1	1	1	1	1	0
OTU959	0	1	0	0	2	2	0	1	1	2	1	2	1	1	1	0	0	0	0	1	0	0	1	1	0	0	0	0	0	0	0	0	0	0	0	0	0	0	0	1	1	0	0	1	0	0	1	1	0	2	1	2	2	0	0	0	0	0	0	0	0	0	0	1	1
OTU883	1	1	3	0	0	1	0	0	2	0	1	1	1	1	0	1	0	0	1	0	1	2	1	0	0	0	1	1	1	1	1	0	1	1	0	0	0	0	0	0	1	0	0	0	0	0	1	0	1	0	1	2	1	0	0	0	0	0	0	0	0	0	0	0	0
OTU515	1	1	0	1	0	1	1	1	1	0	0	1	1	0	0	1	1	1	1	1	1	1	2	0	0	0	0	1	1	1	2	0	1	0	1	1	0	0	0	0	0	0	0	0	0	0	0	0	0	0	0	0	0	0	0	1	1	0	1	1	1	0	0	0	1
OTU789	0	0	0	0	0	0	0	0	0	0	0	0	0	0	0	0	0	0	6	7	4	1	1	1	1	0	1	1	1	0	0	0	2	1	0	0	0	0	0	0	0	0	0	0	0	0	0	0	0	0	0	0	0	0	0	1	0	0	1	0	1	1	0	0	1
OTU519	0	0	0	0	0	0	0	0	0	0	0	0	0	0	0	3	1	2	1	1	1	1	0	1	0	1	1	1	1	1	1	1	0	2	3	4	2	2	0	0	0	0	0	0	0	0	0	0	0	0	0	0	0	1	0	0	0	0	0	0	0	0	0	0	0
OTU622	1	3	1	1	2	1	1	2	2	1	0	2	2	1	2	0	0	0	0	0	0	0	0	0	0	0	0	0	0	0	0	0	0	0	0	0	0	0	0	0	0	0	0	0	0	0	0	0	0	0	0	0	0	1	2	1	1	1	0	1	0	0	1	1	0
OTU1942	1	1	2	2	1	2	1	2	1	2	1	1	2	1	3	1	1	0	0	0	0	0	1	0	0	0	0	0	0	0	0	0	0	0	0	0	0	0	0	1	2	0	1	0	0	0	0	0	0	0	0	0	1	0	0	0	0	0	0	0	0	0	0	0	0
OTU748	0	1	0	1	1	1	2	1	0	1	1	1	2	2	1	0	0	0	0	0	0	0	0	0	0	0	0	0	0	0	0	0	0	0	0	0	0	0	0	0	2	0	0	0	0	0	0	0	0	0	1	1	1	1	0	1	1	2	1	1	1	1	0	1	1
OTU818	0	1	0	1	1	1	1	1	1	1	2	2	2	1	1	0	0	0	0	0	0	0	0	0	0	0	0	0	0	0	0	0	0	0	0	0	0	0	0	0	0	0	0	0	0	0	0	0	0	0	0	0	0	1	2	1	1	1	1	1	1	2	2	1	1
OTU734	1	0	1	0	0	1	0	1	1	1	0	1	1	0	2	0	0	0	0	0	0	0	0	0	0	0	0	0	0	0	0	0	0	0	0	0	0	0	0	0	0	0	0	0	0	0	0	0	1	1	1	0	1	1	1	2	1	2	1	1	2	1	1	2	2
OTU599	1	0	1	0	0	0	0	0	0	1	0	0	0	0	0	3	1	2	2	3	2	1	2	3	0	0	1	1	1	2	0	0	1	1	0	0	0	1	1	0	0	0	0	0	0	0	0	0	0	0	0	0	0	0	0	0	0	0	0	0	0	0	0	0	0
OTU1036	0	0	0	1	1	0	0	1	1	1	1	1	1	1	2	0	0	0	0	0	0	0	0	0	0	0	0	0	0	0	0	0	0	0	0	0	0	0	0	0	0	0	0	0	0	0	0	0	0	0	0	0	0	1	1	2	2	2	1	1	2	2	2	2	2
OTU4325	2	1	1	1	1	1	1	1	2	1	2	3	1	1	2	0	0	0	0	0	0	0	0	0	0	0	0	0	0	0	0	0	0	0	0	0	0	0	0	0	0	0	1	2	1	1	0	1	1	0	0	0	1	0	0	0	0	1	0	0	0	1	0	0	0
OTU920	2	1	1	0	1	1	0	1	1	0	1	1	1	1	1	0	0	0	0	0	0	0	1	1	0	0	0	0	0	0	0	0	0	0	0	0	0	0	0	0	1	0	1	1	0	0	3	0	2	2	3	1	2	0	0	0	0	0	0	0	0	0	0	0	0
OTU2876	0	0	0	0	0	0	0	0	0	0	0	0	0	0	0	1	1	1	1	1	2	0	0	0	1	1	2	2	1	3	0	1	1	2	1	0	2	2	5	0	0	0	0	0	0	0	0	0	0	0	0	0	0	0	0	0	0	0	0	0	0	0	0	0	0
OTU552	5	2	3	0	0	0	1	2	1	1	1	1	0	0	0	0	0	0	0	0	0	0	0	0	0	0	0	0	0	0	0	0	0	0	0	0	0	0	0	0	0	0	0	0	0	0	0	0	0	0	0	0	0	1	1	1	2	1	1	0	1	1	2	1	1
OTU2480	0	1	0	0	0	0	0	0	0	1	0	1	0	0	0	0	0	0	0	0	0	0	1	1	0	0	0	0	0	0	0	0	0	0	0	0	0	0	0	0	0	0	0	0	0	0	0	0	0	0	0	0	0	2	2	2	2	2	2	3	2	2	1	2	3
OTU442	1	1	1	1	1	0	0	0	0	0	0	0	0	0	0	0	0	0	0	0	0	0	0	0	5	7	6	1	1	0	1	1	2	0	0	0	0	0	0	0	0	0	0	0	0	0	0	0	0	0	0	0	0	0	0	0	0	0	0	0	0	0	1	0	0
OTU1407	0	0	0	0	0	0	0	0	0	0	0	0	0	0	0	0	0	0	0	0	0	0	0	0	0	0	0	0	0	0	0	0	0	0	0	0	0	0	0	0	0	0	0	0	0	0	0	0	0	0	0	0	0	2	2	2	2	3	3	2	2	2	3	3	4
OTU1034	0	0	1	0	0	0	0	1	0	0	1	0	0	0	0	0	0	0	0	0	1	2	0	1	0	0	0	0	0	0	0	0	0	0	0	0	0	0	0	0	1	0	0	0	0	0	0	0	0	0	1	0	0	2	2	2	2	1	1	1	2	3	2	2	1
OTU490	0	3	2	0	1	0	1	2	4	2	1	1	0	0	1	1	0	0	0	0	0	3	1	2	1	0	0	1	1	1	0	0	0	0	1	0	0	0	0	0	0	0	0	0	0	0	0	0	0	0	0	0	0	0	0	0	0	0	0	0	0	0	0	0	0
OTU834	0	0	1	0	1	0	1	1	1	1	1	3	0	1	1	0	0	0	0	0	0	0	0	0	0	0	0	0	0	0	0	0	0	0	0	0	0	0	0	0	0	0	0	0	0	0	0	0	0	0	0	0	0	1	0	1	2	1	1	3	2	2	2	2	1
OTU511	0	0	0	1	0	0	0	1	1	1	1	0	1	0	0	2	0	1	1	2	1	1	1	2	0	0	1	0	0	0	0	1	1	1	0	0	0	0	0	0	1	2	0	1	1	0	0	1	1	0	0	0	2	0	0	0	0	0	0	0	0	0	0	0	0
OTU538	0	1	0	0	0	1	1	1	1	0	1	0	0	1	1	1	1	1	0	0	0	4	3	2	0	0	0	1	0	0	1	0	0	0	1	0	0	0	0	0	1	0	0	1	0	0	1	0	1	0	0	0	0	1	0	0	0	0	0	0	1	1	0	0	0
OTU430	1	0	1	1	1	3	1	1	1	1	2	1	2	1	1	0	0	0	0	0	0	0	0	0	0	0	0	0	0	0	0	0	0	0	0	0	0	0	0	0	0	1	1	0	1	3	1	0	1	1	1	2	0	0	0	0	0	0	0	0	0	0	0	0	0
OTU529	0	0	1	0	1	1	3	3	1	1	2	1	0	1	1	0	0	0	0	0	0	0	0	0	0	0	0	0	0	0	0	0	0	0	0	0	0	0	0	0	0	1	1	1	0	2	2	2	2	1	0	0	2	0	0	0	0	0	0	0	0	0	0	0	0
OTU510	0	0	0	0	0	0	0	0	0	0	0	0	0	0	0	1	0	1	1	1	0	0	1	1	2	0	2	3	2	2	1	2	2	1	2	1	3	0	1	0	0	0	0	0	0	0	0	0	0	0	0	0	0	0	0	0	0	0	0	0	0	0	0	0	0
OTU504	0	0	0	0	0	0	0	0	0	0	0	0	0	0	0	1	0	0	2	1	1	0	1	0	0	0	0	1	1	3	2	4	5	0	0	0	0	0	0	0	0	1	1	1	1	1	0	1	0	0	0	0	0	0	0	0	0	0	0	0	0	0	1	1	0
OTU561	0	1	1	0	0	2	1	1	1	0	2	3	1	0	1	0	0	0	0	0	0	0	0	0	0	0	0	0	0	0	0	0	0	0	0	0	0	0	0	0	2	2	3	2	1	1	1	0	1	2	0	1	0	0	0	0	0	0	0	0	0	0	0	0	0
OTU668	0	0	0	0	0	0	0	0	0	0	0	0	0	0	0	2	2	1	3	1	3	3	1	2	3	2	1	0	1	1	1	0	0	1	0	1	0	1	0	0	0	0	0	0	0	0	0	0	0	0	0	0	0	0	0	0	0	0	0	0	0	0	0	0	0
OTU5358	0	0	0	0	0	0	0	0	0	0	0	0	0	0	0	2	1	1	0	1	2	2	2	2	1	1	1	0	0	2	4	4	4	0	0	0	0	0	0	0	0	0	0	0	0	0	0	0	0	0	0	0	0	0	0	0	0	0	0	0	0	0	0	0	0
OTU3299	0	0	0	0	0	0	0	0	0	0	0	0	0	0	0	0	0	0	0	0	0	0	0	0	0	0	0	0	0	0	0	0	0	0	0	0	0	0	0	5	5	7	2	5	4	0	0	0	1	1	0	0	0	0	0	0	0	0	0	0	0	0	0	0	0
OTU1261	0	0	0	0	0	0	0	0	0	1	0	0	0	0	0	0	0	0	0	0	0	0	0	0	0	0	0	0	0	0	0	0	0	0	0	0	0	0	0	0	0	0	0	0	0	0	0	0	0	0	0	0	0	4	3	1	2	2	3	2	2	3	2	2	2
OTU1248	0	0	0	0	0	0	0	1	0	0	0	1	0	0	1	0	0	0	0	0	0	0	0	0	0	0	0	0	0	0	0	0	0	0	0	0	0	0	0	0	0	0	0	0	0	0	0	0	0	0	0	0	0	2	1	1	2	2	2	3	2	2	3	3	3
OTU1641	0	0	0	0	0	0	0	0	0	0	0	0	0	0	0	0	0	0	0	0	0	0	0	0	0	0	0	0	0	0	0	0	0	0	0	0	0	0	0	0	0	0	0	0	0	0	0	0	0	0	0	0	0	2	2	3	2	3	3	2	2	2	2	3	3
OTU487	1	1	0	2	3	4	1	1	2	1	1	2	1	1	0	0	0	0	0	0	0	0	0	0	0	1	1	0	0	0	1	0	1	0	0	0	1	0	0	0	0	0	0	0	0	0	0	0	0	0	0	0	0	0	0	1	0	0	0	0	0	0	1	0	1
OTU979	2	1	0	1	1	2	1	0	0	1	0	0	1	1	0	0	0	0	0	0	0	0	0	0	0	0	0	0	0	0	0	0	0	0	0	0	0	0	0	0	0	0	0	0	0	0	0	0	0	0	0	0	0	2	3	1	1	2	1	0	0	1	2	3	2
OTU2000	0	0	0	0	0	0	0	0	0	0	0	0	0	0	0	1	0	0	0	0	0	0	0	0	0	0	0	0	0	0	0	0	0	0	0	0	0	0	0	0	0	0	0	0	0	0	0	0	0	0	0	0	0	1	2	1	2	3	3	5	2	2	2	3	2
OTU1264	0	0	0	0	0	0	0	0	0	0	0	0	0	0	0	0	0	0	0	0	0	0	0	0	0	0	0	0	0	0	0	0	0	0	0	0	0	0	0	0	0	0	0	0	0	0	0	0	0	0	0	0	0	3	2	3	1	3	2	1	3	3	4	1	3
OTU1011	1	0	0	1	1	1	1	0	0	1	0	1	2	2	1	0	0	0	0	0	0	0	0	0	0	0	0	0	0	0	0	0	0	0	0	0	0	0	0	1	0	0	0	0	0	0	0	0	0	0	0	0	0	1	1	1	2	2	1	1	1	2	2	1	1
OTU598	1	2	3	0	1	0	2	1	1	2	1	1	2	2	2	0	0	0	0	0	0	0	0	0	0	0	0	0	0	0	0	0	0	0	0	0	0	0	0	0	0	0	0	0	0	0	0	0	0	0	0	0	0	1	1	0	0	1	1	0	1	1	1	0	1
OTU1300	0	0	1	1	0	0	1	1	1	0	1	1	1	0	2	0	0	0	0	0	0	0	0	0	0	0	0	0	0	0	0	0	0	0	0	0	0	0	0	0	0	0	1	0	0	0	1	1	0	0	0	1	0	1	1	2	2	1	1	1	1	1	1	1	2
OTU605	0	1	1	1	0	0	0	0	0	1	1	0	1	0	0	0	0	0	0	0	0	0	0	0	0	0	0	0	0	0	0	0	0	0	0	0	0	0	0	0	0	2	0	3	1	2	0	1	1	1	1	1	0	1	1	1	1	1	1	0	1	0	2	0	1
OTU614	2	1	2	1	0	1	1	2	1	1	2	1	1	1	1	0	0	0	0	0	0	0	0	0	0	0	0	0	0	0	0	0	0	0	0	0	0	0	0	0	0	0	0	0	0	0	0	0	0	0	0	0	0	1	1	0	1	1	1	0	1	1	1	2	1
OTU2464	1	1	0	1	1	1	1	2	1	1	1	1	2	1	1	0	0	0	0	0	0	0	0	0	0	0	0	0	0	0	0	0	0	0	0	0	0	0	0	0	2	0	0	1	0	1	2	1	2	1	1	1	1	0	0	0	0	0	0	0	0	0	0	0	0
OTU2820	0	0	1	0	0	0	1	1	1	0	0	0	0	0	0	1	0	0	4	4	3	3	1	3	0	0	0	1	1	1	1	0	0	0	1	1	0	0	0	0	0	0	0	0	0	0	0	0	0	0	0	0	0	0	0	0	0	0	0	0	0	0	0	0	0
OTU557	0	0	0	0	0	0	0	0	0	0	0	0	0	0	0	0	1	0	1	0	0	0	0	0	0	0	0	4	2	5	2	3	8	0	0	0	0	2	1	0	0	0	0	0	0	0	0	0	0	0	0	0	0	0	0	0	0	0	0	0	0	0	0	0	0
OTU865	0	0	0	0	0	1	0	0	1	1	0	1	0	0	0	1	3	1	1	1	1	0	1	1	0	0	0	1	0	0	1	1	1	0	1	1	1	0	1	1	0	2	0	0	1	0	1	0	0	1	0	0	1	0	0	0	0	0	0	0	0	0	0	0	0
OTU496	0	0	0	0	0	0	0	0	0	0	0	0	0	0	0	5	4	9	0	0	1	1	0	0	0	1	0	0	1	1	1	1	1	1	1	1	0	0	0	0	0	0	0	0	0	0	0	0	0	0	0	0	0	0	0	0	0	0	0	0	0	0	0	0	0
OTU631	0	0	0	0	0	0	0	0	0	0	0	0	0	0	0	0	0	0	0	0	0	0	0	0	0	0	0	0	0	0	0	0	0	0	0	0	0	0	0	5	3	1	0	0	0	3	0	6	3	1	2	0	1	1	0	0	0	1	1	0	0	1	0	0	0
OTU2624	0	0	0	0	0	0	0	0	0	0	0	0	0	1	0	0	0	0	0	0	0	0	0	0	0	0	0	0	0	0	0	0	0	0	0	0	0	0	0	0	0	0	0	0	0	0	0	0	0	0	0	0	0	3	2	3	2	2	2	1	4	2	2	2	2
OTU3146	0	0	0	0	0	0	0	0	0	0	0	0	0	0	0	0	1	0	0	0	0	0	1	2	0	0	0	0	0	0	1	2	1	0	0	0	0	1	0	0	0	0	0	0	0	0	0	0	0	0	0	0	0	2	1	0	2	1	1	3	2	1	3	2	1
OTU522	1	1	1	1	0	0	1	0	0	1	0	0	1	0	0	0	0	0	0	0	0	0	0	0	1	2	2	0	1	0	2	0	1	0	2	1	0	0	1	0	0	0	0	0	0	0	0	0	0	0	0	0	0	0	1	1	0	1	1	1	1	0	1	0	1
OTU824	1	1	1	1	0	2	0	2	1	0	1	1	1	0	1	0	0	0	0	0	0	0	0	0	0	0	0	0	0	0	0	0	0	0	0	0	0	0	0	0	0	0	1	0	0	1	0	1	0	0	1	1	0	1	1	1	1	0	1	1	1	1	1	0	1
OTU925	1	1	0	0	1	1	1	1	0	1	1	2	2	0	1	0	1	0	1	0	0	1	0	0	0	0	0	0	0	0	0	0	0	0	0	0	0	0	0	0	0	1	0	0	0	1	0	0	0	0	0	0	0	1	1	0	1	1	1	1	0	1	1	1	1
OTU571	0	1	0	0	0	1	1	1	0	1	1	1	1	1	1	0	0	0	0	0	0	0	0	0	0	0	0	0	0	0	0	0	0	0	0	0	0	0	0	1	0	0	1	0	2	0	0	1	1	0	1	1	1	1	1	1	0	1	1	0	1	1	1	0	1
OTU594	0	1	1	1	1	0	1	1	0	0	1	0	1	0	1	0	0	0	0	0	0	0	0	0	0	0	0	0	0	0	0	0	0	0	0	0	0	0	0	0	0	1	1	3	1	0	1	0	0	1	1	0	2	1	0	1	1	1	1	0	1	0	0	1	1
OTU2365	3	0	0	0	1	1	0	0	0	0	0	1	0	1	1	0	1	0	0	0	0	0	1	0	3	3	1	0	1	0	0	0	0	1	0	0	0	2	2	1	1	0	0	0	1	0	0	1	0	0	0	0	1	0	0	0	0	0	0	0	0	0	0	0	0
OTU1622	0	0	0	0	0	0	0	0	0	0	0	0	0	0	0	1	1	2	0	0	0	0	0	0	0	0	0	1	0	1	1	2	0	5	7	4	0	1	0	0	0	0	0	0	0	0	0	0	0	0	0	0	0	1	0	0	0	0	0	0	0	0	1	0	0
OTU3063	0	0	0	0	0	0	0	0	0	0	0	0	0	0	0	4	2	4	1	1	0	1	0	0	1	0	1	0	0	1	0	0	0	0	0	0	4	3	4	0	0	0	0	0	0	0	0	0	0	0	0	0	0	0	0	0	0	0	0	1	0	0	0	0	0
OTU560	0	1	1	1	0	0	1	2	1	1	2	1	1	0	2	0	1	0	0	0	0	1	1	1	0	0	0	0	0	0	0	0	0	0	0	0	0	0	0	0	1	0	0	1	2	0	1	1	1	0	0	0	1	0	0	0	0	0	0	1	0	1	0	0	0
OTU1379	0	0	0	0	0	0	0	0	0	0	0	0	0	0	0	4	4	4	0	0	0	3	2	1	0	0	0	0	0	0	2	1	1	0	1	0	1	0	0	0	0	0	0	0	0	0	0	0	0	0	0	0	0	1	1	0	0	0	0	0	0	1	1	0	0
OTU876	0	1	1	0	0	0	0	1	1	1	2	2	1	0	1	0	0	0	0	0	0	3	1	1	0	0	0	0	0	0	0	0	0	0	0	0	0	0	0	1	0	0	2	2	0	2	1	1	1	0	0	1	1	0	0	0	0	0	0	0	0	0	0	0	0
OTU3303	0	0	0	0	0	0	0	0	0	0	0	0	0	0	0	0	0	1	2	2	1	0	1	1	1	0	2	1	2	1	1	3	1	2	2	1	0	1	2	0	0	0	0	0	0	0	0	0	0	0	0	0	0	0	0	0	0	0	0	0	0	0	0	0	0
OTU1889	0	0	0	0	0	0	0	0	0	0	0	0	0	0	0	5	3	3	2	2	2	0	0	1	0	0	0	0	1	0	1	4	1	1	1	1	0	0	0	0	0	0	0	0	0	0	0	0	0	0	0	0	0	0	0	0	0	0	0	0	0	0	0	0	0
OTU862	0	0	0	1	0	1	0	1	0	0	0	0	0	1	0	0	0	0	0	0	0	0	1	1	0	0	0	0	0	0	0	0	0	0	0	0	0	0	0	0	0	0	0	0	0	0	0	0	0	0	0	0	0	2	1	2	2	1	2	1	2	2	2	2	2
OTU896	1	1	0	1	1	1	2	1	1	1	1	2	1	2	1	0	0	0	0	0	0	0	0	0	0	0	0	0	0	0	0	0	0	0	0	0	0	0	0	0	0	0	0	0	0	0	0	1	0	0	1	0	0	0	1	0	1	1	1	0	0	1	1	1	1
OTU629	1	1	1	1	1	0	1	2	2	2	2	1	2	1	4	0	0	0	0	0	0	0	0	0	0	0	0	0	0	0	0	0	0	0	0	0	0	0	0	0	0	0	1	0	0	0	0	0	0	0	0	0	1	1	0	0	1	0	1	0	0	0	0	0	0
OTU521	1	1	2	0	0	2	1	1	2	1	1	2	1	1	1	0	0	0	0	0	0	0	0	0	0	0	0	0	0	0	0	0	0	0	0	0	0	0	0	1	0	0	1	2	1	0	0	0	0	0	1	1	0	1	0	0	1	0	1	0	0	0	0	0	0
OTU4021	0	0	0	0	0	0	0	0	0	0	0	0	0	0	0	0	0	0	0	0	0	0	0	0	0	0	0	0	0	0	0	0	0	0	0	0	0	0	0	0	0	0	0	0	0	0	0	0	0	0	0	0	0	2	2	2	1	2	2	2	3	1	3	4	3
OTU5174	0	0	1	2	1	1	1	1	2	1	1	1	1	1	1	0	0	0	0	0	0	0	0	0	0	0	0	0	0	0	0	0	0	0	0	0	0	0	0	0	0	0	0	0	1	1	0	1	0	0	0	0	1	1	1	0	1	0	1	0	1	1	0	1	1
OTU2703	0	0	0	0	0	0	0	1	1	0	1	1	0	1	0	0	0	0	0	0	0	0	0	0	0	0	0	0	0	0	0	0	0	0	0	0	0	0	0	1	0	0	1	0	1	0	1	1	1	1	0	0	1	1	2	1	1	1	1	1	1	1	1	2	1
OTU2900	0	0	0	1	1	1	0	0	0	0	0	0	0	0	0	1	0	0	0	0	0	2	0	0	1	1	0	0	0	1	1	0	0	3	4	3	0	0	1	0	1	0	0	0	1	2	0	1	0	0	1	0	0	0	0	0	0	0	0	0	0	0	0	0	0
OTU1318	0	0	0	0	0	0	0	0	0	0	0	0	0	0	0	1	1	1	2	1	1	0	1	1	1	1	1	1	0	1	0	0	1	4	3	2	0	2	1	0	0	0	0	0	0	0	0	0	0	0	0	0	0	0	0	0	0	0	0	0	0	0	0	0	0
OTU581	0	1	0	0	0	1	0	0	1	0	0	0	1	1	0	1	0	1	0	0	0	3	1	1	0	1	1	1	2	0	1	1	1	0	0	1	0	0	1	0	0	0	0	1	1	1	0	0	0	0	0	0	0	0	0	0	1	0	0	0	0	1	0	0	0
OTU2182	0	0	0	1	1	0	0	0	1	0	0	0	1	1	1	0	1	1	0	0	0	0	1	1	0	0	1	0	2	1	1	1	1	0	0	0	0	1	1	0	1	1	0	1	0	1	2	0	0	1	1	0	0	0	0	0	0	0	0	0	0	0	0	0	0
OTU2360	0	0	0	0	0	0	0	0	0	0	0	0	0	0	0	1	0	2	0	1	1	0	0	1	2	4	2	0	1	2	2	1	1	0	0	0	2	2	2	0	0	0	0	0	0	0	0	0	0	0	0	0	0	0	0	0	0	0	0	0	0	0	0	0	0
OTU4104	0	0	0	0	0	0	0	0	0	0	0	0	0	0	0	0	0	1	0	0	0	0	0	0	1	1	1	1	1	1	1	1	1	1	0	0	1	0	0	1	0	0	0	0	1	1	1	0	1	1	4	2	3	0	0	0	0	0	0	0	0	0	0	0	0
OTU2507	0	0	0	0	0	0	0	0	0	0	0	0	0	0	0	0	0	0	0	0	0	0	0	0	0	0	0	0	0	0	0	0	0	0	0	0	0	0	0	0	0	0	0	0	0	0	0	0	0	0	0	0	0	2	1	2	4	2	3	1	3	2	2	2	2
OTU3305	3	1	3	1	1	0	3	1	1	1	0	0	0	0	0	1	0	0	1	1	2	2	1	0	0	0	0	0	0	0	0	0	0	0	0	0	0	0	0	0	0	0	0	0	0	0	0	0	0	0	0	0	0	0	0	0	0	0	1	0	1	0	1	0	0
OTU700	0	1	0	0	0	1	1	1	0	0	0	0	1	0	1	0	0	0	0	0	0	0	0	0	0	0	0	0	0	0	0	0	0	0	0	0	0	0	0	0	0	2	0	1	0	0	0	0	1	0	0	1	0	2	1	1	2	0	2	1	1	1	1	2	1
OTU676	1	0	1	1	1	1	0	0	0	0	1	0	0	0	1	0	0	0	1	0	1	1	0	0	0	0	0	0	0	1	0	0	0	0	0	0	0	0	0	0	0	0	0	0	0	0	0	0	0	0	0	0	0	2	2	1	1	1	1	1	2	1	1	1	1
OTU545	1	1	2	1	0	1	0	2	0	1	1	1	0	2	2	0	0	0	0	0	0	0	0	0	0	0	0	0	0	0	0	0	0	0	0	0	0	0	0	0	0	0	1	0	1	0	2	0	0	2	1	0	0	0	0	0	0	1	1	0	1	1	0	0	0
OTU3277	0	0	0	0	1	0	0	0	0	0	0	0	0	0	0	0	0	0	0	0	0	0	0	0	0	0	0	3	1	1	1	1	0	5	2	1	3	3	4	0	0	0	0	0	0	0	0	0	0	0	0	0	0	0	0	0	0	0	0	0	0	0	0	0	0
OTU723	1	1	1	1	1	1	1	1	1	0	1	1	1	1	1	0	0	0	0	0	0	0	0	0	0	0	0	0	0	0	0	0	0	0	0	0	0	0	0	0	0	0	0	0	0	0	0	0	0	0	0	0	0	1	1	1	0	1	1	1	1	1	2	1	1
OTU603	1	1	1	1	1	1	1	1	1	0	0	0	0	1	0	0	0	0	0	0	0	1	1	1	0	0	0	1	2	1	0	0	1	0	1	0	0	0	0	0	0	0	0	0	0	0	0	0	0	0	0	0	0	0	1	2	1	1	0	0	0	0	1	1	0
OTU520	0	0	0	1	1	0	1	1	1	1	1	1	2	3	2	0	0	0	0	0	0	0	0	0	0	0	0	0	0	0	0	0	0	0	0	0	0	0	0	0	0	1	0	3	0	0	1	0	0	1	0	0	1	1	1	1	0	0	0	0	0	0	0	1	0
OTU2691	0	0	0	1	2	1	1	0	0	1	0	0	2	1	1	1	1	0	0	0	0	0	1	0	1	1	1	1	1	1	1	1	1	0	1	0	1	0	2	0	0	0	0	0	0	0	0	0	0	0	0	0	0	0	0	0	0	0	0	0	0	0	0	0	0
OTU528	0	0	1	0	1	1	0	1	1	0	1	1	1	0	2	0	0	0	0	0	0	0	0	0	0	0	0	0	0	0	0	0	0	0	0	0	0	0	0	0	0	0	1	2	0	0	1	0	1	3	1	2	1	0	1	0	1	1	0	0	0	0	0	1	0
OTU737	0	0	0	0	0	0	0	1	0	0	0	1	1	0	0	0	0	0	1	1	0	2	3	2	0	0	0	1	1	1	1	0	0	0	1	1	0	0	0	0	0	0	0	0	0	0	1	1	0	1	1	1	1	0	0	0	0	1	0	0	1	0	0	0	0
OTU938	0	0	0	0	0	0	0	0	0	0	0	0	0	0	0	1	0	1	3	3	5	3	0	0	1	3	2	0	0	0	1	0	0	1	1	1	0	0	0	0	0	0	0	0	0	0	0	0	0	0	0	0	0	0	0	0	0	0	0	0	0	0	0	0	0
OTU595	0	0	0	0	0	0	0	0	0	0	0	0	0	0	0	0	1	0	1	1	1	3	3	1	1	3	0	1	1	1	0	0	0	2	1	2	0	0	2	0	0	0	0	0	0	0	0	0	0	0	0	0	0	0	0	0	0	1	0	0	0	0	0	0	0
OTU479	0	0	0	0	0	0	0	0	0	0	0	0	0	0	0	0	0	0	10	2	7	0	1	0	0	0	0	0	0	1	0	0	0	0	1	0	3	1	0	0	0	0	0	0	0	0	0	0	0	0	0	0	0	0	0	0	0	0	0	0	0	0	0	0	0
OTU625	0	0	0	0	0	0	1	0	1	0	0	2	1	0	1	0	0	0	0	0	0	0	0	0	0	0	0	0	0	0	0	0	0	0	0	0	0	0	0	0	0	5	1	2	1	1	1	0	1	0	1	1	2	0	0	1	0	1	0	1	1	0	0	0	0
OTU956	1	1	1	0	0	1	0	1	1	1	1	1	1	1	2	1	1	0	0	0	0	0	1	0	0	0	0	0	0	0	0	0	0	0	0	0	0	0	0	0	1	1	1	0	1	1	2	0	0	1	1	0	1	0	0	0	0	0	0	0	0	0	0	0	0
OTU2468	0	0	0	0	0	0	0	0	0	0	0	0	0	0	0	1	1	0	5	4	7	0	0	0	1	0	0	1	1	0	1	1	1	0	0	0	1	0	1	0	0	0	0	0	0	0	0	0	0	0	0	0	0	0	0	0	0	0	0	0	0	0	0	0	0
OTU3648	0	0	0	0	0	0	0	0	0	0	0	0	0	0	0	1	0	2	1	1	1	0	0	1	2	1	2	1	3	1	1	1	1	1	1	1	1	0	2	0	0	0	0	0	0	0	0	0	0	0	0	0	0	0	0	0	0	0	0	0	0	0	0	0	0
OTU569	0	0	0	0	0	0	0	0	0	0	0	0	0	0	0	4	1	1	5	2	3	2	1	1	0	1	0	0	0	0	0	0	1	1	2	1	0	0	0	0	0	0	0	0	0	0	0	0	0	0	0	0	0	0	0	0	0	0	0	0	0	0	0	0	0
OTU618	0	0	0	0	0	0	0	0	0	0	0	0	0	0	0	2	4	3	2	1	2	4	2	0	2	1	1	1	1	0	0	0	0	0	0	0	0	0	0	0	0	0	0	0	0	0	0	0	0	0	0	0	0	0	0	0	0	0	0	0	0	0	0	0	0
OTU797	0	0	0	0	0	0	0	0	1	0	0	1	0	0	0	0	0	0	0	0	0	1	1	2	0	0	0	0	0	0	0	0	0	0	0	0	0	0	0	0	0	0	0	0	0	0	0	0	0	0	0	0	0	3	3	3	1	3	1	0	1	2	1	0	1
OTU3483	1	1	0	1	1	1	0	0	0	1	2	1	1	1	2	0	0	0	0	0	0	0	0	1	0	0	0	0	0	0	0	0	0	0	0	0	0	0	0	0	0	0	0	1	1	0	0	1	0	0	0	0	1	0	1	1	0	0	1	0	1	1	0	1	1
OTU638	0	1	1	1	0	1	1	1	1	1	0	1	1	1	2	0	0	0	0	0	0	0	0	0	0	0	0	0	0	0	0	0	0	0	0	0	0	0	0	0	1	0	0	0	1	0	1	0	2	0	0	0	0	1	0	1	1	0	1	0	0	0	1	1	1
OTU5609	0	0	0	0	0	0	0	0	0	0	0	0	0	0	0	0	0	0	0	0	0	0	0	0	0	0	0	0	0	0	0	0	0	0	0	0	0	0	0	0	0	0	0	0	0	0	0	0	0	0	0	0	0	2	3	2	2	1	2	3	2	1	2	2	3
OTU800	1	0	1	1	1	1	0	0	1	1	1	1	1	1	1	0	0	0	0	0	0	0	0	0	0	0	0	0	0	0	0	0	0	0	0	0	0	0	0	0	0	0	0	0	0	0	0	1	0	0	0	1	0	1	1	1	1	1	0	1	1	1	1	1	1
OTU765	2	1	0	0	1	0	0	0	0	0	0	0	0	0	1	0	0	0	0	0	0	0	0	0	0	0	0	0	0	0	0	0	0	0	0	0	0	0	0	0	1	1	0	0	0	1	0	0	0	1	0	0	1	1	1	2	1	1	1	1	2	1	1	1	2
OTU2921	1	1	1	0	1	2	1	2	0	1	1	1	1	2	1	0	0	0	0	0	0	0	0	0	0	0	0	0	0	0	0	0	0	0	0	0	0	0	0	0	0	1	1	0	1	1	0	0	0	0	1	0	2	0	0	0	0	1	0	0	0	1	0	0	0
OTU897	0	1	1	0	0	1	2	1	0	1	2	0	1	1	1	1	0	0	0	0	0	0	1	1	0	0	0	0	0	0	0	0	0	0	0	0	0	0	0	0	0	0	0	2	0	0	1	0	0	0	0	0	0	1	1	1	1	1	1	0	0	1	0	0	0
OTU976	0	0	1	0	0	0	1	1	1	1	1	1	1	2	2	0	0	0	0	0	0	0	0	0	1	1	1	0	0	0	0	0	0	0	0	1	0	1	0	0	0	0	0	0	0	0	0	0	0	0	0	0	0	0	1	1	0	1	1	1	1	1	1	0	0
OTU1035	0	0	1	1	0	0	0	1	1	1	0	2	2	0	1	1	0	0	0	0	0	0	0	1	0	0	0	0	0	0	0	0	0	0	0	0	0	0	0	0	2	1	1	2	1	1	1	0	0	0	0	0	0	0	0	0	0	1	1	0	1	1	0	0	0
OTU795	1	0	0	1	1	0	1	0	1	1	0	1	1	1	1	0	0	0	0	0	0	0	0	0	0	0	0	0	0	0	0	0	0	0	0	0	0	0	0	0	0	0	1	0	0	0	0	1	0	1	0	1	1	1	1	1	1	0	1	1	1	1	1	1	0
OTU500	0	0	0	0	1	1	1	1	1	0	1	1	1	0	1	0	0	0	0	0	0	0	0	0	0	0	0	0	0	0	0	0	0	0	0	0	0	0	0	0	0	2	1	1	1	0	1	0	0	1	1	2	1	1	0	0	0	0	0	1	1	1	0	1	0
OTU3344	0	0	0	0	0	0	0	0	0	0	0	0	0	0	0	0	0	0	0	0	0	0	0	0	1	0	1	2	3	2	1	1	3	1	3	1	3	1	2	0	0	0	0	0	0	0	0	0	0	0	0	0	0	0	0	0	0	0	0	0	0	0	0	0	0
OTU3747	1	1	1	0	0	1	0	0	0	3	3	2	1	0	2	0	0	0	0	0	0	0	0	0	0	0	0	0	0	0	0	0	0	0	0	0	0	0	0	0	0	2	3	2	0	1	2	0	0	0	0	0	0	0	0	0	0	0	0	0	0	0	0	0	0
OTU578	0	0	0	0	0	0	0	0	0	0	0	0	0	0	0	0	1	1	1	0	0	2	1	3	0	0	0	3	2	3	1	3	3	0	0	1	0	0	0	0	0	0	0	0	0	0	0	0	0	0	0	0	0	0	0	0	0	0	0	0	0	0	0	0	0
OTU731	0	0	0	0	0	0	0	0	0	0	0	0	0	0	0	3	2	2	1	0	1	1	2	1	0	1	0	1	1	2	1	0	1	1	2	0	1	1	0	0	0	0	0	0	0	0	0	0	0	0	0	0	0	0	0	0	0	0	0	0	0	0	0	0	0
OTU505	0	0	0	0	0	0	0	0	0	0	0	0	0	0	0	2	1	1	0	0	0	3	2	3	0	1	0	1	2	0	3	2	1	0	1	0	1	0	1	0	0	0	0	0	0	0	0	0	0	0	0	0	0	0	0	0	0	0	0	0	0	0	0	0	0
OTU781	3	2	2	0	1	0	1	0	0	2	1	1	0	0	0	0	0	0	0	0	0	0	0	0	0	1	0	0	1	0	0	0	0	0	0	0	0	0	0	0	0	0	0	0	0	0	0	0	0	0	0	0	0	1	1	1	1	1	0	1	1	1	0	0	1
OTU4092	0	0	0	0	0	0	0	0	0	0	0	0	0	0	0	0	0	0	0	0	0	0	0	0	0	0	0	0	0	0	0	0	0	0	0	0	0	0	0	0	0	0	0	0	0	0	0	0	0	0	0	0	0	3	1	1	3	2	2	2	2	2	2	2	2
OTU562	1	1	1	1	1	0	1	2	2	1	1	1	1	1	0	0	0	0	0	0	0	0	0	0	0	0	0	0	0	0	0	0	0	0	0	0	0	0	0	0	0	0	0	0	0	0	0	0	0	0	0	0	0	0	1	0	1	1	1	0	1	1	1	1	1
OTU537	1	1	0	0	2	0	1	2	1	0	1	1	1	1	1	0	0	0	0	0	0	0	0	0	0	0	0	0	0	0	0	0	0	0	0	0	0	0	0	0	0	1	1	1	0	0	1	1	0	1	0	1	0	0	0	0	0	1	1	0	1	0	1	0	0
OTU1458	0	0	0	1	1	0	0	0	0	0	1	0	2	1	1	1	0	1	1	1	1	0	1	1	0	0	0	0	0	1	1	1	1	0	0	0	0	1	0	0	0	0	0	1	0	0	1	1	0	0	0	0	2	0	0	0	0	0	0	0	0	0	0	0	0
OTU695	0	0	1	0	2	1	1	1	0	2	1	1	1	1	1	0	0	0	0	0	0	0	0	0	0	0	0	0	0	0	0	0	0	0	0	0	0	0	0	0	0	1	2	1	1	1	0	1	0	0	0	2	0	0	0	0	0	1	0	0	0	0	1	0	0
OTU619	1	1	1	0	1	0	0	1	1	0	1	1	1	1	1	0	0	0	0	0	0	0	0	0	0	0	0	0	0	0	0	0	0	0	0	0	0	0	0	0	0	0	0	1	0	0	1	1	0	1	0	1	0	0	1	1	0	0	1	1	0	1	1	1	1
OTU2835	0	0	0	0	1	1	0	1	1	1	0	1	1	0	1	0	0	0	0	0	0	0	0	0	0	0	0	0	0	0	0	0	0	0	0	0	0	0	0	0	0	0	1	0	1	2	1	1	1	1	1	3	2	0	0	0	0	0	0	1	0	0	0	1	0
OTU874	0	0	0	0	0	0	1	0	0	0	0	1	0	0	0	0	1	0	0	0	1	1	0	0	0	0	0	0	0	0	0	0	0	0	0	0	0	0	0	1	2	0	0	0	0	0	3	0	1	0	1	0	1	1	0	1	1	1	1	1	1	1	1	0	1
OTU444	0	0	0	0	0	0	0	0	0	0	0	0	0	0	0	0	0	0	1	0	0	0	2	1	3	5	2	0	0	0	0	0	0	1	2	2	1	2	2	0	0	0	0	0	0	0	0	0	0	0	0	0	0	0	0	0	0	0	0	0	0	0	0	0	0
OTU757	0	0	0	0	0	0	0	1	0	0	0	0	1	0	0	1	1	0	3	0	2	0	0	1	0	1	0	0	0	0	0	1	0	0	1	1	0	0	0	0	1	1	1	0	1	1	1	0	1	1	1	0	1	0	0	0	0	0	0	0	0	0	0	0	0
OTU1079	0	0	0	0	0	0	0	0	0	0	0	0	0	0	0	1	0	0	1	3	4	1	0	0	1	0	1	0	1	0	2	2	1	1	2	1	1	0	1	0	0	0	0	0	0	0	0	0	0	0	0	0	0	0	0	0	0	0	0	0	0	0	0	0	0
OTU715	0	1	0	0	0	0	2	2	1	0	1	1	0	0	0	1	1	1	0	0	1	0	1	0	0	0	1	0	0	1	0	0	0	0	1	0	0	0	0	0	0	0	1	1	0	1	0	0	0	0	0	0	0	1	0	1	0	0	0	1	0	1	0	0	0
OTU1675	0	0	0	0	0	0	0	0	0	0	0	0	0	0	0	0	0	0	0	0	0	0	0	0	0	0	0	0	0	0	0	0	0	0	0	0	0	0	0	0	0	0	0	0	0	0	0	0	0	0	0	0	0	3	1	2	2	1	1	3	2	2	2	2	2
OTU1337	0	1	1	1	1	1	1	0	1	1	1	2	1	1	1	0	0	0	0	0	0	0	0	1	0	0	0	0	0	0	0	0	0	0	0	0	0	0	0	0	0	0	0	0	0	1	0	0	0	1	0	0	0	1	0	0	1	0	0	0	1	1	1	1	0
OTU416	0	1	1	0	0	0	1	2	1	6	4	7	0	0	0	0	0	0	0	0	0	0	0	0	0	0	0	0	0	0	0	0	0	0	0	0	0	0	0	0	0	0	0	0	0	0	0	0	0	0	0	0	0	0	0	0	0	0	0	0	0	0	0	0	0
OTU4093	0	0	0	0	0	0	0	0	0	0	0	0	0	0	0	0	0	0	0	0	0	0	0	0	0	0	0	0	0	0	0	0	0	0	0	0	0	0	0	0	0	0	0	0	0	0	0	0	0	0	0	0	0	2	2	1	2	1	2	2	2	2	2	3	2
OTU3879	0	0	0	0	0	0	0	0	0	0	0	0	0	0	0	1	0	0	0	0	0	0	0	1	0	0	0	0	0	0	0	0	0	0	0	0	0	0	0	0	0	0	1	0	0	0	0	0	0	0	0	1	0	2	2	2	1	1	1	1	1	2	2	2	2
OTU3231	0	1	1	1	1	1	2	0	0	1	1	1	2	1	1	0	0	0	0	0	0	0	0	0	0	0	0	0	0	0	0	0	0	0	0	0	0	0	0	0	0	0	0	0	0	0	0	0	0	0	0	0	0	1	1	0	1	1	1	1	0	1	1	0	1
OTU663	0	0	0	0	0	0	0	0	0	0	0	0	0	1	0	0	0	0	0	0	0	0	0	0	0	0	0	1	2	1	1	1	1	0	1	0	0	0	0	0	0	0	0	0	0	0	0	0	0	0	0	0	0	1	1	1	1	1	1	2	1	1	1	2	1
OTU636	0	0	1	1	1	0	1	1	0	1	1	1	1	1	1	0	0	0	0	1	0	1	1	1	0	0	0	0	0	0	0	0	0	0	0	0	0	0	0	0	0	0	0	0	0	0	0	0	0	0	0	0	0	1	1	0	1	1	1	0	0	0	1	1	1
OTU2307	1	1	0	1	1	1	1	0	0	1	0	2	1	2	1	0	0	0	0	0	0	0	0	0	0	0	0	0	0	0	0	0	0	0	0	0	0	0	0	0	0	0	0	0	1	0	1	0	0	0	1	1	1	0	0	0	0	0	1	1	1	0	1	1	0
OTU1419	1	1	1	0	0	1	0	1	1	0	1	0	1	1	2	0	0	0	0	0	0	0	0	0	0	0	0	0	0	0	0	0	0	0	0	0	0	0	0	0	0	0	0	0	0	0	0	0	0	0	0	0	0	1	1	2	1	1	0	0	2	1	1	1	1
OTU473	0	0	0	3	5	4	0	0	0	0	0	0	1	3	2	0	0	0	1	0	0	2	1	1	0	0	0	0	0	0	0	0	0	0	0	0	0	0	0	0	0	0	0	0	0	0	0	0	0	0	0	0	0	0	0	0	0	0	0	0	0	0	0	0	0
OTU3615	0	0	1	0	1	1	0	1	1	0	1	0	1	0	0	0	0	0	0	0	0	0	0	0	0	0	0	0	1	1	0	0	1	0	1	0	0	0	0	0	1	0	0	0	0	1	0	1	0	1	1	0	1	0	1	0	0	1	0	1	0	1	1	1	0
OTU1484	0	0	0	0	0	1	0	0	0	0	0	0	0	1	0	0	0	0	0	0	0	0	0	0	0	0	0	0	1	0	0	0	0	1	1	0	0	0	0	1	0	0	1	1	3	3	0	0	0	4	1	0	0	0	0	1	1	0	0	0	0	1	0	1	0
OTU2473	0	0	0	0	0	0	0	0	0	0	0	0	0	0	0	1	2	2	4	3	3	0	0	0	1	0	0	0	1	0	0	2	0	1	0	0	1	2	0	0	0	0	0	0	0	0	0	0	0	0	0	0	0	0	0	0	0	0	0	0	0	0	0	0	0
OTU831	0	0	0	0	0	0	0	0	0	0	0	0	0	0	0	2	4	5	3	3	5	1	0	0	0	0	0	0	0	0	0	0	0	0	0	0	0	0	0	0	0	0	0	0	0	0	0	0	0	0	0	0	0	0	0	0	0	0	0	0	0	0	0	0	0
OTU564	0	0	0	0	0	0	0	0	0	0	0	0	0	0	0	0	0	0	0	0	0	0	0	0	1	0	0	2	3	2	0	0	2	1	3	2	1	1	1	0	0	0	1	0	1	1	0	0	0	0	0	0	1	0	0	0	0	0	0	0	0	0	0	0	0
OTU604	0	0	0	0	0	0	0	0	0	0	0	0	0	0	0	0	0	0	0	0	0	0	0	0	0	0	0	0	0	0	0	0	0	0	0	0	0	0	0	1	1	1	2	5	1	0	0	1	2	3	1	3	2	0	0	0	0	0	0	0	0	0	0	0	0
OTU1311	1	0	0	0	0	0	0	1	1	1	0	0	0	0	1	0	0	0	0	0	0	0	0	0	0	0	0	0	0	0	0	0	0	0	0	0	0	0	0	0	0	0	0	0	0	0	0	0	0	0	0	0	0	2	1	3	1	1	1	1	1	1	1	1	3
OTU1200	0	0	0	0	0	0	0	0	0	0	0	0	1	0	0	0	0	0	0	0	0	0	0	0	0	0	0	0	0	0	0	0	0	0	0	0	0	0	0	0	0	0	0	0	0	0	0	0	0	2	1	0	0	2	2	2	1	1	1	1	1	2	2	1	2
OTU514	1	2	2	1	1	2	1	1	1	2	2	2	1	2	1	0	0	0	0	0	0	0	0	0	0	0	0	0	0	0	0	0	0	0	0	0	0	0	0	0	0	0	0	0	0	0	0	0	0	0	0	0	0	0	0	0	0	0	0	0	0	0	0	0	0
OTU2967	1	1	1	0	0	1	2	1	1	0	0	1	1	1	1	0	0	0	0	0	0	0	0	0	0	0	0	0	0	0	0	0	0	0	0	0	0	0	0	0	0	0	1	1	1	0	0	0	1	0	0	2	0	0	0	0	1	0	1	0	0	1	1	0	0
OTU627	0	0	0	0	0	1	0	0	0	1	1	1	0	0	1	1	0	0	0	0	1	0	1	2	0	0	0	0	0	0	0	0	0	0	0	0	0	0	0	0	0	0	0	0	0	1	1	0	1	1	0	0	0	1	1	0	0	1	1	0	1	0	1	1	1
OTU632	0	1	0	1	0	0	1	1	0	1	2	1	1	1	2	0	0	0	0	0	0	0	0	0	0	0	0	0	0	0	0	0	0	0	0	0	0	0	0	0	0	0	0	0	0	0	0	0	0	0	0	0	0	1	1	1	0	1	1	0	1	1	1	1	1
OTU787	0	1	1	0	1	0	1	1	1	2	3	2	1	1	2	0	0	0	0	0	0	0	0	0	0	0	0	0	0	0	0	0	0	0	0	0	0	0	0	0	0	0	0	0	0	0	0	0	0	0	0	0	0	0	0	1	0	0	1	0	0	1	1	1	0
OTU753	1	0	1	0	0	1	1	1	1	2	2	1	1	1	1	0	0	0	0	0	0	0	0	1	0	0	0	0	0	0	0	0	0	0	0	0	0	0	0	0	0	0	0	0	0	0	0	0	0	0	0	0	0	1	0	1	1	0	1	1	0	0	1	0	1
OTU985	1	1	1	1	0	1	1	1	0	1	1	1	1	1	1	0	0	0	0	0	0	0	0	0	0	0	0	0	0	0	0	0	0	0	0	0	0	0	0	0	0	0	0	0	0	0	0	0	0	0	0	0	0	1	0	1	0	1	1	0	1	1	1	1	1
OTU729	0	0	0	0	1	1	0	1	1	5	2	5	2	3	1	0	0	0	0	0	0	0	0	0	0	0	0	0	0	0	0	0	0	0	0	0	0	0	0	0	0	0	0	0	0	0	0	0	0	0	0	0	0	0	0	0	0	0	0	0	0	0	0	0	0
OTU659	0	1	0	0	1	1	1	1	0	0	1	1	2	0	1	0	0	0	0	0	0	0	0	0	0	0	0	0	0	0	0	0	0	0	0	0	0	0	0	0	1	0	0	0	1	0	2	1	0	1	1	1	2	0	0	1	0	0	0	1	0	0	0	0	0
OTU3047	1	0	0	0	0	0	0	0	1	1	1	1	0	0	0	0	0	0	0	1	0	0	0	0	1	1	1	0	1	1	1	3	2	0	0	0	1	2	2	0	0	0	0	0	0	0	0	0	0	0	0	0	0	0	0	0	0	0	0	0	0	0	0	0	0
OTU838	0	1	1	1	1	1	0	1	1	1	1	0	2	0	2	0	0	0	0	0	0	0	0	0	0	0	0	0	0	0	0	0	0	0	0	0	0	0	0	0	1	2	2	1	1	0	1	1	0	0	0	0	0	0	0	0	0	0	0	0	0	0	0	0	0
OTU3297	1	0	0	0	1	0	0	0	0	1	0	0	1	1	0	0	0	0	0	0	0	0	0	0	1	1	2	1	2	1	0	0	0	1	1	0	0	0	0	2	0	1	0	0	0	1	0	1	0	0	1	0	1	0	0	0	0	0	0	0	0	0	0	0	0
OTU606	0	1	1	0	1	0	0	1	0	1	1	1	3	1	3	0	0	0	0	0	0	0	0	0	0	0	0	0	0	0	0	0	0	0	0	0	0	0	0	0	1	0	1	1	2	0	0	0	1	1	1	0	0	0	0	0	0	0	0	0	0	0	0	0	0
OTU701	0	1	1	0	1	0	0	1	1	1	1	1	1	0	1	0	0	0	0	1	0	0	1	1	0	0	0	0	0	0	0	0	0	0	0	0	0	0	0	0	0	1	1	0	0	0	0	1	1	1	0	0	1	0	0	0	0	0	0	1	0	1	1	0	0
OTU4978	0	1	1	0	0	0	0	0	1	1	1	1	2	0	1	0	0	0	0	0	0	0	0	0	0	0	0	0	0	0	0	0	0	0	0	0	0	0	0	1	1	1	0	1	0	1	1	1	0	1	1	1	2	0	0	0	1	0	0	0	0	0	0	0	0
OTU509	0	0	0	0	0	0	0	0	0	0	0	0	0	0	0	4	2	2	5	1	4	3	1	0	0	0	0	0	0	0	0	0	0	0	0	0	0	0	0	0	0	0	0	0	0	0	0	0	0	0	0	0	0	0	0	0	0	0	0	0	0	0	0	0	0
OTU617	0	1	1	1	0	0	1	1	1	1	0	1	1	1	1	0	0	0	0	0	0	0	0	0	0	0	0	0	0	0	0	0	0	0	0	0	0	0	0	1	2	1	1	1	1	0	1	0	0	2	0	1	0	0	0	0	0	0	0	0	0	0	0	0	0
OTU1389	0	0	0	0	0	0	0	0	0	0	0	0	0	0	0	0	0	0	0	0	0	0	0	0	0	0	0	0	0	0	0	0	0	0	0	0	0	0	0	0	0	0	0	0	0	0	0	0	0	0	0	0	0	1	3	3	3	1	2	0	2	2	1	1	2
OTU539	0	1	1	0	1	2	1	1	0	0	0	1	1	2	1	0	0	0	0	0	0	0	0	0	0	0	0	0	0	0	0	0	0	0	0	0	0	0	0	0	1	1	2	1	0	0	0	0	0	0	1	1	1	0	0	1	0	0	0	0	0	0	0	0	0
OTU722	1	1	1	1	0	1	1	1	1	1	1	2	1	1	2	0	0	0	0	0	0	0	0	0	0	0	0	0	0	0	0	0	0	0	0	0	0	0	0	0	0	0	0	0	0	0	0	0	0	0	0	0	0	0	0	0	1	0	1	1	0	0	1	1	0
OTU1131	1	0	0	0	1	1	0	1	0	0	1	1	1	0	1	0	0	0	0	0	0	0	0	0	0	0	0	0	0	0	0	0	0	0	0	0	0	0	0	0	0	0	0	0	0	0	0	0	0	0	0	0	0	1	2	2	2	1	1	0	1	1	1	0	1
OTU1537	1	0	0	1	1	1	0	1	1	1	0	1	1	1	0	1	0	1	1	0	0	0	0	0	0	0	0	0	0	0	0	0	0	0	0	0	0	0	0	1	1	0	0	2	1	1	0	0	0	1	1	0	0	0	0	0	0	0	0	0	0	0	0	0	0
OTU4235	0	1	1	0	0	1	0	2	0	1	1	1	1	1	0	0	0	0	0	0	0	0	0	0	0	0	0	0	0	0	0	0	0	0	0	0	0	0	0	0	2	0	1	0	1	1	1	0	1	1	1	1	0	0	1	0	0	0	0	0	0	0	0	0	0
OTU4705	2	0	2	0	1	1	0	1	1	1	1	0	1	0	1	0	0	0	0	0	0	0	0	0	0	0	0	0	0	0	0	0	0	0	0	0	0	0	0	0	0	0	0	0	0	0	0	0	0	0	0	0	0	1	1	1	1	0	1	0	1	1	1	1	0
OTU652	0	1	0	0	1	0	1	1	1	0	0	1	0	0	0	0	0	1	0	0	1	0	0	0	1	0	1	1	2	0	1	0	0	0	1	1	2	2	1	0	0	0	0	0	0	0	0	0	0	0	0	0	0	0	0	0	0	0	0	0	0	0	0	0	0
OTU924	0	0	0	1	0	1	1	1	0	1	1	0	1	1	2	0	0	0	0	0	0	0	0	0	0	0	0	0	0	0	0	0	0	0	0	0	0	0	0	0	0	0	0	0	0	0	0	0	0	0	0	0	0	1	1	1	1	1	1	1	0	1	1	1	1
OTU688	0	1	0	0	1	0	0	1	0	0	1	1	2	1	1	0	0	0	0	0	0	0	0	0	0	0	0	0	0	0	0	0	0	0	0	0	0	0	0	0	0	0	1	1	0	0	1	0	0	0	1	1	0	0	0	1	1	1	1	1	0	0	1	0	1
OTU5532	0	1	1	0	1	1	1	1	1	1	0	0	2	1	1	0	0	0	0	0	0	0	0	0	0	0	0	0	0	0	0	0	0	0	0	0	0	0	0	0	0	0	0	1	0	0	0	0	0	0	0	1	1	0	0	0	1	1	0	0	1	0	1	1	1
OTU3789	0	0	0	0	1	0	0	0	1	1	0	0	0	1	1	0	1	1	0	1	0	2	1	0	1	0	0	1	0	0	1	1	1	2	1	0	0	0	0	0	0	0	0	0	1	0	0	0	0	0	1	0	0	0	0	0	0	0	0	0	0	0	0	0	0
OTU5593	1	1	1	0	1	0	0	1	1	0	0	1	1	1	1	0	0	0	0	0	0	0	0	0	0	0	0	0	0	0	0	0	0	0	0	0	0	0	0	0	1	0	0	2	0	1	0	1	0	0	1	0	1	0	0	1	0	1	0	1	0	0	0	0	1
OTU812	1	1	1	1	0	0	0	0	1	1	2	0	1	0	1	0	0	0	0	0	0	0	1	1	0	0	0	0	0	0	0	0	0	0	0	0	0	0	0	0	0	0	0	0	0	0	0	0	0	0	0	0	0	0	1	1	1	0	1	0	1	1	1	1	1
OTU4330	0	0	0	0	1	0	0	0	0	0	1	1	1	1	1	0	0	0	0	0	0	0	1	1	0	0	0	0	1	1	0	0	0	0	1	0	0	0	0	0	0	0	0	0	0	0	0	0	0	0	0	0	0	1	1	1	0	2	1	1	0	1	1	1	0
OTU654	0	0	0	0	0	0	0	1	1	1	1	1	0	0	1	1	1	0	2	1	2	2	2	0	0	0	0	0	0	0	0	0	0	0	0	0	0	0	0	0	0	0	0	1	0	0	2	0	0	0	0	0	0	0	0	0	0	0	0	0	0	0	0	1	0
OTU884	0	0	0	0	0	0	0	1	0	0	1	0	0	0	1	0	0	0	0	0	0	2	1	0	0	0	2	1	1	1	0	1	0	0	2	2	0	0	0	0	0	0	0	2	0	0	1	0	0	0	1	0	0	0	0	0	0	0	0	0	0	0	0	0	1
OTU517	0	0	0	0	1	1	0	1	1	0	2	1	1	2	1	0	0	0	0	0	0	0	1	1	0	0	0	0	0	0	0	0	0	0	0	0	0	0	0	0	0	0	0	1	0	1	2	1	2	0	0	0	1	0	0	0	0	0	0	0	0	0	0	0	0
OTU894	0	0	0	0	0	0	0	0	0	0	0	0	0	0	0	2	0	1	1	2	1	0	1	1	1	0	1	2	3	2	1	0	0	1	0	0	0	0	1	0	0	0	0	0	0	0	0	0	0	0	0	0	0	0	0	0	0	0	0	0	0	0	0	0	0
OTU733	0	0	0	0	0	0	0	0	0	0	0	0	0	0	0	1	1	0	0	0	1	1	0	0	0	1	0	2	2	1	2	1	1	1	1	2	1	1	1	0	0	0	0	0	0	0	0	0	0	0	0	0	0	0	0	0	0	0	0	0	0	0	0	0	0
OTU716	0	0	0	0	0	0	0	0	0	0	0	0	0	0	0	1	1	0	3	3	7	0	0	0	1	2	1	0	0	1	0	0	1	0	0	0	0	0	0	0	0	0	0	0	0	0	0	0	0	0	0	0	0	0	0	0	0	0	0	0	0	0	0	0	0
OTU720	0	0	0	0	0	0	0	0	0	0	0	0	0	0	0	2	3	1	1	2	1	4	1	1	0	0	0	0	0	0	1	2	1	0	1	0	0	0	0	0	0	0	0	0	0	0	0	0	0	0	0	0	0	0	0	0	0	0	0	0	0	0	0	0	0
OTU576	0	0	0	0	0	0	0	0	0	0	0	0	0	0	0	2	1	2	2	2	1	0	2	2	0	0	0	0	1	0	1	0	1	0	0	1	1	0	0	0	0	0	0	0	0	0	0	0	0	0	0	0	0	0	0	0	0	1	0	0	0	0	0	1	0
OTU754	0	0	0	0	0	0	0	0	0	0	0	1	0	0	0	0	0	0	0	0	0	0	0	0	0	0	0	0	0	0	0	0	0	0	0	0	0	0	0	1	3	0	3	2	1	1	0	3	0	0	1	3	1	0	0	0	0	0	0	0	0	0	0	0	1
OTU646	1	0	0	0	0	0	0	0	0	0	0	1	0	0	0	0	0	0	0	0	0	0	0	0	0	0	0	0	0	0	0	0	0	0	0	0	0	0	0	0	0	0	3	3	2	1	3	2	3	1	1	0	0	0	0	0	0	0	0	0	0	0	0	0	0
OTU839	0	0	0	0	0	0	0	0	0	0	0	0	0	0	0	0	2	1	3	4	2	0	0	0	0	0	0	1	2	1	2	2	1	0	0	0	0	0	0	0	0	0	0	0	0	0	0	0	0	0	0	0	0	0	0	0	0	0	0	0	0	0	0	0	0
OTU518	0	0	0	0	0	0	0	0	0	0	0	0	0	0	0	2	1	1	4	1	5	4	2	1	0	0	0	0	0	0	0	0	0	0	0	0	0	0	0	0	0	0	0	0	0	0	0	0	0	0	0	0	0	0	0	0	0	0	0	0	0	0	0	0	0
OTU3236	0	0	0	0	0	0	0	0	0	0	0	0	0	0	0	0	0	0	0	0	0	0	0	0	0	0	0	0	0	0	0	0	0	0	0	0	0	0	0	1	4	4	0	2	1	1	2	0	0	0	1	2	2	1	0	0	0	0	0	0	0	0	0	0	0
OTU766	0	1	0	0	1	0	1	0	1	0	0	1	1	0	1	1	0	0	0	0	0	0	0	0	0	0	0	0	0	0	0	0	0	0	0	0	0	0	0	0	0	0	0	0	0	0	0	0	0	0	0	0	0	0	1	1	1	1	1	1	1	1	1	1	2
OTU3668	0	0	0	0	0	0	0	0	0	0	0	0	0	0	0	0	0	0	0	0	0	0	0	0	0	0	0	0	0	0	0	0	0	0	0	0	0	0	0	0	0	0	0	0	0	0	0	0	0	0	0	0	0	2	3	1	2	2	2	1	1	1	2	2	1
OTU1374	0	0	0	0	0	0	0	0	0	0	0	0	0	0	0	0	0	0	0	0	0	0	0	0	0	0	0	0	0	0	0	0	0	0	0	0	0	0	0	0	0	0	0	0	0	0	0	0	0	0	0	0	0	3	2	2	1	1	2	1	2	2	1	2	1
OTU2968	0	0	0	3	1	2	2	1	1	1	0	0	1	2	1	0	0	0	0	0	0	0	0	0	0	0	0	0	0	0	0	0	0	0	0	0	0	0	0	0	0	0	0	0	0	0	0	0	0	0	0	0	0	1	0	0	0	1	0	1	1	0	0	1	0
OTU3613	0	0	0	0	0	1	1	1	0	0	0	0	1	0	0	0	0	0	0	0	0	0	0	0	0	0	0	0	1	0	0	0	0	0	1	0	0	0	0	0	0	0	0	0	0	0	0	0	0	0	0	0	0	1	1	2	2	1	1	2	1	1	1	0	1
OTU602	0	1	0	0	0	1	0	0	0	0	1	0	1	0	2	0	1	0	0	0	1	0	2	1	0	0	0	0	0	1	0	1	0	0	0	0	0	0	0	1	0	1	0	0	0	0	0	0	0	0	0	1	1	0	0	1	0	0	1	0	0	0	0	1	0
OTU3334	0	1	1	1	1	0	0	0	0	1	1	0	1	1	2	0	0	0	0	0	0	0	0	0	0	0	0	0	0	0	0	0	0	0	0	0	0	0	0	0	0	0	0	0	0	0	0	0	0	0	0	0	0	1	0	2	1	1	1	1	0	0	1	1	1
OTU863	0	1	0	0	0	0	1	1	0	1	1	1	1	0	1	1	0	0	0	0	1	1	1	1	0	0	0	0	0	0	0	0	0	0	0	0	0	0	0	0	0	0	0	0	0	0	0	0	0	0	0	0	0	0	0	1	1	1	0	0	1	0	1	1	1
OTU1995	1	0	0	0	1	1	1	0	1	0	0	1	0	1	1	0	0	0	0	0	0	0	0	1	0	0	0	0	1	0	1	0	0	0	0	0	0	0	0	0	0	0	0	1	0	2	2	0	1	1	1	0	1	0	0	0	0	0	0	0	0	0	0	0	0
OTU593	1	1	0	0	0	1	0	1	1	0	0	0	0	0	1	0	0	0	0	0	0	0	0	0	0	0	0	0	0	0	0	0	0	0	0	0	0	0	0	0	1	2	0	1	1	0	0	0	0	2	1	1	2	0	0	0	0	0	1	0	1	0	0	1	0
OTU842	0	0	0	0	0	0	0	0	0	0	0	0	0	0	0	0	0	0	0	0	0	0	0	0	0	0	0	1	1	0	0	1	1	0	1	1	0	0	0	0	0	0	0	0	2	3	1	0	0	0	5	2	1	0	0	0	0	0	0	0	0	0	0	0	0
OTU687	0	1	0	0	0	1	1	0	0	0	1	0	2	0	0	0	0	0	0	0	1	0	0	0	0	0	0	0	0	0	0	0	0	0	0	0	0	0	0	0	1	2	0	3	1	0	0	1	0	0	1	0	2	0	0	0	0	0	0	0	0	1	0	0	1
OTU782	0	0	1	0	0	1	1	1	1	1	1	1	2	1	0	0	0	0	0	0	0	0	0	0	0	0	0	0	0	0	0	0	0	0	0	0	0	0	0	0	0	0	1	2	1	1	1	0	1	0	1	1	0	0	0	0	0	0	0	0	0	0	0	0	0
OTU784	0	0	0	0	0	0	0	0	0	0	0	0	0	0	0	5	5	8	0	1	1	0	0	0	0	0	0	0	0	0	0	0	0	0	0	0	0	0	0	0	0	0	0	0	0	0	0	0	0	0	0	0	0	0	0	0	0	0	0	0	0	0	0	0	0
OTU808	1	1	0	0	0	1	0	1	0	0	1	1	1	1	1	0	0	0	0	0	0	0	0	0	0	0	0	0	0	0	0	0	0	0	0	0	0	0	0	1	0	1	1	1	1	0	1	1	1	1	0	2	0	0	0	0	0	0	0	0	0	0	0	0	0
OTU648	0	0	0	0	0	0	0	0	0	0	0	0	0	0	0	0	1	0	3	5	1	1	1	2	0	1	1	2	1	1	0	0	0	0	0	0	0	0	0	0	0	0	0	0	0	0	0	0	0	0	0	0	0	0	0	0	0	0	0	0	0	0	0	0	0
OTU600	0	0	0	0	0	0	0	0	0	0	0	0	0	0	0	1	3	1	4	6	5	0	0	0	0	0	0	0	0	0	0	0	0	0	0	0	0	0	0	0	0	0	0	0	0	0	0	0	0	0	0	0	0	0	0	0	0	0	0	0	0	0	0	0	0
OTU1319	0	0	0	0	0	0	0	1	0	0	0	0	0	1	0	0	0	0	0	0	0	0	0	0	0	0	0	0	0	0	0	0	0	0	0	0	0	0	0	0	0	1	0	2	1	1	0	0	0	1	1	7	4	0	0	0	0	0	0	0	0	0	0	0	0
OTU1772	0	0	0	0	0	1	0	0	0	0	0	0	1	0	0	0	0	0	0	0	0	0	0	0	0	0	0	0	0	0	0	0	0	0	0	0	0	0	0	0	0	0	0	0	0	0	0	0	0	0	0	0	0	1	2	2	1	1	2	1	1	1	2	1	2
OTU810	0	0	0	0	0	0	0	0	0	1	0	1	1	0	1	0	0	0	0	0	0	0	0	0	0	0	0	0	0	0	0	0	0	0	0	0	0	0	0	0	0	0	0	0	0	0	0	0	0	0	0	0	0	1	1	1	2	2	1	1	1	1	1	2	1
OTU665	0	0	0	0	1	0	0	1	0	1	2	1	0	0	0	1	1	0	0	0	1	0	1	0	0	0	0	1	1	1	0	1	1	0	0	0	0	0	0	0	0	0	0	0	0	0	0	0	0	0	0	0	0	0	0	0	0	1	0	0	1	0	0	1	1
OTU3692	1	1	0	0	1	0	2	1	2	1	1	2	1	1	0	0	0	0	0	0	0	0	0	0	0	0	0	0	0	0	0	0	0	0	0	0	0	0	0	0	0	0	0	0	0	0	0	0	0	0	0	0	0	1	1	1	1	1	0	0	0	0	0	0	0
OTU3198	0	0	0	0	0	0	0	0	0	0	0	0	0	0	0	0	0	0	0	0	0	0	0	0	0	0	0	0	0	0	0	0	0	0	0	0	0	0	0	0	0	0	0	0	0	0	0	0	0	0	0	0	0	1	2	1	2	1	2	2	1	2	2	2	1
OTU745	0	0	1	0	0	0	1	0	1	2	0	1	0	0	1	0	0	0	0	0	0	0	0	0	0	0	0	0	0	0	0	0	0	0	0	0	0	0	0	0	0	0	0	0	0	0	0	0	0	0	0	0	0	1	1	0	1	1	1	1	1	1	1	2	1
OTU508	0	0	1	1	1	0	1	2	1	1	1	1	1	2	1	0	0	0	0	0	0	0	0	0	0	0	0	0	0	0	0	0	0	0	0	0	0	0	0	0	0	0	0	0	0	0	0	0	0	0	0	0	0	0	0	0	1	0	1	0	0	0	1	1	1
OTU3041	0	0	0	1	1	0	1	0	0	1	0	0	1	1	2	0	0	0	0	0	0	0	0	0	0	0	0	0	0	0	0	0	0	0	0	0	0	0	0	0	0	0	0	0	0	0	0	0	0	0	0	0	0	0	1	2	1	2	1	1	1	1	0	1	0
OTU624	0	1	0	0	0	0	0	2	1	3	2	2	1	0	1	0	0	0	0	0	0	0	1	1	0	0	0	0	0	0	0	0	0	0	0	0	0	0	0	0	0	0	2	1	0	1	0	0	0	0	0	0	0	0	0	0	0	0	0	0	0	0	0	0	0
OTU2212	0	1	1	0	0	0	0	1	0	1	1	1	1	1	1	0	0	0	0	0	0	0	0	0	0	0	0	0	0	0	0	0	0	0	0	0	0	0	0	0	0	0	0	0	0	0	1	1	0	1	1	1	1	0	0	1	0	1	0	0	0	1	1	0	0
OTU2057	0	0	0	0	0	0	0	0	0	0	0	0	0	0	0	0	0	0	2	0	0	0	0	0	0	0	1	0	0	1	0	0	0	0	0	0	4	3	5	0	0	0	0	0	0	1	0	0	0	0	0	1	1	0	0	0	0	0	0	0	0	0	0	0	0
OTU747	1	0	0	1	0	1	1	0	1	1	0	1	1	1	1	0	0	0	0	0	0	0	0	0	0	0	0	0	0	0	0	0	0	0	0	0	0	0	0	0	0	0	0	0	0	0	0	0	0	0	0	0	0	1	1	0	1	1	1	0	1	1	1	0	1
OTU1978	1	0	0	0	2	0	1	0	1	1	0	0	0	1	1	1	1	0	0	0	1	0	0	0	0	1	0	1	0	0	1	1	2	0	0	0	0	1	1	0	0	0	0	0	0	0	0	0	0	0	0	0	0	0	0	0	0	0	0	0	0	0	0	0	0
OTU658	0	0	0	0	0	0	0	0	0	0	0	0	0	0	0	1	0	1	1	3	2	0	0	0	1	1	1	0	0	1	0	0	0	1	3	1	1	0	1	0	0	0	0	0	0	0	0	0	0	0	0	0	0	0	0	0	0	0	0	0	0	0	0	0	0
OTU881	0	0	0	0	0	0	0	0	0	0	0	0	0	0	0	1	0	0	1	1	3	2	1	2	0	0	1	0	0	0	1	1	1	1	2	1	0	0	0	0	0	0	0	0	0	0	0	0	0	0	0	0	0	0	0	0	0	0	0	0	0	0	0	0	0
OTU987	1	0	0	1	1	1	1	0	0	1	0	1	1	1	0	0	0	0	0	0	0	0	0	0	0	0	0	0	0	0	0	0	0	0	0	0	0	0	0	0	0	0	0	0	0	0	0	0	0	0	0	0	0	1	1	1	1	1	1	0	1	1	0	0	1
OTU2172	0	0	0	0	0	0	0	0	0	0	0	1	1	0	1	0	0	0	0	0	0	0	0	0	0	0	0	0	0	0	0	0	0	0	0	0	0	0	0	0	0	0	0	0	0	0	0	0	0	0	0	0	0	1	1	1	2	0	1	1	2	1	1	2	2
OTU1934	0	0	0	0	0	0	0	0	0	0	0	0	0	0	0	0	0	0	0	0	0	0	0	0	0	0	0	0	0	0	0	0	0	0	0	0	0	0	0	0	0	0	0	0	0	0	0	0	0	0	0	0	0	2	2	1	2	0	2	1	1	1	2	2	2
OTU5295	0	0	0	0	0	0	0	0	0	0	0	0	0	0	0	0	0	0	0	0	0	0	0	0	0	0	0	0	0	0	0	0	0	0	0	0	0	0	0	0	0	0	0	0	0	0	0	0	0	0	0	0	0	1	1	2	1	1	2	0	2	3	1	2	2
OTU546	1	0	1	0	0	0	3	1	1	1	1	2	1	0	0	0	0	0	0	0	0	0	0	0	0	0	0	0	0	0	0	0	0	0	0	0	0	0	0	0	0	0	0	0	1	3	2	0	0	0	0	0	0	0	0	0	0	0	0	0	0	0	0	0	0
OTU2470	0	0	0	0	0	0	0	0	0	0	0	0	0	0	0	0	0	0	0	0	0	0	0	0	0	0	0	0	0	0	0	0	0	0	0	0	0	0	0	0	0	0	0	0	0	0	0	0	0	0	0	0	0	1	2	2	1	1	1	0	2	1	2	2	3
OTU586	0	1	1	1	0	1	1	1	1	1	1	2	2	2	1	0	0	0	0	0	0	0	0	0	0	0	0	0	0	0	0	0	0	0	0	0	0	0	0	0	0	0	0	0	0	0	0	0	0	0	0	0	0	0	0	0	0	0	1	0	0	0	0	0	1
OTU547	0	2	1	0	0	0	0	0	0	1	1	1	0	0	1	1	0	0	0	0	0	3	2	1	0	0	0	0	0	0	0	0	0	0	0	0	0	0	0	0	0	0	0	0	0	1	1	1	0	0	0	0	0	0	0	0	0	0	0	0	0	0	1	0	0
OTU5409	0	0	0	0	0	0	0	0	0	0	0	0	0	0	0	0	0	0	0	0	0	0	0	0	0	0	0	0	0	0	0	0	0	0	0	0	0	0	0	0	0	0	0	0	0	0	0	0	0	0	0	0	0	1	2	2	2	1	1	2	2	1	1	1	2
OTU1998	2	0	1	1	0	0	0	0	1	1	1	1	1	1	1	0	0	0	0	0	0	0	0	0	0	0	0	0	0	0	0	0	0	0	0	0	0	0	0	0	0	0	0	0	0	0	0	0	0	0	0	0	0	0	0	0	0	1	1	1	1	1	0	1	1
OTU4906	1	1	0	1	1	0	1	0	1	0	1	1	1	1	1	0	1	0	0	0	0	0	1	0	0	1	0	1	0	1	0	0	0	0	1	0	0	1	0	0	0	0	0	0	0	0	0	0	0	0	0	0	0	0	0	0	0	0	0	0	0	0	0	0	0
OTU1235	0	0	0	0	0	0	0	0	0	0	0	0	0	0	0	0	0	0	1	1	1	0	1	1	1	0	1	1	1	2	0	0	0	0	0	0	1	1	1	0	0	0	0	0	0	0	0	0	0	0	0	0	0	0	0	0	1	1	0	0	0	1	0	0	1
OTU841	0	0	0	0	0	1	0	0	0	1	1	1	1	0	1	0	0	0	0	0	0	0	0	0	0	0	0	0	0	0	0	0	0	0	0	0	0	0	0	0	0	0	0	0	0	0	0	0	0	0	0	0	0	1	1	1	1	1	1	1	1	1	1	1	1
OTU901	1	0	1	0	1	1	0	1	0	1	1	1	1	1	0	0	0	0	0	0	0	0	1	0	0	0	0	0	0	0	0	0	0	0	0	0	0	0	0	0	0	0	0	0	0	0	0	0	0	0	0	0	0	0	0	0	1	1	0	1	0	1	1	1	1
OTU2720	0	0	0	0	0	1	0	0	0	0	0	0	0	0	0	1	2	1	0	0	1	1	0	0	1	1	0	0	0	1	2	1	1	0	1	1	0	1	1	0	0	0	0	0	0	0	0	0	0	0	0	0	0	0	0	0	0	0	0	0	0	0	0	0	0
OTU540	0	0	0	0	0	1	0	1	1	0	0	1	1	1	0	0	0	0	0	0	0	0	0	0	0	0	0	0	0	0	0	0	0	0	0	0	0	0	0	1	1	1	1	3	1	0	0	0	1	0	1	1	1	0	0	0	0	0	0	0	0	0	0	0	0
OTU661	0	0	1	0	0	0	0	0	0	1	0	1	0	0	2	1	0	0	0	0	0	1	1	1	0	0	0	0	0	1	1	1	1	2	2	1	0	0	0	0	0	0	0	0	0	0	0	0	0	0	0	0	0	0	0	0	0	0	0	0	0	0	0	0	0
OTU3199	1	0	1	0	0	0	1	0	0	1	0	1	0	0	0	0	0	1	0	0	0	3	2	2	0	1	1	0	0	0	0	1	0	0	1	1	0	0	0	0	0	0	0	0	0	0	0	0	0	0	0	0	0	0	0	0	0	0	0	0	0	0	0	0	0
OTU3329	0	0	0	0	0	0	0	0	0	0	0	0	0	0	0	0	1	1	1	0	1	1	1	0	0	3	2	0	1	1	1	0	1	1	1	0	0	0	1	0	0	0	0	0	0	0	0	0	0	0	0	0	0	0	0	0	0	0	0	0	0	0	0	0	0
OTU678	1	1	1	0	1	0	1	0	1	2	2	1	1	1	1	0	0	0	0	0	0	0	0	0	0	0	0	0	0	0	0	0	0	0	0	0	0	0	0	0	0	1	0	0	0	0	0	0	0	1	0	1	1	0	0	0	0	0	0	0	0	0	0	0	0
OTU794	0	0	0	0	0	0	0	0	0	0	0	0	0	0	0	0	0	0	1	1	1	0	0	1	0	0	0	0	1	0	0	1	1	0	0	0	1	1	0	0	0	0	1	0	0	2	1	0	0	2	1	1	1	0	0	0	0	0	0	0	0	0	0	0	0
OTU583	0	0	0	0	0	0	0	0	0	0	0	0	0	0	0	0	0	1	2	2	2	2	0	0	0	0	0	1	2	2	0	0	0	1	2	0	0	1	0	0	0	0	0	0	0	0	0	0	0	0	0	0	0	0	0	0	0	0	0	0	0	0	0	0	0
OTU1107	0	0	0	0	0	0	0	0	0	0	0	0	1	0	2	0	0	0	0	0	0	0	0	0	0	0	0	0	0	0	0	0	0	0	0	0	0	0	0	1	0	1	0	2	3	1	1	2	0	1	0	0	2	0	0	1	0	0	0	0	0	0	0	0	0
OTU1194	0	0	0	0	0	0	0	0	0	0	0	0	0	0	0	0	0	0	0	0	0	0	0	0	0	0	0	0	0	0	0	0	0	0	0	0	0	0	0	2	2	4	0	2	1	2	1	0	0	0	1	2	1	0	0	0	0	0	0	0	0	0	0	0	0
OTU1831	0	0	0	0	1	0	0	0	1	0	0	1	0	0	0	0	0	0	0	0	0	0	0	0	0	0	0	0	0	0	0	0	0	0	0	0	0	0	0	0	0	0	0	0	0	0	0	0	0	0	0	0	0	1	2	1	1	1	1	0	2	2	1	1	1
OTU1936	0	0	0	0	0	0	0	0	0	0	0	1	0	0	0	0	0	0	0	0	0	0	0	0	0	0	0	0	0	0	0	0	0	0	0	0	0	0	0	0	0	0	0	0	0	0	0	0	0	0	0	0	0	0	2	2	2	1	1	1	1	1	2	2	1
OTU573	0	1	0	0	1	0	1	0	1	1	0	0	0	1	1	0	0	1	0	0	0	0	0	1	0	0	0	3	1	1	0	0	0	0	0	0	0	0	0	0	1	0	0	0	0	0	0	0	1	0	0	1	0	0	0	0	0	0	0	0	0	0	0	0	0
OTU4256	0	0	0	0	0	0	0	0	0	0	0	0	0	0	0	0	0	0	0	0	0	0	0	0	0	0	0	0	0	0	0	0	0	0	0	0	0	0	0	0	0	0	0	0	0	0	0	0	0	0	0	0	0	1	1	1	2	1	2	1	1	1	2	2	2
OTU664	0	1	1	1	0	0	1	0	0	2	2	1	1	1	1	0	0	0	0	0	0	0	0	0	0	0	0	0	0	0	0	0	0	0	0	0	0	0	0	0	0	0	0	0	0	0	0	0	0	0	0	0	0	1	0	0	1	1	0	0	0	1	0	0	1
OTU639	0	1	1	1	0	0	0	0	0	0	1	1	0	1	1	0	0	0	0	0	0	0	0	0	0	0	0	0	0	0	0	0	0	0	0	0	0	0	0	0	0	0	0	0	0	0	0	0	0	0	0	0	0	1	0	1	1	1	1	1	1	1	1	0	1
OTU2467	1	1	1	1	1	1	1	1	0	2	1	1	1	1	1	0	0	0	0	0	0	0	0	0	0	0	0	0	0	0	0	0	0	0	0	0	0	0	0	0	0	0	0	0	0	0	0	0	0	0	0	0	0	0	0	0	0	0	1	0	0	0	0	0	1
OTU777	0	0	0	0	0	1	0	0	0	1	0	1	0	0	0	0	0	0	0	1	0	1	0	1	0	0	0	0	0	0	0	0	0	0	0	0	0	0	0	0	0	0	0	0	0	1	0	0	0	0	1	0	0	1	0	1	1	1	1	1	0	1	1	0	1
OTU965	1	1	0	1	1	1	1	1	1	1	1	1	1	1	2	0	0	0	0	0	0	0	0	0	0	0	0	0	0	0	0	0	0	0	0	0	0	0	0	0	0	0	0	0	0	0	0	0	0	0	0	0	0	0	0	0	1	0	1	0	0	0	0	0	0
OTU853	0	1	1	0	0	1	1	1	0	1	1	0	1	1	1	0	0	0	0	0	0	0	1	0	0	0	1	0	1	1	0	0	0	0	1	1	0	0	0	0	0	0	0	0	0	0	0	0	0	0	0	0	0	0	0	0	1	0	0	0	0	0	0	0	0
OTU968	0	1	0	0	1	0	0	1	1	1	1	0	0	1	1	0	0	0	0	0	0	0	0	0	0	0	0	0	0	0	0	0	0	0	0	0	0	0	0	0	0	0	0	0	0	0	0	0	0	0	0	0	0	1	1	0	0	1	1	1	1	1	0	1	1
OTU680	0	0	1	0	0	1	1	1	1	0	1	0	1	0	0	0	0	0	0	0	0	0	0	0	0	0	0	0	0	0	0	0	0	0	0	0	0	0	0	0	0	1	0	1	1	0	2	0	0	1	1	0	0	0	0	1	0	0	0	0	0	1	0	1	0
OTU1005	1	2	0	0	1	1	0	1	1	1	1	0	1	1	1	0	0	0	0	0	0	0	0	0	0	0	0	0	0	0	0	0	0	0	0	0	0	0	0	0	0	0	0	0	0	0	0	1	0	0	1	2	1	0	0	0	0	0	0	0	0	0	0	0	0
OTU1410	0	2	1	0	0	0	0	1	0	1	1	2	1	0	0	0	0	0	0	0	0	0	0	0	0	0	0	0	0	0	0	0	0	0	0	0	0	0	0	0	1	0	1	1	0	0	2	1	0	1	0	0	1	0	0	0	0	0	0	0	0	0	0	0	0
OTU5170	1	0	0	0	1	1	2	0	1	1	1	1	1	2	1	0	0	0	0	0	0	0	0	0	0	0	0	0	0	0	0	0	0	0	0	0	0	0	0	1	0	0	1	0	0	0	0	1	0	0	0	1	0	0	0	0	0	0	0	0	0	0	0	0	0
OTU1558	0	0	0	0	0	0	0	0	0	0	0	0	0	0	0	0	0	0	0	0	0	0	0	0	0	0	0	0	0	0	0	0	0	0	0	0	0	0	0	0	0	0	0	0	0	0	0	0	0	0	0	0	0	1	1	1	2	1	1	1	2	2	1	2	2
OTU2800	0	1	0	0	0	0	1	1	1	1	0	1	1	3	2	1	0	1	0	0	0	1	1	1	0	0	0	0	0	0	0	0	0	0	0	0	0	0	0	0	0	0	0	0	0	0	0	0	0	0	0	0	0	0	0	0	0	0	0	0	0	0	0	0	0
OTU666	0	0	0	0	0	0	0	0	0	0	0	0	0	0	0	2	1	1	1	1	1	1	2	1	0	0	0	1	1	0	0	0	0	1	1	1	0	0	1	0	0	0	0	0	0	0	0	0	0	0	0	0	0	0	0	0	0	0	0	0	0	0	0	0	0
OTU4755	0	0	0	0	0	0	0	1	1	1	1	1	1	1	1	0	0	0	0	0	0	0	0	0	0	0	0	0	0	0	0	0	0	0	0	0	0	0	0	0	0	0	0	0	0	0	0	0	0	0	0	0	0	1	1	1	1	1	1	0	1	0	0	1	1
OTU607	1	0	1	0	0	1	1	1	0	1	1	2	2	0	1	0	0	0	0	0	0	0	0	0	0	0	0	0	0	0	0	0	0	0	0	0	0	0	0	0	2	0	1	0	1	0	0	1	0	0	0	0	0	0	0	0	0	0	0	0	0	0	0	0	0
OTU524	0	0	1	0	0	0	0	2	1	1	1	1	0	0	1	1	1	0	0	0	0	2	0	0	0	0	0	0	0	0	0	0	0	0	0	0	0	0	0	0	0	0	0	1	0	1	2	0	0	0	0	1	0	0	0	0	0	0	0	0	0	0	0	0	0
OTU829	0	0	0	0	0	0	0	0	1	1	1	0	0	0	0	0	1	0	0	0	0	4	1	2	0	1	1	1	1	1	0	0	0	0	0	0	1	0	0	0	0	0	0	0	0	0	0	0	0	0	0	0	0	0	0	0	0	0	0	0	0	0	0	0	0
OTU3192	0	0	0	0	0	0	0	0	0	0	0	0	0	0	0	0	0	0	0	0	0	0	0	0	1	0	0	0	1	0	0	0	0	1	1	2	6	3	2	0	0	0	0	0	0	0	0	0	0	0	0	0	0	0	0	0	0	0	0	0	0	0	0	0	0
OTU989	0	0	0	0	0	0	0	0	0	0	0	0	0	0	0	0	0	0	2	1	1	0	1	0	1	0	1	3	3	2	0	0	0	0	1	0	0	0	1	0	0	0	0	0	0	0	0	0	0	0	0	0	0	0	0	0	0	0	0	0	0	0	0	0	0
OTU1069	0	0	0	0	0	0	0	0	0	0	0	0	0	0	0	0	0	0	0	0	0	0	0	0	0	0	0	0	0	0	0	0	0	0	0	0	0	0	0	0	0	0	0	0	0	0	0	0	0	0	0	0	0	2	1	2	1	1	1	1	2	1	1	2	1
OTU859	0	1	0	0	0	0	0	0	0	0	0	0	1	0	0	0	0	0	0	0	0	0	0	0	0	0	0	0	0	0	0	0	0	0	0	0	0	0	0	0	0	0	1	1	1	0	0	0	0	1	0	1	1	0	1	1	0	0	1	0	1	0	1	1	2
OTU802	0	0	0	0	0	1	0	1	1	0	0	1	1	0	1	0	0	0	0	0	0	0	0	0	0	0	0	0	0	0	0	0	0	0	0	0	0	0	0	0	0	0	1	0	0	0	1	0	0	0	0	0	0	0	1	1	0	1	1	1	0	1	1	1	0
OTU642	0	1	1	0	0	0	1	1	1	1	2	1	0	1	1	0	0	0	0	0	0	0	0	0	0	0	0	0	0	0	0	0	0	0	0	0	0	0	0	0	0	0	0	0	0	0	0	0	0	0	0	0	0	1	0	0	0	1	1	0	0	0	1	0	1
OTU691	2	1	1	1	1	0	0	0	0	3	2	1	0	0	1	0	0	0	0	0	0	0	0	0	0	0	0	0	0	0	0	0	0	0	0	0	0	0	0	0	0	0	0	0	0	0	0	0	0	0	0	0	0	0	0	0	1	1	0	0	0	0	1	0	0
OTU756	0	0	0	0	0	0	0	0	1	0	1	1	0	0	0	0	0	0	0	0	0	1	0	2	0	0	0	0	0	0	0	0	0	0	0	0	0	0	0	0	0	0	1	1	0	0	0	0	0	1	1	1	1	1	0	0	1	0	0	0	0	1	0	0	1
OTU585	0	1	0	0	0	0	1	1	1	0	1	1	1	1	0	0	0	0	0	0	1	1	0	1	0	0	0	0	0	0	0	0	0	0	0	0	0	0	0	0	0	0	1	0	1	0	1	0	1	0	1	0	0	0	0	0	0	0	0	0	0	0	0	0	0
OTU870	0	0	0	0	0	1	1	1	0	0	0	0	0	1	1	0	1	1	0	1	1	0	1	0	0	0	0	0	0	0	0	0	0	0	0	0	0	0	0	0	0	0	0	0	0	0	0	0	0	0	0	0	0	1	1	1	0	1	0	1	0	1	0	0	0
OTU5137	1	1	0	0	0	1	0	1	2	1	1	1	1	1	1	0	0	0	0	0	0	0	0	0	0	0	0	0	0	0	0	0	0	0	0	0	0	0	0	0	0	0	1	0	1	0	0	0	0	1	1	0	0	0	0	0	0	0	0	0	0	0	0	0	0
OTU647	1	1	1	0	0	1	1	0	1	2	1	2	1	2	2	0	0	0	0	0	0	0	0	0	0	0	0	0	0	0	0	0	0	0	0	0	0	0	0	0	0	0	0	0	0	0	0	0	0	0	0	0	0	0	0	0	0	0	0	0	0	0	0	0	0
OTU1338	0	1	0	0	0	0	1	0	0	0	0	0	1	1	1	1	0	0	0	0	0	1	1	1	0	0	0	0	0	0	0	0	0	0	0	0	0	0	0	0	1	0	1	2	1	0	0	0	0	0	0	0	0	0	0	1	0	1	0	0	0	0	0	0	0
OTU3504	0	1	0	0	0	1	0	0	0	0	1	1	0	0	0	0	0	0	0	0	0	0	0	0	0	0	0	0	0	0	0	0	0	0	0	0	0	0	0	0	0	0	0	0	1	0	0	0	1	0	1	0	2	1	0	0	1	1	1	0	1	1	0	1	0
OTU2613	0	0	2	0	0	0	1	0	1	2	1	1	1	1	2	0	0	0	0	0	0	0	0	0	0	0	0	0	0	0	0	0	0	0	0	0	0	0	0	0	0	0	0	0	0	0	0	0	0	0	0	0	0	1	0	0	1	0	0	0	1	1	0	0	0
OTU762	0	0	1	0	0	1	0	0	0	1	2	2	0	0	0	0	0	0	0	0	0	0	0	0	0	0	0	0	0	0	0	0	0	0	0	0	0	0	0	0	0	0	0	0	0	0	0	0	0	0	0	0	0	0	0	1	1	1	1	1	1	1	1	0	1
OTU512	1	1	0	0	0	0	0	2	0	2	2	2	0	0	0	0	0	0	0	1	1	2	1	1	0	0	0	0	0	0	0	0	0	0	0	0	0	0	0	0	0	0	0	0	0	0	0	0	0	0	0	0	0	0	0	0	0	0	0	0	0	0	0	0	0
OTU840	1	0	0	0	0	1	0	0	0	0	1	0	1	1	1	0	0	0	0	0	0	0	0	0	0	0	0	0	0	0	0	0	0	0	0	0	0	0	0	0	0	0	0	0	0	0	0	0	0	0	0	0	0	1	1	0	1	0	1	1	1	1	1	1	1
OTU2001	0	0	0	0	0	0	1	1	0	1	1	0	0	0	1	1	0	0	0	1	0	1	0	0	0	0	0	0	0	0	0	0	0	0	0	0	0	0	0	0	0	0	0	0	0	0	0	0	0	1	0	0	1	0	0	0	0	0	1	1	1	1	1	0	1
OTU755	0	0	0	0	1	0	0	0	1	1	1	1	0	0	2	0	0	0	0	0	0	0	0	0	0	0	0	0	0	0	0	0	0	0	0	0	0	0	0	0	0	0	2	0	0	0	1	4	0	0	1	0	0	0	0	0	0	0	1	0	0	0	0	0	0
OTU1060	0	1	1	1	0	1	0	1	1	1	1	0	1	0	1	0	0	0	0	0	0	0	0	0	0	0	0	0	0	0	0	0	0	0	0	0	0	0	0	0	0	0	0	0	0	0	0	0	0	0	0	0	0	0	1	0	0	0	1	2	0	1	1	0	0
OTU4887	3	0	0	1	1	0	0	0	0	1	0	1	0	0	0	0	0	0	0	0	0	0	0	0	1	1	1	0	2	1	0	1	0	0	0	0	0	1	1	0	0	0	0	0	0	0	0	0	0	0	0	0	0	0	0	0	0	0	0	0	0	0	0	0	0
OTU969	0	0	0	0	1	0	1	0	0	1	1	1	1	0	1	0	1	1	0	0	0	0	1	1	0	0	0	0	0	0	0	0	0	0	0	0	0	0	0	0	0	0	0	1	0	1	2	0	1	0	0	0	0	0	0	0	0	0	0	0	0	0	0	0	0
OTU705	2	0	0	0	0	0	0	0	1	0	1	1	0	1	1	0	0	0	0	0	0	0	0	0	0	0	0	0	0	0	0	0	0	0	0	0	0	0	0	0	0	0	1	2	0	0	1	1	1	1	0	1	1	0	0	0	0	0	0	0	0	0	0	0	0
OTU1111	0	0	1	0	1	0	1	1	0	1	0	1	1	0	1	0	0	0	0	0	0	0	0	0	0	0	0	0	0	0	0	0	0	0	0	0	0	0	0	0	1	0	3	1	0	0	1	1	0	0	1	0	0	0	0	0	0	0	0	0	0	0	0	0	0
OTU1293	0	0	0	0	0	0	0	0	0	0	0	0	0	0	0	4	3	4	0	0	1	1	1	0	0	1	0	0	0	1	0	0	0	0	0	0	0	0	0	0	0	0	0	0	0	0	0	0	0	0	0	0	0	0	0	0	0	0	0	0	0	0	0	0	0
OTU1088	0	0	0	0	0	0	0	0	0	0	0	0	0	0	0	2	3	3	1	1	1	0	0	0	1	0	0	0	0	0	2	0	1	0	1	0	0	0	0	0	0	0	0	0	0	0	0	0	0	0	0	0	0	0	0	0	0	0	0	0	0	0	0	0	0
OTU4955	0	0	0	0	0	0	0	0	0	0	0	0	0	0	0	1	0	1	1	0	1	0	0	1	1	0	0	2	2	2	0	1	0	0	0	0	1	1	1	0	0	0	0	0	0	0	0	0	0	0	0	0	0	0	0	0	0	0	0	0	0	0	0	0	0
OTU744	0	0	0	0	0	0	0	0	0	0	0	0	0	0	0	0	1	1	3	2	1	3	3	2	0	0	0	0	0	0	0	0	0	0	0	0	0	0	0	0	0	0	0	0	0	0	0	0	0	0	0	0	0	0	0	0	0	0	0	0	0	0	0	0	0
OTU609	0	1	0	0	0	1	3	1	2	2	0	1	1	0	0	0	0	0	0	0	0	0	1	0	0	0	0	0	0	0	0	0	0	0	0	0	0	0	0	0	0	0	0	0	0	0	0	0	0	0	0	0	0	0	0	0	0	0	1	0	1	0	0	0	0
OTU915	0	1	0	0	0	0	0	0	0	1	1	1	1	2	1	0	0	0	0	0	0	0	0	0	0	0	0	0	0	0	0	0	0	0	0	0	0	0	0	0	0	0	0	0	0	0	0	0	0	0	1	1	0	1	0	0	1	0	1	0	0	0	1	1	0
OTU1201	1	0	0	0	1	0	0	0	0	0	0	0	0	0	0	0	0	0	0	0	0	0	0	0	0	0	0	0	0	0	0	0	0	0	0	0	0	0	0	0	0	0	0	0	0	0	0	0	0	0	0	0	0	1	1	2	1	1	1	0	1	1	1	1	2
OTU932	0	1	1	0	0	1	0	0	0	1	1	1	0	1	1	0	0	1	0	0	1	1	0	0	0	0	0	0	0	0	0	0	0	0	0	0	0	0	0	0	0	0	0	1	0	0	0	0	0	0	1	0	0	0	0	0	1	0	0	0	0	0	1	0	0
OTU1139	2	1	1	0	0	0	0	0	0	0	0	1	0	0	0	0	0	0	0	0	0	0	0	0	0	0	0	1	2	1	1	0	0	0	0	0	0	0	1	0	0	0	0	0	0	0	0	0	0	0	0	0	0	0	0	0	0	0	1	1	0	0	0	1	1
OTU543	1	0	0	1	1	3	0	1	0	0	0	0	3	2	3	0	0	0	0	0	0	0	0	0	0	0	0	0	0	0	0	0	0	0	0	0	0	0	0	0	0	0	0	0	0	0	0	0	0	0	0	0	0	0	0	0	0	0	0	0	0	0	0	0	0
OTU679	1	1	1	0	1	0	1	0	1	0	1	1	1	1	0	0	0	0	0	0	0	0	0	0	0	0	0	0	0	0	0	0	0	0	0	0	0	0	0	0	0	0	0	0	0	0	0	0	0	0	0	0	0	1	0	0	1	0	1	0	0	1	0	0	1
OTU1511	0	1	1	0	0	0	0	0	1	1	0	1	1	0	0	0	0	0	0	0	0	0	0	0	0	0	0	0	0	0	0	0	0	0	0	0	0	0	0	0	0	0	0	0	0	0	0	0	0	0	0	0	0	0	1	1	1	0	1	0	1	1	1	1	1
OTU1676	0	0	0	0	0	0	0	0	0	0	0	0	0	0	0	0	0	0	0	0	0	0	0	0	0	0	0	0	0	0	0	0	0	0	0	0	0	0	0	0	0	0	0	0	0	0	0	0	0	0	0	0	0	2	1	2	1	2	1	1	2	1	1	0	1
OTU4454	1	0	1	2	3	3	0	0	1	1	1	0	1	1	0	0	0	0	0	0	0	0	0	0	0	0	0	0	0	0	0	0	0	0	0	0	0	0	0	0	0	0	0	0	0	0	0	0	0	0	0	0	0	0	0	0	0	0	0	0	0	0	0	0	0
OTU5316	0	0	0	0	0	0	0	0	0	0	0	0	0	0	0	0	0	0	0	0	0	0	0	0	0	0	0	0	0	0	0	0	0	0	0	0	0	0	0	0	0	0	0	0	0	0	0	0	0	0	0	0	0	1	3	0	1	1	2	1	2	1	1	1	1
OTU3693	0	0	1	0	0	0	0	1	1	1	1	1	2	0	2	0	0	0	0	0	0	0	0	0	0	0	0	0	0	0	0	0	0	0	0	0	0	0	0	0	0	1	1	0	1	1	0	1	0	0	0	0	0	0	0	0	0	0	0	0	0	0	0	0	0
OTU1180	0	1	1	1	1	0	0	0	0	0	0	0	0	0	0	0	0	0	1	0	1	0	1	0	0	0	0	0	1	0	1	0	1	1	0	1	0	0	0	0	0	1	1	0	0	0	1	0	0	0	0	0	0	0	0	0	0	0	0	0	0	0	0	0	0
OTU635	1	0	1	0	0	0	0	0	1	1	0	1	1	0	0	0	0	0	0	0	0	0	0	0	0	0	0	0	0	0	0	0	0	0	0	0	0	0	0	0	0	0	0	2	0	1	0	0	0	0	1	0	0	0	0	0	0	0	1	0	1	1	1	1	0
OTU1015	0	0	0	0	0	0	0	0	0	0	0	0	0	0	0	0	0	0	0	0	0	0	0	0	0	0	0	1	2	1	0	0	0	1	0	0	3	3	2	0	0	0	0	0	0	0	0	0	0	0	0	0	0	0	0	0	0	0	1	0	0	0	0	1	0
OTU3006	0	0	0	0	0	0	0	0	0	0	0	0	0	0	0	0	0	0	0	0	0	0	0	0	0	0	0	0	0	0	0	0	0	0	0	0	0	0	0	0	0	0	0	0	0	0	0	0	0	0	0	0	0	2	1	1	1	1	1	1	2	1	1	1	2
OTU5424	0	0	0	0	0	0	0	0	0	0	0	0	0	0	0	0	0	0	0	0	0	0	0	0	0	0	0	0	0	0	0	0	0	0	0	0	0	0	0	0	0	0	0	0	0	0	0	0	0	0	0	0	0	1	1	1	2	2	0	1	2	1	1	2	1
OTU1323	0	0	0	0	0	0	0	0	0	0	0	0	0	0	0	0	0	0	0	0	1	0	1	0	1	1	0	0	0	0	1	0	1	1	2	1	0	1	2	0	0	0	0	0	0	0	0	0	0	0	0	0	0	0	0	1	0	0	1	0	0	0	0	0	0
OTU2865	0	0	0	2	1	1	0	0	1	1	0	1	1	5	2	0	0	0	0	0	0	0	0	0	0	0	0	0	0	0	0	0	0	0	0	0	0	0	0	0	0	0	0	0	0	0	0	0	0	0	0	0	0	0	0	0	0	0	0	0	0	0	0	0	0
OTU837	0	0	0	0	0	1	0	2	0	0	1	1	1	1	1	0	0	0	0	0	0	0	0	0	0	0	0	0	0	0	0	0	0	0	0	0	0	0	0	0	0	0	0	1	1	0	2	1	0	1	0	0	1	0	0	0	0	0	0	0	0	0	0	0	0
OTU1717	0	0	0	0	0	1	0	0	0	0	0	0	0	0	1	0	0	0	0	0	0	1	2	2	0	0	0	0	0	0	2	1	3	0	0	0	0	0	0	0	0	0	0	0	0	0	0	0	0	0	0	0	0	0	0	0	1	0	0	0	0	1	0	0	0
OTU971	0	0	1	0	1	1	1	0	0	1	1	1	1	0	1	0	0	0	0	0	0	0	0	0	0	0	0	0	0	0	0	0	0	0	0	0	0	0	0	0	0	0	0	0	0	0	0	0	0	0	0	0	0	0	0	1	1	0	1	0	1	1	0	1	0
OTU613	1	1	0	1	1	1	1	0	0	1	1	1	1	1	1	1	0	0	0	0	0	2	0	0	0	0	0	0	0	0	0	0	0	0	0	0	0	0	0	0	0	0	0	0	0	0	0	0	0	0	0	0	0	0	0	0	0	0	0	0	0	0	0	0	0
OTU1065	0	1	1	0	0	1	0	1	0	1	1	1	1	0	1	0	0	0	0	0	0	0	0	0	0	0	0	0	0	0	0	0	0	0	0	0	0	0	0	1	0	0	0	1	0	0	1	0	0	1	0	0	1	0	0	1	0	0	0	0	0	0	0	0	0
OTU674	0	0	0	0	0	1	0	0	1	1	3	4	0	0	0	0	0	0	0	0	0	0	0	0	0	0	0	0	0	0	0	0	0	0	0	0	0	0	0	0	1	0	0	1	0	0	0	0	0	1	1	0	0	0	0	0	0	0	0	1	0	0	0	0	0
OTU936	0	0	0	0	0	0	0	0	0	0	0	0	0	0	0	1	3	2	2	1	0	0	0	1	0	1	1	0	0	0	1	2	0	0	0	0	0	0	0	0	0	0	0	0	0	0	0	0	0	0	0	0	0	0	0	0	0	0	0	0	0	0	0	0	0
OTU2813	0	0	1	0	1	1	1	1	0	0	1	0	0	1	1	0	0	1	1	0	0	0	1	0	0	0	0	0	0	0	0	0	0	0	0	0	0	0	0	0	0	0	0	0	0	0	0	0	0	0	0	0	0	0	0	0	1	0	0	1	0	1	1	0	0
OTU906	0	0	0	0	0	0	0	0	0	1	1	2	0	0	0	0	0	0	0	0	0	0	0	0	0	0	0	0	0	0	0	0	0	0	0	0	0	0	0	0	0	0	0	2	0	3	1	1	1	0	0	2	0	0	0	0	1	0	0	0	0	0	0	0	0
OTU2915	0	0	0	0	0	0	0	0	0	0	0	0	0	0	0	1	1	1	1	0	1	0	1	0	0	0	0	1	0	1	2	1	1	0	1	1	0	1	0	0	0	0	0	0	0	0	0	0	0	0	0	0	0	0	0	0	0	0	0	0	0	0	0	0	0
OTU761	0	1	0	0	0	1	0	0	0	0	0	1	1	1	1	0	0	0	0	0	0	0	0	0	0	0	0	0	0	0	0	0	0	0	0	0	0	0	0	0	1	1	1	1	2	0	0	1	0	0	1	0	1	0	0	0	0	0	0	0	0	0	0	0	0
OTU958	0	0	0	0	0	0	0	0	0	0	0	0	0	0	0	2	3	3	1	3	2	0	1	0	0	0	0	0	0	0	0	0	0	0	0	0	0	0	0	0	0	0	0	0	0	0	0	0	0	0	0	0	0	0	0	0	0	0	0	0	0	0	0	0	0
OTU74	0	0	0	0	0	0	0	0	0	0	0	0	0	0	0	0	0	0	5	4	6	0	0	0	0	0	0	0	0	0	0	0	0	0	0	0	0	0	0	0	0	0	0	0	0	0	0	0	0	0	0	0	0	0	0	0	0	0	0	0	0	0	0	0	0
OTU878	1	1	0	0	1	0	1	1	1	1	0	1	1	1	1	0	0	0	0	0	0	0	0	0	0	0	0	0	0	0	0	0	0	0	0	0	0	0	0	0	0	0	0	0	0	0	0	0	0	0	0	0	0	0	0	0	1	0	0	1	0	1	0	0	0
OTU2839	0	1	0	0	0	1	0	0	1	0	0	0	1	0	0	0	0	0	0	0	0	0	0	0	1	0	0	1	2	0	0	1	0	0	0	0	0	0	0	0	0	0	0	0	0	0	0	0	0	0	0	0	0	0	0	1	0	1	1	0	0	1	1	0	0
OTU641	0	0	0	1	1	1	1	0	0	1	0	0	1	0	0	0	0	0	0	0	0	0	1	0	0	1	0	0	0	0	0	0	2	2	1	1	0	0	0	0	0	0	0	0	0	0	0	0	0	0	0	0	0	0	0	0	0	0	0	0	0	0	0	0	0
OTU964	1	1	0	0	0	1	1	1	0	0	1	1	1	0	0	0	0	0	0	0	0	0	0	0	0	0	0	0	0	0	0	0	0	0	0	0	0	0	0	0	1	1	0	0	1	0	0	0	0	0	1	1	0	1	0	0	0	0	0	0	0	0	0	0	0
OTU1014	0	0	0	0	0	0	0	0	0	0	0	1	0	0	0	0	0	0	0	0	0	0	0	0	0	0	0	1	0	0	0	0	1	0	0	0	1	1	1	0	0	0	0	0	0	0	0	0	0	0	0	0	0	0	1	0	0	0	1	1	1	1	1	1	1
OTU690	0	0	0	0	0	1	1	1	0	0	1	0	1	2	2	0	0	0	0	0	0	0	0	0	0	0	0	0	0	0	0	0	0	0	0	0	0	0	0	0	0	0	0	0	0	0	0	0	0	0	0	0	0	1	1	0	0	1	0	0	0	1	1	0	0
OTU4529	1	1	0	1	0	1	1	0	0	1	0	1	1	1	0	0	0	0	0	0	0	0	0	0	0	0	0	0	0	0	0	0	0	0	0	0	0	0	0	0	0	0	1	1	0	0	0	0	0	0	0	0	0	0	0	0	1	0	0	0	0	1	1	0	0
OTU4026	0	0	0	0	0	0	0	0	0	0	0	0	0	0	0	0	0	0	0	0	0	0	0	0	0	0	0	0	0	0	0	0	0	0	0	0	0	0	0	0	0	0	0	0	0	0	0	0	0	0	0	0	0	1	1	1	1	2	1	2	1	0	1	1	2
OTU5051	0	0	0	0	0	1	0	0	0	0	1	0	3	0	1	0	0	0	0	0	0	0	0	0	0	0	0	0	0	0	0	0	0	0	0	0	0	0	0	0	2	0	0	0	1	0	1	0	1	0	0	1	0	0	0	0	0	0	0	0	1	0	0	1	0
OTU767	0	0	1	0	1	0	1	1	0	0	1	1	2	1	0	0	0	0	0	0	0	0	0	0	0	0	0	0	0	0	0	0	0	0	0	0	0	0	0	0	0	0	0	0	0	1	0	0	0	2	0	0	0	1	0	0	0	0	0	0	1	0	0	0	0
OTU694	0	1	0	0	0	0	0	0	1	0	1	0	0	0	0	0	0	0	1	1	1	1	0	0	0	0	0	0	1	0	1	0	1	0	1	0	0	1	0	0	0	0	0	0	0	0	0	0	0	0	0	0	0	0	0	1	0	0	0	0	0	1	0	0	0
OTU3242	0	0	0	0	0	0	0	1	0	0	1	1	0	1	0	0	0	0	0	0	1	0	1	0	0	0	0	0	0	0	0	0	0	0	0	0	0	0	0	0	0	0	0	0	0	0	0	0	0	0	0	0	0	1	1	0	1	1	0	1	0	1	1	0	1
OTU677	0	1	1	0	0	1	1	1	0	0	0	1	0	1	1	0	0	0	0	0	0	0	0	0	0	0	0	0	0	0	0	0	0	0	0	0	0	0	0	0	0	0	0	0	0	0	0	0	0	0	0	0	0	0	1	1	1	1	0	0	1	0	1	0	0
OTU1913	0	0	0	0	0	0	0	0	0	0	0	0	0	0	0	0	0	0	0	0	0	0	0	0	0	0	0	0	0	0	0	0	0	0	0	0	0	0	0	0	0	0	0	0	0	0	0	0	0	0	0	0	0	2	1	2	1	1	1	0	1	2	1	1	1
OTU2213	0	0	0	0	0	0	0	0	0	0	0	0	0	0	0	0	0	0	0	0	0	0	0	0	0	0	0	0	0	0	0	0	0	0	0	0	0	0	0	0	0	0	0	0	0	0	0	0	0	0	0	0	0	1	1	1	1	1	1	1	2	1	1	1	2
OTU951	1	0	1	0	0	0	0	0	0	0	1	2	0	0	0	0	0	0	0	0	0	0	0	0	0	0	0	0	0	0	0	0	0	0	0	0	0	0	0	0	0	0	0	0	0	0	0	0	0	0	0	0	0	1	0	0	1	1	1	1	0	1	1	1	1
OTU887	0	0	0	0	0	0	1	0	0	0	0	1	2	0	0	0	0	1	0	0	0	1	1	0	0	0	0	0	0	0	0	0	0	0	0	0	0	0	0	0	0	0	0	0	0	0	0	0	0	0	0	0	0	1	1	0	1	1	1	0	1	1	0	0	0
OTU1985	1	1	1	0	0	1	1	0	1	0	1	1	1	1	3	0	0	0	0	0	0	0	0	0	0	0	0	0	0	0	0	0	0	0	0	0	0	0	0	0	0	0	0	0	0	0	0	0	0	0	0	0	0	1	0	0	0	0	0	0	0	0	0	0	0
OTU2183	0	1	0	0	1	0	1	0	1	0	0	0	1	0	0	0	0	0	0	0	0	0	0	0	0	0	0	0	0	0	0	0	0	0	0	0	0	0	0	0	0	0	0	1	0	0	1	1	1	2	0	0	1	1	0	0	0	1	0	0	0	0	0	0	0
OTU3717	1	0	0	0	0	1	0	1	1	1	2	1	0	1	0	0	0	0	0	0	0	0	0	0	0	0	0	0	0	0	0	0	0	0	0	0	0	0	0	0	0	0	0	1	0	0	0	0	0	0	0	0	0	1	1	0	0	1	0	0	0	1	0	0	0
OTU1017	0	0	0	0	0	0	0	0	1	0	0	0	1	0	0	0	0	0	0	0	0	1	1	1	0	0	0	1	1	1	1	1	2	0	0	0	0	0	0	0	0	0	0	0	0	0	0	0	0	0	0	0	0	0	0	0	1	0	0	1	0	0	0	0	0
OTU4031	0	0	0	0	0	1	0	1	0	0	0	0	0	0	0	0	1	0	0	0	0	1	0	0	0	0	0	0	0	0	0	0	0	0	0	0	0	0	0	0	0	0	0	1	2	0	1	0	2	1	1	1	0	0	0	0	0	0	0	0	1	0	0	0	0
OTU3129	1	0	0	0	0	1	1	1	0	0	0	1	1	1	1	0	0	0	0	0	0	0	0	0	0	0	0	0	0	0	0	0	0	0	0	0	0	0	0	0	0	0	0	0	1	0	0	1	1	0	0	1	0	1	1	0	0	0	0	0	0	0	0	0	0
OTU998	0	0	1	0	0	0	1	1	1	1	0	1	0	0	1	0	0	0	0	0	0	0	0	0	0	0	0	0	0	0	0	0	0	0	0	0	0	0	0	0	0	1	0	0	0	1	0	0	2	0	1	0	0	0	0	1	0	0	0	0	1	0	0	0	0
OTU1093	0	1	0	1	1	0	1	0	0	0	0	0	0	1	1	0	0	0	0	0	0	0	0	0	0	0	0	0	0	0	0	0	0	0	0	0	0	0	0	0	1	0	0	0	0	0	0	0	2	1	1	1	2	0	0	0	0	0	0	0	0	0	0	0	0
OTU935	0	0	0	0	0	0	0	0	0	0	0	0	0	0	0	0	0	0	0	0	1	1	0	1	0	0	0	0	0	0	1	2	0	1	2	1	0	0	0	0	0	0	0	0	0	0	0	0	0	0	0	0	0	0	0	0	0	1	1	0	0	0	0	1	1
OTU3363	0	1	0	0	0	0	1	0	0	0	0	0	0	0	0	1	0	0	2	0	2	1	0	0	0	0	0	0	1	1	0	1	1	0	1	1	0	0	0	0	0	0	0	0	0	0	0	0	0	0	0	0	0	0	0	0	0	0	0	0	0	0	0	0	0
OTU710	0	1	1	0	0	0	0	1	0	1	2	0	0	0	0	0	0	0	0	0	0	0	0	0	0	0	0	0	0	0	0	0	0	0	0	0	0	0	0	0	0	1	1	1	0	1	1	1	0	1	1	0	0	0	0	0	0	0	0	0	0	0	0	0	0
OTU3051	0	0	0	0	0	0	0	0	0	0	0	0	0	0	0	0	0	0	0	0	0	0	0	0	0	0	0	0	0	0	0	0	0	0	0	0	0	0	0	0	0	0	0	0	0	0	0	0	0	0	0	0	0	1	0	2	1	1	1	1	2	1	2	1	1
OTU1095	0	1	1	0	0	1	1	1	0	0	1	1	1	1	0	0	0	0	0	0	0	0	0	0	0	0	0	0	0	0	0	0	0	0	0	0	0	0	0	0	0	0	1	1	0	0	0	1	0	0	1	0	1	0	0	0	0	0	0	0	0	0	0	0	0
OTU977	0	0	0	0	0	0	1	1	1	0	1	1	0	0	1	0	0	0	0	0	0	2	0	1	0	0	0	0	0	0	0	0	0	0	0	0	0	0	0	0	0	1	1	0	0	2	0	0	1	0	0	0	0	0	0	0	0	0	0	0	0	0	0	0	0
OTU2567	0	0	0	0	0	0	0	0	0	0	0	0	0	0	0	0	0	0	0	0	0	0	0	0	0	0	0	1	1	2	2	3	4	0	0	0	0	0	1	0	0	0	0	0	0	0	0	0	0	0	0	0	0	0	0	0	0	0	0	0	0	0	0	0	0
OTU5127	0	0	0	0	0	0	0	0	0	0	0	0	0	0	0	0	0	0	0	0	0	0	0	0	0	0	0	0	0	0	0	0	0	0	0	0	0	0	0	0	0	0	0	0	0	0	0	0	0	0	0	0	0	1	2	1	2	1	1	1	1	1	1	1	1
OTU711	1	1	1	0	0	1	1	1	1	0	1	1	1	0	2	0	0	0	0	0	0	0	0	0	0	0	0	0	0	0	0	0	0	0	0	0	0	0	0	0	0	0	0	1	0	1	0	0	0	0	0	0	0	0	0	0	0	0	0	0	0	0	0	0	0
OTU1304	0	0	0	0	0	1	1	1	0	1	1	1	0	1	1	0	0	0	0	0	0	0	0	0	0	0	0	0	0	0	0	0	0	0	0	0	0	0	0	0	0	1	1	1	0	0	0	0	1	0	1	0	1	0	0	0	0	0	0	0	0	0	0	0	0
OTU3449	0	0	0	0	0	0	0	0	0	0	0	0	0	0	0	0	0	0	0	1	1	1	1	0	0	0	0	0	0	0	3	4	3	0	0	0	0	0	0	0	0	0	0	0	0	0	0	0	0	0	0	0	0	0	0	0	0	0	0	0	0	0	0	0	0
OTU721	0	1	0	0	0	0	0	1	0	0	1	1	1	0	1	0	0	0	0	0	0	0	0	0	0	0	0	0	0	0	0	0	0	0	0	0	0	0	0	0	0	0	0	1	1	3	0	0	0	1	0	0	0	0	0	0	0	1	0	0	0	0	1	0	0
OTU615	0	0	0	0	0	0	0	0	0	0	0	0	0	0	0	0	0	0	0	0	0	0	0	0	0	0	0	1	1	1	0	0	0	0	0	0	5	3	3	0	0	0	0	0	0	0	0	0	0	0	0	0	0	0	0	0	0	0	0	0	0	0	0	0	0
OTU4047	0	0	0	0	0	0	0	1	1	1	1	1	0	0	0	0	0	0	0	0	0	0	0	0	0	0	0	0	0	0	0	0	0	0	0	0	0	0	0	0	0	2	0	1	1	1	1	0	1	1	1	0	0	0	0	0	0	0	0	0	0	0	0	0	0
OTU2083	1	1	0	0	1	0	0	0	1	0	0	1	1	1	1	0	0	0	0	0	0	0	0	0	0	0	0	0	0	0	0	0	0	0	0	0	0	0	0	0	2	0	0	0	0	1	0	1	0	1	0	0	1	0	0	0	0	0	0	0	0	0	0	0	0
OTU4411	0	0	0	0	0	0	0	0	0	0	0	0	0	0	0	1	1	1	0	0	0	0	0	0	0	0	0	0	0	0	0	0	0	0	0	0	0	0	0	0	0	0	1	0	2	1	1	0	0	0	2	3	1	0	0	0	0	0	0	0	0	0	0	0	0
OTU927	0	0	0	0	0	1	1	0	1	1	1	1	2	1	1	0	0	0	0	0	0	0	0	0	0	0	0	0	0	0	0	0	0	0	0	0	0	0	0	0	0	0	0	0	0	0	0	0	0	0	0	0	0	1	0	0	0	0	1	0	0	0	0	1	0
OTU616	0	0	0	0	0	0	0	1	0	1	1	1	0	1	1	0	0	0	0	0	0	0	0	0	0	0	0	0	0	0	0	0	0	0	0	0	0	0	0	0	0	0	0	0	0	1	2	0	0	0	0	0	1	0	0	0	1	0	1	0	0	0	0	1	0
OTU1115	0	0	0	0	1	1	0	1	1	1	0	1	1	0	1	0	0	0	0	0	0	0	0	0	0	0	0	0	0	0	0	0	0	0	0	0	0	0	0	0	1	0	0	0	0	0	0	0	1	1	0	0	1	0	0	0	0	0	0	0	0	0	0	1	0
OTU902	0	0	0	0	0	0	1	1	0	0	1	2	1	0	2	0	0	0	0	0	0	0	0	0	0	0	0	0	0	0	0	0	0	0	0	0	0	0	0	0	1	0	0	0	0	1	0	0	0	1	0	1	0	0	0	0	0	0	0	0	1	0	0	0	0
OTU2956	0	0	0	0	0	0	0	0	0	0	0	0	0	0	0	0	0	0	0	0	0	0	0	0	0	0	0	0	0	0	0	0	0	0	0	0	0	0	0	0	0	0	0	0	0	0	0	0	0	0	0	0	0	1	1	2	1	0	1	0	1	1	1	2	2
OTU1190	1	1	1	0	0	0	1	1	1	1	0	1	1	0	0	0	0	0	0	0	1	0	1	0	0	0	0	0	0	0	0	0	0	0	0	0	0	0	0	0	0	0	0	0	0	0	0	0	0	0	0	0	0	0	0	0	1	0	0	0	1	0	0	0	0
OTU728	0	0	1	1	1	1	0	0	0	1	0	1	0	0	0	0	0	0	0	0	0	0	0	0	0	0	0	1	1	0	1	1	1	0	1	0	0	0	0	0	0	0	0	0	0	0	0	0	0	0	0	0	0	0	0	0	0	1	0	0	0	0	0	0	0
OTU909	0	0	0	0	0	0	0	0	0	1	0	1	0	1	1	0	0	0	0	0	0	0	0	0	0	0	0	0	0	0	0	0	0	0	0	0	0	0	0	0	0	0	0	0	0	0	0	0	0	0	0	0	0	0	0	0	1	1	0	1	1	1	1	1	2
OTU2996	1	1	1	0	1	0	2	1	0	1	2	1	1	1	0	0	0	0	0	0	0	0	0	0	0	0	0	0	0	0	0	0	0	0	0	0	0	0	0	0	0	0	0	0	0	0	0	0	0	0	0	0	0	0	0	0	0	0	0	0	0	0	0	0	0
OTU779	2	0	1	0	1	0	0	1	1	2	0	0	1	2	1	0	0	0	0	0	0	0	0	0	0	0	0	0	0	0	0	0	0	0	0	0	0	1	0	0	0	0	0	0	0	0	0	0	0	0	0	0	0	0	0	0	0	0	0	0	0	0	0	0	0
OTU2529	2	0	0	0	0	0	1	0	0	0	0	0	0	1	1	0	0	0	0	0	0	0	0	0	0	0	0	0	0	0	0	0	0	0	0	0	0	0	0	0	0	0	0	0	0	0	0	0	0	0	0	0	0	1	1	1	0	1	1	0	0	0	1	1	1
OTU2872	0	0	0	0	0	0	0	0	0	0	0	0	0	0	0	0	0	0	0	0	0	0	0	0	0	0	0	0	0	0	0	0	0	0	0	0	0	0	0	0	0	0	0	0	0	0	0	0	0	0	0	0	0	1	1	1	1	1	1	1	2	1	1	1	1
OTU891	0	0	1	1	1	1	0	0	0	0	0	0	1	0	0	0	0	0	0	0	0	0	0	0	0	0	0	0	0	0	0	0	0	0	0	0	0	0	0	0	0	0	0	0	0	0	0	0	0	0	0	0	0	1	0	0	0	1	1	1	1	1	1	0	1
OTU611	1	1	0	0	0	0	1	0	0	1	0	0	1	0	1	0	0	0	0	0	0	0	0	0	0	0	0	0	0	0	0	0	0	0	0	0	0	0	0	0	1	0	0	0	1	0	1	0	0	0	0	1	1	0	0	0	1	0	0	0	0	0	0	0	1
OTU719	0	0	0	0	0	0	0	0	0	0	0	0	0	0	0	0	0	0	1	0	0	0	0	0	0	0	0	1	1	1	0	1	0	1	1	2	0	1	1	0	0	0	0	0	0	0	0	0	0	0	0	0	0	0	0	0	0	0	0	0	0	1	0	0	1
OTU943	0	1	1	0	0	0	1	1	1	1	2	2	1	0	2	0	0	0	0	0	0	0	0	0	0	0	0	0	0	0	0	0	0	0	0	0	0	0	0	0	0	0	0	0	0	0	0	0	0	0	0	0	0	0	0	0	0	0	0	0	0	0	0	0	0
OTU1416	0	1	0	1	1	1	1	1	1	0	1	1	1	1	1	0	0	0	0	0	0	0	0	0	0	0	0	0	0	0	0	0	0	0	0	0	0	0	0	0	0	0	0	0	0	0	0	0	0	0	0	0	0	0	0	0	0	0	0	0	0	0	1	0	0
OTU760	0	0	1	0	0	1	0	1	0	0	0	0	1	1	1	0	0	0	0	0	0	0	0	0	0	0	0	0	0	0	0	0	0	0	0	0	0	0	0	0	0	1	1	1	0	1	0	0	1	1	0	0	1	0	0	0	0	0	0	0	0	0	0	0	0
OTU973	0	0	0	0	0	1	0	1	0	0	0	0	1	0	1	0	0	0	0	0	0	0	0	0	0	0	0	0	0	0	0	0	0	0	0	0	0	0	0	1	0	1	1	1	0	0	1	0	0	1	0	0	2	0	0	0	1	0	0	0	0	0	0	0	0
OTU1026	0	0	0	1	0	0	0	1	0	0	1	0	1	0	1	0	0	0	0	0	0	0	0	0	0	0	0	0	0	0	0	0	0	0	0	0	0	0	0	0	0	0	0	0	0	0	0	0	0	0	0	0	0	0	0	0	0	1	1	0	1	1	2	1	1
OTU2784	0	0	0	0	0	0	0	0	0	0	0	0	0	0	0	0	0	0	0	0	0	0	0	0	0	0	0	0	0	0	0	0	0	0	0	0	0	0	0	0	0	0	0	0	0	0	0	0	0	0	0	0	0	1	1	1	1	1	1	1	2	1	1	0	2
OTU942	0	0	1	0	0	0	0	0	0	0	0	1	1	1	1	0	0	0	0	0	0	0	0	0	0	0	0	0	0	0	0	0	0	0	0	0	0	0	0	0	0	1	0	0	1	0	0	1	1	0	1	2	1	0	0	0	0	0	0	0	0	0	0	0	0
OTU5054	1	1	0	1	1	0	0	0	2	1	1	1	1	1	0	0	0	0	0	0	0	1	0	1	0	0	0	0	0	0	0	0	0	0	0	0	0	0	0	0	0	0	0	0	0	0	0	0	0	0	0	0	0	0	0	0	0	0	0	0	0	0	0	0	0
OTU914	0	1	0	0	0	1	0	0	0	0	0	1	0	0	1	0	0	0	0	0	0	0	0	0	0	0	0	0	0	0	0	0	0	0	0	0	0	0	0	0	0	0	0	0	0	0	0	0	0	0	0	0	0	0	1	1	1	1	1	0	0	1	1	1	1
OTU814	0	0	0	0	0	0	0	0	0	0	0	0	0	0	0	0	0	0	1	1	1	0	1	2	0	0	0	1	1	1	0	1	0	0	0	0	0	0	1	0	0	0	0	0	0	0	1	0	0	0	0	0	0	0	1	0	0	0	0	0	0	0	0	0	0
OTU919	0	0	0	0	0	0	0	1	0	1	1	1	0	0	1	0	0	0	0	0	0	0	0	0	0	0	0	0	0	0	0	0	0	0	0	0	0	0	0	0	1	2	1	0	0	0	0	0	0	0	0	1	1	0	0	0	0	0	0	0	0	1	0	0	1
OTU1646	1	0	0	1	0	0	0	0	0	0	1	1	0	0	0	0	0	0	3	2	2	0	0	0	0	0	0	0	0	0	0	0	0	0	0	0	0	0	0	0	0	0	0	0	0	0	0	0	0	0	0	0	0	0	0	0	1	0	0	0	0	0	1	0	0
OTU4444	0	0	0	0	0	0	0	0	0	0	0	0	0	0	0	0	1	0	1	1	1	0	0	0	1	0	1	1	1	1	0	1	0	0	0	0	0	1	2	0	0	0	0	0	0	0	0	0	0	0	0	0	0	0	0	0	0	0	0	0	0	0	0	0	0
OTU730	1	0	0	0	1	0	0	0	1	1	1	1	1	0	1	0	0	0	0	0	0	0	0	0	0	0	0	0	0	0	0	0	0	0	0	0	0	0	0	0	0	0	0	0	0	0	0	1	1	1	1	0	1	0	0	0	0	0	0	0	0	0	0	0	0
OTU3996	0	0	0	0	0	0	0	0	0	0	0	0	1	3	1	0	0	0	0	0	0	0	0	0	0	1	0	1	0	0	1	0	1	0	0	0	1	1	2	0	0	0	0	0	0	0	0	0	0	0	0	0	0	0	0	0	0	0	0	0	0	0	0	0	0
OTU672	0	0	0	0	0	0	0	0	1	1	1	0	1	0	2	0	0	0	0	0	0	0	0	0	0	0	0	0	0	0	0	0	0	0	0	0	0	0	0	0	0	1	1	1	1	1	0	0	0	1	0	0	1	0	0	0	0	0	0	0	0	0	0	0	0
OTU740	0	0	0	1	0	1	0	1	0	1	1	1	1	0	1	0	0	0	0	0	0	0	0	0	0	0	0	0	0	0	0	0	0	0	0	0	0	0	0	0	0	1	0	0	0	0	0	1	0	1	1	1	0	0	0	0	0	0	0	0	0	0	0	0	0
OTU4795	0	0	0	0	0	0	0	0	0	0	0	0	0	0	0	0	0	0	0	0	0	0	0	0	0	0	0	0	0	0	0	0	0	0	0	0	0	0	0	0	0	0	0	0	0	0	0	0	0	0	0	0	0	1	1	1	1	1	1	1	1	2	1	1	1
OTU944	0	0	0	0	0	0	0	0	0	0	0	0	0	0	0	0	0	0	1	0	0	1	1	1	3	1	1	0	1	0	2	0	1	0	0	0	0	0	0	0	0	0	0	0	0	0	0	0	0	0	0	0	0	0	0	0	0	0	0	0	0	0	0	0	0
OTU1159	0	0	0	0	0	0	0	0	0	1	1	1	0	0	0	1	1	0	1	0	0	1	2	0	0	1	0	0	0	1	0	0	0	0	2	0	0	0	0	0	0	0	0	0	0	0	0	0	0	0	0	0	0	0	0	0	0	0	0	0	0	0	0	0	0
OTU2196	0	0	0	0	0	0	0	0	0	0	0	0	0	0	0	0	1	0	0	1	0	0	0	1	0	0	0	1	2	1	2	0	1	0	1	0	0	0	0	0	0	0	0	0	0	0	0	0	0	0	0	0	0	0	0	0	0	1	0	0	0	1	0	0	0
OTU764	0	0	0	0	0	0	0	0	0	0	0	0	0	0	0	0	0	0	2	1	2	0	1	0	0	0	0	1	1	0	0	0	0	1	2	1	0	0	1	0	0	0	0	0	0	0	0	0	0	0	0	0	0	0	0	0	0	0	0	0	0	0	0	0	0
OTU849	0	0	0	0	0	0	0	0	0	0	0	0	0	0	0	0	0	1	3	4	4	1	0	0	0	0	0	0	0	0	0	0	0	0	0	0	0	0	0	0	0	0	0	0	0	0	0	0	0	0	0	0	0	0	0	0	0	0	0	0	0	0	0	0	0
OTU1401	0	0	0	0	0	0	0	0	0	0	0	0	0	0	0	0	0	0	0	0	0	0	0	0	1	1	0	2	2	2	1	1	2	0	0	1	0	0	0	0	0	0	0	0	0	0	0	0	0	0	0	0	0	0	0	0	0	0	0	0	0	0	0	0	0
OTU773	0	0	0	0	0	0	0	0	0	0	0	0	0	0	0	1	1	0	0	0	0	0	0	1	0	0	0	1	1	1	2	1	2	1	1	0	0	0	0	0	0	0	0	0	0	0	0	0	0	0	0	0	0	0	0	0	0	0	0	0	0	0	0	0	0
OTU709	0	0	0	0	0	0	0	0	0	0	0	0	0	0	0	2	0	0	2	2	1	0	0	0	1	1	0	0	0	0	1	0	0	1	0	1	0	1	0	0	0	0	0	0	0	0	0	0	0	0	0	0	0	0	0	0	0	0	0	0	0	0	0	0	0
OTU558	0	0	0	0	0	0	0	0	0	0	0	0	0	0	0	1	2	0	0	0	2	3	2	3	0	0	0	0	0	0	0	0	0	0	0	0	0	0	0	0	0	0	0	0	0	0	0	0	0	0	0	0	0	0	0	0	0	0	0	0	0	0	0	0	0
OTU640	0	1	0	1	0	1	0	1	0	2	1	2	1	1	1	0	0	0	0	0	0	0	0	0	0	0	0	0	0	0	0	0	0	0	0	0	0	0	0	0	0	0	0	0	0	0	0	0	0	0	0	0	0	0	0	0	0	0	0	0	0	0	0	0	0
OTU696	0	0	0	1	0	0	0	0	0	1	0	0	1	1	0	0	1	1	0	0	0	1	1	0	0	0	0	0	0	0	1	0	1	0	0	0	0	0	0	0	0	0	0	0	0	0	0	0	0	0	0	0	0	1	0	0	0	0	0	0	0	0	1	0	0
OTU835	1	1	1	0	0	1	0	1	0	1	1	1	0	0	1	0	0	0	0	0	0	0	0	0	0	0	0	0	0	0	0	0	0	0	0	0	0	0	0	0	0	0	0	0	0	0	0	0	0	0	0	0	0	1	0	1	0	0	0	0	0	1	0	0	0
OTU1250	0	0	0	0	0	0	0	0	0	0	0	0	0	0	0	0	0	0	0	0	0	0	0	0	0	0	0	0	0	0	0	0	0	0	0	0	0	0	0	0	0	0	0	0	0	0	0	0	0	0	0	0	0	1	0	1	1	1	1	1	1	1	1	2	1
OTU1136	0	1	0	0	0	0	0	0	0	0	0	1	0	0	1	0	0	0	0	0	0	0	0	0	0	0	0	0	0	0	0	0	0	0	0	0	0	0	0	0	0	0	0	0	0	0	0	0	0	0	0	0	0	0	1	0	1	0	0	1	1	2	1	1	1
OTU940	0	1	0	0	0	0	0	0	1	0	1	1	1	1	0	0	0	0	0	0	0	0	0	0	0	0	0	0	0	0	0	0	0	0	0	0	0	0	0	1	0	1	1	0	1	0	0	0	0	1	1	0	0	0	0	0	0	0	0	0	0	0	0	0	0
OTU752	0	0	1	0	0	1	1	1	1	1	2	1	1	0	1	0	0	0	0	0	0	0	0	0	0	0	0	0	0	0	0	0	0	0	0	0	0	0	0	0	0	0	0	0	0	0	0	0	0	0	0	0	0	0	0	0	1	0	0	0	0	0	0	0	0
OTU1789	1	0	0	0	0	0	0	0	0	0	0	0	0	0	1	0	0	0	0	0	0	0	0	0	0	0	0	0	0	0	0	0	0	0	0	0	0	0	0	0	0	0	0	0	0	0	0	0	0	0	0	0	0	1	1	0	1	0	1	1	1	1	0	1	2
OTU786	0	0	0	0	0	0	1	1	1	0	0	1	1	0	0	0	0	0	0	0	0	0	0	0	0	0	0	0	0	0	0	0	0	0	0	0	0	0	0	0	2	0	0	1	1	1	0	0	0	0	0	1	0	0	0	0	1	0	0	0	0	0	0	0	0
OTU656	0	1	1	1	2	1	0	0	0	0	0	0	1	3	2	0	0	0	0	0	0	0	0	0	0	0	0	0	0	0	0	0	0	0	0	0	0	0	0	0	0	0	0	0	0	0	0	0	0	0	0	0	0	0	0	0	0	0	0	0	0	0	0	0	0
OTU1438	0	0	0	0	0	0	0	0	0	0	0	0	0	0	0	0	0	0	0	0	0	0	0	0	0	0	0	0	0	0	0	0	0	0	0	0	0	0	0	0	0	0	0	0	0	0	0	0	0	0	0	0	0	2	1	2	1	0	1	1	0	1	1	1	1
OTU2576	1	0	0	0	0	0	0	0	0	0	0	0	1	0	1	0	0	0	0	0	0	0	0	0	0	0	0	0	0	0	0	0	0	0	0	0	0	0	0	0	0	0	0	0	0	0	0	0	0	0	0	0	0	1	1	1	0	1	1	0	0	1	1	1	1
OTU1370	0	0	0	0	0	1	1	0	0	0	0	1	1	1	1	0	0	1	0	0	0	0	0	0	0	0	0	0	0	0	0	0	0	0	0	0	0	0	0	0	0	0	0	0	0	0	0	0	0	0	0	0	0	0	0	0	1	1	0	1	0	1	0	0	1
OTU4130	0	0	0	0	0	0	0	0	0	0	0	0	0	0	0	0	0	0	0	0	0	0	0	0	0	0	1	0	1	0	1	0	2	0	1	0	1	0	0	0	0	0	0	0	0	0	0	0	0	0	0	0	0	1	1	0	0	1	0	0	0	2	0	0	0
OTU1472	0	0	0	0	0	0	0	0	0	0	0	0	0	0	0	0	0	0	0	0	0	0	0	0	0	0	0	0	0	0	0	0	0	0	0	0	0	0	0	0	0	0	0	0	0	0	0	0	0	0	0	0	0	1	0	0	1	1	1	1	2	1	1	2	1
OTU844	0	0	0	0	0	0	0	1	0	1	0	1	1	0	0	0	0	0	0	0	1	0	1	0	0	0	0	0	0	0	0	0	0	0	0	0	0	0	0	0	0	0	0	0	0	0	0	0	0	0	0	0	0	0	0	1	0	1	0	0	0	1	1	1	1
OTU1544	0	0	0	0	0	0	0	0	0	0	0	0	0	0	0	0	0	0	0	0	0	0	0	0	0	0	0	0	0	0	0	0	0	0	0	0	0	0	0	0	0	0	0	0	0	0	0	0	0	0	0	0	0	1	1	0	1	1	1	2	1	1	1	1	1
OTU2412	0	0	0	0	0	0	0	0	0	0	0	0	0	0	0	0	0	0	0	0	0	0	0	0	0	0	0	0	0	0	0	0	0	0	0	0	0	0	0	0	0	0	0	0	0	0	0	0	0	0	0	0	0	1	1	1	1	1	0	1	1	2	1	1	1
OTU3450	0	0	0	0	0	0	0	0	0	0	0	0	0	0	0	0	0	0	0	0	0	0	0	0	1	0	0	0	0	0	0	0	0	0	0	1	0	0	1	1	0	0	1	0	3	1	0	1	0	0	1	0	1	0	0	0	0	0	0	0	0	0	0	0	0
OTU1039	0	0	0	0	0	0	0	0	0	0	0	0	0	0	0	1	1	1	1	0	1	0	2	0	0	1	1	0	0	0	0	0	1	1	0	0	0	0	1	0	0	0	0	0	0	0	0	0	0	0	0	0	0	0	0	0	0	0	0	0	0	0	0	0	0
OTU867	0	1	0	0	0	0	0	0	0	1	2	1	0	0	1	0	0	0	0	0	0	0	0	0	0	0	0	0	0	0	0	0	0	0	0	0	0	0	0	0	0	2	0	2	0	0	0	0	0	2	0	0	0	0	0	0	0	0	0	0	0	0	0	0	0
OTU686	0	0	0	0	0	0	0	0	0	0	0	0	0	0	0	0	0	0	0	0	0	0	0	0	0	0	0	0	0	0	0	0	0	1	5	5	1	0	0	0	0	0	0	0	0	0	0	0	0	0	0	0	0	0	0	0	0	0	0	0	0	0	0	0	0
OTU5510	0	0	0	0	0	0	0	0	0	0	0	0	0	0	0	0	0	0	0	0	1	1	0	0	1	2	1	1	0	0	1	1	1	0	0	0	1	0	1	0	0	0	0	0	0	0	0	0	0	0	0	0	0	0	0	0	0	0	0	0	0	0	0	0	0
OTU946	0	0	0	0	0	0	0	0	0	0	0	0	0	0	0	0	0	1	2	1	1	0	2	0	1	0	1	0	0	1	0	0	1	0	1	0	0	0	0	0	0	0	0	0	0	0	0	0	0	0	0	0	0	0	0	0	0	0	0	0	0	0	0	0	0
OTU2963	0	0	0	0	1	0	0	0	1	0	0	1	1	0	0	0	0	0	0	0	0	0	0	0	0	0	0	0	0	0	0	0	0	0	0	0	0	0	0	0	0	0	1	0	2	1	1	0	1	0	0	1	1	0	0	0	0	0	0	0	0	0	0	0	0
OTU832	0	0	0	0	0	0	0	0	0	0	0	0	0	0	0	1	1	0	0	0	1	1	2	1	0	0	0	1	1	1	0	0	1	0	1	0	0	0	0	0	0	0	0	0	0	0	0	0	0	0	0	0	0	0	0	0	0	0	0	0	0	0	0	0	0
OTU2003	0	0	0	0	0	0	0	0	0	0	0	0	0	0	0	0	0	0	0	0	1	4	1	1	0	0	0	1	1	1	0	0	0	0	0	1	1	0	0	0	0	0	0	0	0	0	0	0	0	0	0	0	0	0	0	0	0	0	0	0	0	0	0	0	0
OTU975	0	0	0	0	0	1	0	0	0	1	1	0	0	0	0	0	0	0	0	0	0	0	0	0	0	0	0	0	0	0	0	0	0	0	0	0	0	0	0	0	0	0	0	0	0	0	0	0	0	0	0	0	0	0	0	1	1	1	1	1	1	0	1	0	1
OTU1144	0	1	0	1	1	0	0	1	0	1	1	0	1	0	1	0	0	0	0	0	0	0	1	1	0	0	0	0	0	0	0	0	0	0	0	0	0	0	0	0	0	0	0	0	0	0	0	0	0	0	0	0	0	0	0	0	1	0	0	0	0	0	0	0	0
OTU3014	0	0	0	0	0	0	0	0	0	1	0	0	0	0	0	0	0	0	0	0	0	0	0	0	0	0	0	0	0	0	0	0	0	0	0	0	0	0	0	0	0	0	0	0	0	0	0	0	0	0	0	0	0	1	1	1	1	0	1	1	0	1	1	1	1
OTU1359	0	0	0	0	0	1	0	1	1	1	0	0	0	0	1	0	0	0	0	0	0	0	0	0	0	0	0	0	0	0	0	0	0	0	0	0	0	0	0	0	1	0	1	1	0	0	0	0	0	1	0	0	0	0	0	1	0	0	0	0	0	0	1	0	0
OTU1908	0	0	0	0	0	0	0	0	0	0	0	0	0	0	0	0	0	0	0	0	0	0	0	0	0	0	0	0	0	0	0	0	0	0	0	0	0	0	0	0	0	0	0	0	0	0	0	0	0	0	0	0	0	1	0	1	0	1	1	1	2	1	1	1	1
OTU1386	0	0	0	0	0	0	0	0	0	0	0	0	0	0	0	0	0	0	0	0	0	0	0	0	0	0	0	0	0	0	0	0	0	0	0	0	0	0	0	0	0	0	0	0	0	0	0	0	0	0	0	0	0	1	1	0	1	0	1	1	1	2	1	1	1
OTU3012	1	1	1	0	2	1	0	0	0	1	2	2	0	0	0	0	0	0	0	0	0	0	0	0	0	0	0	0	0	0	0	0	0	0	0	0	0	0	0	0	0	0	0	0	0	0	0	0	0	0	0	0	0	0	0	0	0	0	0	0	0	0	0	0	0
OTU822	0	0	0	0	0	1	0	1	0	0	1	0	1	0	0	1	1	0	0	0	1	1	0	0	1	0	0	0	0	0	0	1	0	0	0	0	0	0	0	0	0	0	0	0	0	0	0	0	0	0	0	0	0	0	0	0	0	0	0	0	0	0	0	0	1
OTU3187	1	0	0	0	1	1	0	0	0	0	0	0	0	0	0	0	0	0	0	0	0	0	0	0	1	1	0	1	0	0	0	0	0	0	0	0	0	0	0	1	0	1	1	0	1	0	0	0	0	0	0	0	1	0	0	0	0	0	0	0	0	0	0	0	0
OTU649	0	1	0	0	0	1	0	1	1	0	0	1	1	0	1	0	0	0	0	0	0	0	0	0	0	0	0	0	0	0	0	0	0	0	0	0	0	0	0	0	0	0	0	0	0	0	1	0	0	0	1	1	1	0	0	0	0	0	0	0	0	0	0	0	0
OTU1241	1	0	1	0	1	0	1	0	0	0	1	0	1	0	0	0	0	0	0	0	0	0	0	0	0	0	0	0	0	0	0	0	0	0	0	0	0	0	0	0	0	0	0	0	0	0	0	0	0	0	0	0	0	0	1	1	1	0	0	0	0	1	0	0	1
OTU1791	0	0	0	0	0	0	0	0	0	1	0	1	0	0	0	0	0	0	0	0	0	0	0	0	0	0	0	0	0	0	0	0	0	0	0	0	0	0	0	0	0	1	1	1	1	0	0	0	0	1	0	1	1	0	0	0	1	1	0	0	0	0	0	0	0
OTU846	0	0	0	0	0	1	0	1	0	0	2	1	2	0	2	0	0	0	0	0	0	0	0	0	0	0	0	0	0	0	0	0	0	0	0	0	0	0	0	0	0	0	0	0	0	0	0	0	0	0	0	0	0	0	1	0	1	0	0	0	0	0	0	0	0
OTU1007	0	0	0	1	1	1	0	1	0	0	1	0	1	0	1	0	0	0	0	0	0	0	0	0	0	0	0	0	0	0	0	0	0	0	0	0	0	0	0	0	1	2	0	0	0	0	0	0	0	0	1	0	0	0	0	0	0	0	0	0	0	0	0	0	0
OTU1771	0	0	0	0	0	0	0	0	0	0	0	0	0	0	0	0	0	0	0	0	0	0	0	0	0	0	0	0	0	0	0	0	0	0	0	0	0	0	0	0	0	0	0	0	0	0	0	0	0	0	0	0	0	1	1	1	1	1	1	0	1	1	1	1	1
OTU714	0	1	0	0	0	0	0	1	0	1	0	2	0	0	1	0	0	0	0	0	0	0	0	0	0	0	0	0	0	0	0	0	0	0	0	0	0	0	0	0	0	0	0	1	0	1	0	1	0	0	0	1	1	0	0	0	0	0	0	0	0	0	0	0	0
OTU3601	0	0	0	0	0	0	0	0	0	0	0	0	0	0	0	0	0	0	0	0	0	0	0	0	0	0	0	0	0	0	0	0	0	0	0	0	0	0	0	0	0	0	0	0	0	0	0	0	0	0	0	0	0	1	1	1	1	1	1	1	1	1	1	1	0
OTU2199	0	0	0	0	0	0	0	0	0	0	0	0	0	0	0	0	0	0	0	0	0	0	0	0	0	0	0	0	0	0	0	0	0	0	0	0	0	0	0	0	0	0	0	0	0	0	0	0	0	0	0	0	0	1	1	1	1	1	1	0	1	1	1	1	1
OTU2406	0	0	0	0	0	0	0	0	0	0	0	0	0	0	0	0	0	0	0	0	0	0	0	0	0	0	0	0	0	0	0	0	0	0	0	0	0	0	0	0	0	0	0	0	0	0	0	0	0	0	0	0	0	1	1	1	1	1	1	1	1	1	1	1	0
OTU4584	0	0	0	0	0	0	0	1	1	1	0	1	0	0	1	0	0	0	0	0	0	0	0	0	0	0	0	0	0	0	0	0	0	0	0	0	0	0	0	0	0	0	0	1	1	1	1	0	0	1	0	1	0	0	0	0	0	0	0	0	0	0	0	0	0
OTU2203	0	1	1	0	0	0	0	1	0	1	1	0	0	0	1	0	0	0	0	0	1	0	1	1	0	0	0	0	0	0	0	0	0	0	0	0	0	0	0	0	0	0	0	0	0	0	0	0	0	0	0	0	0	0	1	0	1	0	0	0	0	0	0	0	0
OTU821	0	0	1	0	0	0	1	1	1	1	0	1	0	1	1	0	0	0	0	0	0	2	0	1	0	0	0	0	0	0	0	0	0	0	0	0	0	0	0	0	0	0	0	0	0	0	0	0	0	0	0	0	0	0	0	0	0	0	0	0	0	0	0	0	0
OTU2475	0	0	0	0	0	0	0	0	0	0	0	0	0	0	0	0	0	0	0	0	0	0	0	0	0	0	0	0	0	0	0	0	0	0	0	0	0	0	0	0	0	0	0	0	0	0	0	0	0	0	0	0	0	1	1	1	1	1	1	0	1	1	1	1	1
OTU4735	0	0	0	0	0	0	0	0	0	0	0	0	0	0	0	0	0	0	0	0	0	0	0	0	0	0	0	0	0	0	0	0	0	0	0	0	0	0	0	0	0	0	0	0	0	0	0	0	0	0	0	0	0	1	0	1	1	1	1	0	1	1	1	2	1
OTU1134	0	0	0	0	0	0	0	0	0	0	0	0	0	0	0	0	0	0	0	0	0	0	0	0	0	0	0	0	0	0	0	0	0	0	0	0	0	0	0	0	0	0	0	0	0	0	0	0	0	0	0	0	0	1	1	1	1	0	1	1	0	1	1	2	1
OTU707	0	0	0	0	0	0	1	0	0	3	2	3	1	1	0	0	0	0	0	0	0	0	0	0	0	0	0	0	0	0	0	0	0	0	0	0	0	0	0	0	0	0	0	0	0	0	0	0	0	0	0	0	0	0	0	0	0	0	0	0	0	0	0	0	0
OTU770	0	1	0	1	1	0	0	0	0	0	0	1	1	0	1	0	0	0	0	0	0	0	0	0	0	0	0	0	0	0	0	0	0	0	0	0	0	0	0	0	0	0	0	1	1	0	0	1	0	0	1	0	1	0	0	0	0	0	0	0	0	0	0	0	0
OTU713	1	0	0	0	0	0	0	0	1	1	1	1	0	0	0	0	0	0	0	0	1	0	0	0	0	0	0	0	0	0	0	0	0	0	0	0	0	0	0	0	0	0	1	0	0	1	0	1	0	0	1	1	0	0	0	0	0	0	0	0	0	0	0	0	0
OTU2197	0	0	0	0	0	0	0	1	1	0	0	1	1	0	1	0	0	0	0	0	0	0	0	0	0	0	0	0	0	0	0	0	0	0	0	0	0	0	0	0	1	0	0	0	1	0	0	1	0	1	0	0	0	0	0	1	0	0	0	0	0	0	1	0	0
OTU5075	1	1	1	1	0	1	1	1	0	0	1	1	1	1	0	0	0	0	0	0	0	0	0	0	0	0	0	0	0	0	0	0	0	0	0	0	0	0	0	0	0	0	0	0	0	0	0	0	0	0	0	0	0	0	0	0	0	0	0	0	0	0	0	0	0
OTU855	0	0	0	0	0	0	0	0	0	0	0	0	0	0	0	1	0	1	2	4	3	0	0	0	0	0	0	0	0	0	0	0	0	0	0	0	0	0	0	0	0	0	0	0	0	0	0	0	0	0	0	0	0	0	0	0	0	0	0	0	0	0	0	0	0
OTU3817	0	0	0	0	0	0	0	0	0	0	0	0	0	0	0	1	1	0	2	1	1	0	0	0	1	0	0	0	0	0	1	0	0	1	1	0	1	0	0	0	0	0	0	0	0	0	0	0	0	0	0	0	0	0	0	0	0	0	0	0	0	0	0	0	0
OTU792	0	0	0	0	0	0	0	0	0	0	0	0	0	0	0	2	0	1	0	1	1	0	0	0	1	0	0	0	1	0	1	0	1	0	1	1	0	0	0	0	0	0	0	0	0	0	0	0	0	0	0	0	0	0	0	0	0	0	0	0	0	0	0	0	0
OTU2936	0	0	0	0	0	0	0	0	0	0	0	0	0	0	0	1	1	1	0	0	0	1	1	0	0	1	1	0	0	0	1	0	1	0	1	1	0	0	0	0	0	0	0	0	0	0	0	0	0	0	0	0	0	0	0	0	0	0	0	0	0	0	0	0	0
OTU993	0	0	0	0	0	0	0	0	0	0	0	0	0	0	1	0	0	0	0	0	0	0	0	0	0	0	0	0	0	0	0	0	0	0	0	0	0	0	0	0	1	1	2	1	0	1	1	1	0	0	1	1	0	0	0	0	0	0	0	0	0	0	0	0	0
OTU2542	0	0	0	0	0	0	0	0	0	0	0	0	0	0	0	0	0	0	0	0	0	0	0	0	0	0	0	0	0	0	0	0	0	0	0	0	0	0	0	1	1	0	1	1	2	1	1	1	0	2	0	0	0	0	0	0	0	0	0	0	0	0	0	0	0
OTU441	0	0	0	0	0	0	0	0	0	0	0	0	0	0	0	0	1	1	0	0	0	6	1	2	0	0	0	0	0	0	0	0	0	0	0	0	0	0	0	0	0	0	0	0	0	0	0	0	0	0	0	0	0	0	0	0	0	0	0	0	0	0	0	0	0
OTU877	0	0	1	0	0	0	1	1	1	0	1	1	1	0	0	0	0	0	0	0	0	0	0	0	0	0	0	0	0	0	0	0	0	0	0	0	0	0	0	0	1	0	0	0	0	1	0	0	1	0	0	0	0	0	0	0	0	0	0	0	0	0	0	0	0
OTU1939	0	1	0	0	1	1	0	0	1	1	0	1	1	0	1	0	0	0	0	0	0	0	0	0	0	0	0	0	0	0	0	0	0	0	0	0	0	0	0	0	0	0	0	1	0	0	0	1	0	0	0	0	0	0	0	0	0	0	0	0	0	0	0	0	0
OTU813	0	0	1	0	0	0	0	1	1	0	1	0	2	0	1	0	0	0	0	0	0	0	0	0	0	0	0	0	0	0	0	0	0	0	0	0	0	0	0	0	0	0	0	0	0	0	0	0	0	0	0	0	0	1	0	0	0	0	0	0	1	0	1	0	0
OTU875	0	0	0	0	0	0	1	0	0	2	1	1	0	0	0	0	0	0	0	0	0	0	0	0	0	0	0	0	0	0	0	0	0	0	0	0	0	0	0	0	0	0	0	0	0	0	0	0	0	0	0	0	0	1	0	0	1	1	0	1	1	0	0	0	0
OTU997	0	0	0	0	1	0	0	0	1	1	0	0	1	0	1	0	0	0	0	0	0	0	0	0	0	0	0	0	0	0	0	0	0	0	0	0	0	0	0	0	0	0	1	1	0	1	0	0	0	0	0	0	1	0	0	0	0	0	0	0	0	0	0	1	0
OTU2219	0	0	0	0	0	0	0	0	0	0	0	0	0	0	0	0	0	0	0	0	0	0	0	0	0	0	0	0	0	0	0	0	0	0	0	0	0	0	0	0	0	0	0	0	0	0	0	0	0	0	0	0	0	0	1	1	1	0	2	0	1	1	1	1	1
OTU2502	0	0	0	0	0	1	0	0	0	1	0	1	1	1	1	0	0	0	0	0	0	0	0	0	0	0	0	0	0	0	0	0	0	0	0	0	0	0	0	0	0	0	0	0	0	0	0	0	0	0	0	0	0	0	0	0	0	0	1	0	0	1	1	1	0
OTU746	0	0	0	0	0	0	0	0	0	1	0	0	0	0	0	0	0	0	0	1	2	0	1	0	0	0	0	0	0	0	0	0	0	0	0	0	0	0	0	0	0	0	0	0	0	0	0	0	0	0	0	0	0	0	0	0	1	0	1	1	1	0	0	1	0
OTU702	1	0	0	0	0	0	2	1	1	2	1	1	0	0	0	0	0	0	0	0	0	0	0	0	0	0	0	0	0	0	0	0	0	0	0	0	0	0	0	0	0	0	0	0	0	0	0	0	0	0	0	0	0	0	0	0	0	0	0	1	0	0	0	0	0
OTU1050	0	0	0	0	0	0	0	0	0	0	0	0	1	0	1	0	0	0	0	0	0	0	0	0	0	0	0	0	0	0	0	0	0	0	0	0	0	0	0	0	0	0	0	0	0	0	0	0	0	0	0	0	0	1	0	1	0	1	1	1	1	1	0	1	0
OTU926	0	0	0	0	0	0	0	0	0	0	0	0	1	0	0	0	0	0	1	2	1	0	0	1	1	0	0	0	0	1	0	0	0	0	1	1	0	0	0	0	0	0	0	0	0	0	0	0	0	0	0	0	0	0	0	0	0	0	0	0	0	0	0	0	0
OTU1434	0	0	0	0	0	0	1	0	1	0	0	0	0	1	0	0	0	0	0	0	0	0	0	0	0	0	0	0	0	0	0	0	0	0	0	0	0	0	0	0	0	0	0	0	0	0	0	0	0	0	0	0	0	0	0	1	0	1	0	1	1	1	1	0	1
OTU2657	0	0	0	0	0	0	0	0	0	0	0	0	0	0	0	0	0	0	0	0	0	0	0	0	0	0	0	0	0	0	0	0	0	0	0	0	0	0	0	0	0	0	0	0	0	0	0	0	0	0	0	0	0	1	1	1	1	0	1	1	1	1	1	0	1
OTU1342	0	1	0	0	0	1	1	1	0	1	0	1	1	0	0	0	0	0	0	0	0	0	0	0	0	0	0	0	0	0	0	0	0	0	0	0	0	0	0	0	0	0	0	1	0	1	0	0	0	1	0	0	0	0	0	0	0	0	0	0	0	0	0	0	0
OTU1302	0	0	0	0	1	0	0	0	0	0	0	0	0	0	0	0	0	0	0	0	0	0	0	0	0	0	0	0	0	0	0	0	0	0	0	0	0	0	0	0	0	0	0	0	0	0	0	0	0	0	0	0	0	0	1	0	1	2	0	0	1	1	1	1	1
OTU1353	0	0	0	0	0	0	0	0	0	0	0	0	0	0	0	0	0	0	0	0	0	0	0	0	0	0	0	0	0	0	0	0	0	0	0	0	0	0	0	0	0	0	0	0	0	0	0	0	0	0	0	0	0	1	1	0	2	0	1	0	1	1	1	1	1
OTU2249	0	0	0	0	0	0	0	0	0	0	0	0	0	0	0	0	0	0	0	0	0	0	0	0	0	0	0	0	0	0	0	0	0	0	0	0	0	0	0	0	0	0	0	0	0	0	0	0	0	0	0	0	0	1	0	1	1	1	1	0	1	1	1	1	1
OTU772	0	1	0	0	0	0	2	0	1	0	0	1	0	0	0	0	0	0	0	0	0	0	0	0	1	0	1	1	0	1	0	0	0	0	0	0	0	0	1	0	0	0	0	0	0	0	0	0	0	0	0	0	0	0	0	0	0	0	0	0	0	0	0	0	0
OTU1154	0	0	0	0	0	0	0	0	1	0	0	1	0	0	0	0	0	0	0	0	0	1	1	2	0	0	0	0	0	0	0	0	0	0	0	0	0	0	0	0	0	0	0	0	1	0	1	1	0	0	0	1	0	0	0	0	0	0	0	0	0	0	0	0	0
OTU1442	0	0	0	0	0	0	0	0	0	0	0	0	0	0	0	0	0	0	0	0	0	0	0	0	0	0	0	0	0	0	0	0	0	0	0	0	0	0	0	0	0	0	0	0	0	0	0	0	0	0	0	0	0	1	0	1	1	1	1	0	1	1	1	1	1
OTU3422	0	0	0	0	0	0	0	0	0	0	0	0	0	0	0	0	0	0	0	1	1	0	0	0	2	1	1	0	0	0	2	0	1	0	0	0	0	1	0	0	0	0	0	0	0	0	0	0	0	0	0	0	0	0	0	0	0	0	0	0	0	0	0	0	0
OTU1361	0	0	0	0	0	0	0	1	0	0	0	0	1	0	1	0	0	0	0	1	1	0	0	1	0	0	0	0	0	0	0	0	0	0	0	0	0	0	0	0	0	0	0	0	0	0	0	0	0	0	0	0	0	1	1	0	0	0	0	0	1	1	0	0	0
OTU1529	0	0	0	0	0	0	0	0	0	0	0	0	0	0	0	0	0	0	0	0	0	0	0	0	0	0	0	0	0	0	0	0	0	0	0	0	0	0	0	0	0	0	0	0	0	0	0	0	0	0	0	0	0	1	1	1	1	0	1	1	1	1	0	1	1
OTU4480	0	1	1	1	1	0	0	1	0	0	1	1	1	1	1	0	0	0	0	0	0	0	0	0	0	0	0	0	0	0	0	0	0	0	0	0	0	0	0	0	0	0	0	0	0	0	0	0	0	0	0	0	0	0	0	0	0	0	0	0	0	0	0	0	0
OTU2941	0	0	0	0	0	0	0	0	0	0	0	0	0	0	0	0	0	0	0	0	0	0	0	0	0	0	0	0	0	0	0	0	0	0	0	0	0	0	0	0	0	0	0	0	0	0	0	0	0	0	0	0	0	2	1	1	0	1	1	0	0	1	1	1	1
OTU2235	0	0	0	0	0	0	0	0	0	0	0	0	0	0	0	0	0	0	0	0	0	0	0	0	0	0	0	0	0	0	0	0	0	0	0	0	0	0	0	0	0	0	0	0	0	0	0	0	0	0	0	0	0	1	1	1	1	0	1	0	1	1	1	1	1
OTU866	0	0	0	0	0	0	0	0	0	1	1	1	0	0	0	1	1	1	1	0	2	0	1	0	0	0	0	0	0	0	0	0	0	0	0	0	0	0	0	0	0	0	0	0	0	0	0	0	0	0	0	0	0	0	0	0	0	0	0	0	0	0	0	0	0
OTU4889	0	0	0	0	0	0	0	0	0	0	0	0	0	0	0	0	1	0	0	1	0	1	1	1	0	0	0	1	1	0	0	1	0	0	1	1	0	0	0	0	0	0	0	0	0	0	0	0	0	0	0	0	0	0	0	0	0	0	0	0	0	0	0	0	0
OTU1768	0	0	0	0	0	0	0	0	0	0	0	0	0	0	0	0	0	0	0	0	0	0	0	0	0	0	0	0	0	0	0	0	0	0	0	0	0	0	0	0	0	0	0	0	0	0	0	0	0	0	0	0	0	1	1	1	1	1	1	1	1	1	0	0	1
OTU3243	0	0	0	0	0	0	0	0	0	0	0	0	0	0	0	0	0	0	4	4	2	0	0	0	0	0	0	0	0	0	0	0	0	0	0	0	0	0	0	0	0	0	0	0	0	0	0	0	0	0	0	0	0	0	0	0	0	0	0	0	0	0	0	0	0
OTU980	0	0	0	0	0	0	1	1	0	0	1	0	1	0	1	0	0	0	0	0	0	0	0	0	0	0	0	0	0	0	0	0	0	0	0	0	0	0	0	0	0	0	0	1	1	1	0	0	1	0	0	0	1	0	0	0	0	0	0	0	0	0	0	0	0
OTU912	0	0	0	0	0	0	0	0	0	0	0	0	0	0	0	3	4	3	0	0	0	0	0	0	0	0	0	0	0	0	0	0	0	0	0	0	0	0	0	0	0	0	0	0	0	0	0	0	0	0	0	0	0	0	0	0	0	0	0	0	0	0	0	0	0
OTU2419	0	0	0	0	0	0	0	0	1	1	0	1	0	0	0	0	0	0	0	0	0	0	0	0	0	0	0	0	0	0	0	0	0	0	0	0	0	0	0	0	1	0	1	2	2	0	1	0	0	0	0	0	0	0	0	0	0	0	0	0	0	0	0	0	0
OTU3512	0	0	0	0	0	0	0	0	0	0	0	0	0	0	0	0	0	0	0	0	0	0	0	0	0	0	0	0	0	1	1	2	4	0	0	0	1	0	1	0	0	0	0	0	0	0	0	0	0	0	0	0	0	0	0	0	0	0	0	0	0	0	0	0	0
OTU2208	0	0	0	0	0	1	0	0	0	0	0	0	0	1	1	0	0	0	0	0	0	0	0	0	0	0	0	0	0	0	0	0	0	0	0	0	0	0	0	0	0	1	2	1	0	1	0	1	0	0	0	0	1	0	0	0	0	0	0	0	0	0	0	0	0
OTU3294	0	0	0	0	0	0	0	0	0	0	0	1	1	0	0	0	0	0	0	0	0	0	0	0	0	0	0	0	0	0	0	0	0	0	0	0	0	0	0	0	0	1	1	1	0	0	1	0	1	1	1	0	1	0	0	0	0	0	0	0	0	0	0	0	0
OTU727	0	0	0	0	0	0	0	0	0	0	0	0	0	0	0	1	2	0	1	0	1	3	1	1	0	0	0	0	0	0	0	0	0	0	0	0	0	0	0	0	0	0	0	0	0	0	0	0	0	0	0	0	0	0	0	0	0	0	0	0	0	0	0	0	0
OTU2846	0	0	0	0	0	0	0	0	0	0	0	0	0	0	0	0	0	0	0	0	0	0	0	0	0	0	0	4	2	2	0	0	0	0	0	0	1	0	1	0	0	0	0	0	0	0	0	0	0	0	0	0	0	0	0	0	0	0	0	0	0	0	0	0	0
OTU3359	0	0	0	0	0	0	0	0	0	0	0	0	0	0	0	0	0	0	0	0	0	0	0	0	1	1	1	1	1	1	1	0	0	0	0	0	1	1	1	0	0	0	0	0	0	0	0	0	0	0	0	0	0	0	0	0	0	0	0	0	0	0	0	0	0
OTU1249	0	0	0	0	0	0	0	0	0	0	0	0	0	0	0	1	0	1	0	0	1	3	2	2	0	0	0	0	0	0	0	0	0	0	0	0	0	0	0	0	0	0	0	0	0	0	0	0	0	0	0	0	0	0	0	0	0	0	0	0	0	0	0	0	0
OTU2201	0	0	0	0	0	0	0	0	0	0	0	0	0	0	0	1	1	1	0	0	1	0	0	0	1	1	1	0	0	0	0	0	0	0	0	0	0	1	1	0	0	0	0	0	0	0	0	0	0	0	0	0	0	0	0	0	0	0	0	0	0	0	0	0	0
OTU689	0	1	0	0	0	1	0	0	1	0	1	0	0	0	2	0	0	0	0	0	0	0	0	0	0	0	0	0	0	0	0	0	0	0	0	0	0	0	0	0	0	0	0	0	0	0	0	0	0	0	0	0	0	0	0	1	0	0	0	0	1	0	1	0	0
OTU684	0	1	1	0	0	0	0	1	0	1	1	1	0	0	1	0	0	0	0	0	0	0	0	0	0	0	0	0	0	0	0	0	0	0	0	0	0	0	0	0	0	0	0	0	0	0	0	0	0	0	0	0	0	0	0	0	1	1	0	0	0	0	0	0	0
OTU732	0	0	0	0	0	0	1	0	1	1	0	1	0	0	0	0	0	0	0	0	0	0	0	0	0	0	0	0	1	0	0	0	1	0	1	1	0	0	0	0	0	0	0	0	0	0	0	0	0	0	0	0	0	0	0	0	0	0	0	0	0	0	0	0	1
OTU1499	0	0	0	0	0	0	0	1	1	1	1	1	0	0	0	1	0	0	1	1	0	1	0	0	0	0	0	0	0	0	0	0	0	0	0	0	0	0	0	0	0	0	0	0	0	0	0	0	0	0	0	0	0	0	0	0	0	0	0	0	0	0	0	0	0
OTU1044	0	0	1	0	0	0	1	1	0	0	0	1	0	0	1	0	0	0	0	0	0	0	0	0	0	0	0	0	0	0	0	0	0	0	0	0	0	0	0	1	1	0	0	0	0	1	1	0	0	0	0	0	0	0	0	0	0	0	0	0	0	0	0	0	0
OTU3274	0	0	0	0	1	1	1	0	0	1	0	0	0	1	1	0	0	0	0	0	0	0	0	0	0	0	0	0	0	0	0	0	0	0	0	0	0	0	0	0	0	0	0	0	0	0	0	0	0	0	0	0	0	0	0	0	0	1	1	0	0	0	0	0	1
OTU900	1	0	1	0	1	0	0	1	0	1	1	1	0	0	0	0	0	0	0	0	0	0	0	0	0	0	0	0	0	0	0	0	0	0	0	0	0	0	0	0	0	0	0	0	0	0	0	0	0	0	0	0	0	0	0	0	0	0	0	0	0	0	0	1	1
OTU1467	0	1	0	0	0	0	0	0	0	0	0	1	1	1	1	0	0	0	0	0	0	0	0	0	0	0	0	0	0	0	0	0	0	0	0	0	0	0	0	0	0	0	0	0	0	0	0	0	0	0	0	0	0	1	0	1	1	0	0	0	0	0	1	0	0
OTU741	0	0	1	0	0	1	0	1	1	0	1	1	1	1	0	0	0	0	0	0	0	0	0	0	0	0	0	0	0	0	0	0	0	0	0	0	0	0	0	0	0	0	0	0	0	0	0	0	0	0	0	0	0	1	0	0	0	0	0	0	0	0	0	0	0
OTU923	0	0	0	0	0	0	0	1	0	0	0	0	1	0	1	0	0	0	0	0	0	0	0	0	0	0	0	0	0	0	0	0	0	0	0	0	0	0	0	0	0	0	0	0	0	0	0	0	0	0	0	0	0	0	0	0	1	1	1	0	0	1	1	0	1
OTU1016	0	0	0	0	0	0	1	1	0	1	1	0	2	1	2	0	0	0	0	0	0	0	0	0	0	0	0	0	0	0	0	0	0	0	0	0	0	0	0	0	0	0	0	0	0	0	0	0	0	0	0	0	0	0	0	0	0	0	0	0	0	0	0	0	0
OTU1068	0	0	0	0	1	0	0	0	1	1	1	0	0	0	0	0	0	0	0	0	0	0	0	0	0	0	0	0	0	0	0	0	0	0	0	0	0	0	0	0	0	0	0	0	0	0	0	0	0	0	0	0	0	1	0	1	0	0	1	0	0	1	0	1	0
OTU796	0	2	1	0	0	0	0	2	0	1	1	1	1	0	0	0	0	0	0	0	0	0	0	0	0	0	0	0	0	0	0	0	0	0	0	0	0	0	0	0	0	0	0	0	0	0	0	0	0	0	0	0	0	0	0	0	0	0	0	0	0	0	0	0	0
OTU1441	1	1	1	1	1	0	0	1	0	0	0	0	0	1	0	0	0	0	0	0	0	0	0	0	0	0	0	0	0	0	0	0	0	0	0	0	0	0	0	0	0	0	0	0	0	0	0	0	0	0	0	0	0	0	0	0	0	0	0	1	0	0	0	0	1
OTU799	0	0	0	0	1	1	1	1	0	1	0	1	0	1	1	0	0	0	0	0	0	0	0	0	0	0	0	0	0	0	0	0	0	0	0	0	0	0	0	0	0	0	0	0	0	0	0	0	0	0	0	0	0	0	0	0	0	0	0	0	1	0	0	0	0
OTU2486	0	0	0	0	0	0	0	0	0	0	0	0	0	0	0	0	0	0	0	0	0	0	0	0	0	0	0	0	0	0	0	0	0	0	0	0	0	0	0	0	0	0	0	0	0	0	0	0	0	0	0	0	0	1	0	1	0	0	0	1	2	1	1	1	1
OTU2287	0	0	0	0	0	0	0	0	0	0	0	0	0	0	0	0	0	0	0	0	0	0	0	0	0	0	0	0	0	0	0	0	0	0	0	0	0	0	0	0	0	0	0	0	0	0	0	0	0	0	0	0	0	1	1	1	1	1	1	0	1	1	0	0	1
OTU910	0	2	1	0	0	0	0	1	1	0	0	1	1	1	1	0	0	0	0	0	0	0	0	0	0	0	0	0	0	0	0	0	0	0	0	0	0	0	0	0	0	0	0	0	0	0	0	0	0	0	0	0	0	0	0	0	0	0	0	0	0	0	0	0	0
OTU805	0	0	0	1	0	0	0	0	0	0	0	0	0	0	0	1	0	1	0	1	1	0	0	0	0	0	0	0	1	1	0	0	1	0	0	1	0	0	0	0	0	0	0	0	0	0	0	0	0	0	0	0	0	0	0	0	0	0	0	0	0	0	0	0	0
OTU1855	0	0	0	0	0	0	0	0	0	0	0	0	0	0	0	0	0	0	0	0	0	0	0	0	0	0	0	0	0	0	0	0	0	0	0	0	0	0	0	0	0	0	0	0	0	0	0	0	0	0	0	0	0	1	0	2	1	0	1	0	1	0	1	1	1
OTU1271	0	1	0	0	0	0	0	0	0	0	0	1	0	0	1	1	0	0	0	0	0	0	1	0	0	0	0	0	0	0	0	0	0	0	0	0	0	0	0	0	2	1	0	0	0	0	0	1	0	0	0	0	0	0	0	0	0	0	0	0	0	0	0	0	0
OTU1380	0	0	0	0	0	0	1	0	0	0	0	0	0	0	0	0	0	0	0	0	0	0	0	0	0	0	0	0	0	0	0	0	0	0	0	0	0	0	0	0	0	0	0	0	0	0	0	0	0	0	0	0	0	1	0	1	0	1	0	1	1	1	1	0	1
OTU3320	1	0	0	0	0	0	0	1	1	1	0	1	1	1	0	0	0	0	0	0	0	0	0	0	0	0	0	0	0	0	0	0	0	0	0	0	0	0	0	0	0	0	0	0	0	0	0	0	1	0	0	0	1	0	0	0	0	0	0	0	0	0	0	0	0
OTU957	0	0	0	0	1	0	0	0	1	1	0	1	0	0	0	0	0	0	0	0	0	0	0	0	0	0	0	0	0	0	0	0	0	0	0	0	0	0	0	0	1	1	0	1	1	0	0	0	0	1	0	0	0	0	0	0	0	0	0	0	0	0	0	0	0
OTU947	0	0	0	1	1	0	0	0	0	0	0	0	1	1	1	0	0	0	0	0	0	0	0	0	0	0	0	0	0	0	0	0	0	0	0	0	0	0	0	0	0	0	0	0	0	0	0	0	0	0	0	0	0	0	1	0	0	1	1	0	0	0	0	0	1
OTU1680	0	0	0	0	0	0	0	0	0	0	0	0	0	0	0	0	0	0	0	0	0	0	0	0	0	0	0	0	0	0	0	0	0	0	0	0	0	0	0	0	0	0	0	0	0	0	0	0	0	0	0	0	0	0	1	1	1	1	1	0	1	1	0	1	1
OTU860	0	0	1	0	0	0	0	1	1	0	1	1	0	1	0	0	0	0	0	0	0	0	0	0	0	0	0	0	0	0	0	0	0	0	0	0	0	0	0	0	0	1	0	0	0	0	1	0	0	0	0	0	1	0	0	0	0	0	0	0	0	0	0	0	0
OTU3446	0	0	0	0	0	0	1	1	1	0	1	0	1	0	0	0	0	0	0	0	0	0	0	0	0	0	0	0	0	0	0	0	0	0	0	0	0	0	0	0	0	0	0	0	0	0	0	0	0	0	0	0	0	1	0	0	1	0	1	0	0	0	0	1	0
OTU3492	0	0	0	0	0	0	0	0	0	0	0	0	0	0	0	0	0	0	0	0	0	0	0	0	0	0	0	0	0	0	0	0	0	0	0	0	0	0	0	0	0	0	0	0	0	0	0	0	0	0	0	0	0	1	1	1	1	1	1	0	1	1	1	0	0
OTU2714	0	0	0	0	0	0	0	0	0	0	0	0	0	0	0	0	0	0	0	0	0	0	0	0	0	0	0	0	0	0	0	0	0	0	0	0	0	0	0	0	0	0	0	0	0	0	0	0	0	0	0	0	0	1	1	0	1	1	1	0	0	1	1	1	1
OTU2515	0	0	0	0	0	0	0	0	0	0	0	0	0	0	0	0	0	0	0	0	0	0	0	0	0	0	0	0	0	0	0	0	0	0	0	0	0	0	0	0	0	0	0	0	0	0	0	0	0	0	0	0	0	1	1	0	1	2	0	1	1	1	1	0	0
OTU634	1	1	0	1	0	1	0	1	1	0	1	0	1	0	1	0	0	0	0	0	0	0	0	0	0	0	0	0	0	0	0	0	0	0	0	0	0	0	0	0	0	0	0	0	0	0	0	0	0	0	0	0	0	0	0	0	0	0	0	0	0	0	0	0	0
OTU783	0	0	0	0	0	0	0	0	1	0	1	0	1	1	0	0	0	0	0	0	0	0	0	0	0	0	0	0	0	0	0	0	0	0	0	0	0	0	0	0	0	0	0	1	0	1	1	1	1	0	0	0	0	0	0	0	0	0	0	0	0	0	0	0	0
OTU972	0	0	0	0	0	0	0	0	0	0	0	0	0	0	0	3	1	1	0	0	0	1	1	0	0	0	0	0	0	0	0	0	0	0	0	0	0	0	0	0	0	0	0	0	0	0	0	0	0	0	0	0	0	0	0	0	1	0	1	0	0	0	0	0	0
OTU904	0	0	0	0	0	0	0	0	0	0	0	1	0	0	0	0	0	0	2	1	1	2	1	0	0	0	0	0	0	0	0	0	0	0	0	0	0	0	0	0	1	0	0	0	0	0	0	0	0	0	0	0	0	0	0	0	0	0	0	0	0	0	0	0	0
OTU2332	0	0	0	0	0	0	0	0	0	0	0	0	0	0	0	0	0	0	0	0	0	0	0	0	0	0	0	0	0	0	0	0	0	0	0	0	0	0	0	0	0	0	0	0	0	0	0	0	0	0	0	0	0	1	1	1	1	0	0	0	1	1	1	1	1
OTU2086	0	0	0	0	0	0	0	0	0	0	0	0	0	0	0	0	0	0	0	0	0	0	0	0	0	0	0	0	0	0	0	0	0	0	0	0	0	0	0	0	0	0	0	0	0	0	0	0	0	0	0	0	0	1	1	1	0	1	0	1	1	1	1	0	1
OTU1900	0	0	0	0	0	0	0	0	0	0	0	1	1	0	0	1	0	0	0	0	1	0	1	0	0	0	0	0	0	0	0	0	0	0	0	0	0	0	0	0	1	0	0	1	0	1	0	0	0	0	0	1	0	0	0	0	0	0	0	0	0	0	0	0	0
OTU717	0	0	0	0	0	0	0	0	0	0	0	0	0	0	0	1	2	1	0	1	0	0	1	1	0	0	0	1	0	0	0	0	0	0	1	0	0	0	0	0	0	0	0	0	0	0	0	0	0	0	0	0	0	0	0	0	0	0	0	0	0	0	0	0	0
OTU2167	0	0	0	0	0	0	0	0	0	0	0	0	0	0	0	0	0	0	0	0	0	0	0	0	0	0	0	0	0	0	0	0	0	0	0	0	0	0	0	0	0	0	0	0	0	0	0	0	0	0	0	0	0	1	1	1	1	1	0	0	1	1	0	1	1
OTU1157	1	0	1	0	1	0	0	0	0	0	0	0	1	0	0	0	0	0	0	0	0	0	0	0	0	0	0	0	0	0	0	0	0	0	0	0	0	0	0	0	1	0	0	1	0	0	1	1	1	0	0	0	0	0	0	0	0	0	0	0	0	0	0	0	0
OTU1027	0	0	0	0	0	0	0	0	1	0	1	1	0	0	0	0	0	0	0	0	0	0	0	0	0	0	0	0	0	0	0	0	0	0	0	0	0	0	0	0	0	0	1	1	0	0	0	1	0	1	0	1	1	0	0	0	0	0	0	0	0	0	0	0	0
OTU882	0	0	0	0	0	0	0	0	0	0	0	0	0	0	0	0	0	0	0	0	0	0	0	0	0	0	0	0	0	0	0	0	0	0	0	0	0	0	0	1	0	0	1	1	0	2	2	1	1	0	0	0	0	0	0	0	0	0	0	0	0	0	0	0	0
OTU1378	0	0	0	0	0	0	0	0	0	0	0	0	0	0	0	0	0	0	0	0	0	0	0	0	0	0	0	0	0	0	0	0	0	0	0	0	0	0	0	0	0	0	0	0	0	0	2	1	2	0	1	1	0	0	0	0	0	0	1	0	0	0	0	1	0
OTU5293	0	0	0	0	0	0	0	0	0	0	0	0	0	0	0	0	0	0	0	0	0	0	0	0	1	0	1	1	0	0	1	0	1	1	1	0	0	1	1	0	0	0	0	0	0	0	0	0	0	0	0	0	0	0	0	0	0	0	0	0	0	0	0	0	0
OTU2978	0	0	0	0	0	0	0	0	0	0	0	0	0	0	0	0	1	1	0	1	0	0	0	1	1	0	0	0	1	1	1	0	0	0	0	0	0	0	1	0	0	0	0	0	0	0	0	0	0	0	0	0	0	0	0	0	0	0	0	0	0	0	0	0	0
OTU751	0	0	0	0	0	0	0	0	0	0	0	0	0	0	0	3	0	1	2	1	2	0	0	0	0	0	0	0	0	0	0	0	0	0	0	0	0	0	0	0	0	0	0	0	0	0	0	0	0	0	0	0	0	0	0	0	0	0	0	0	0	0	0	0	0
OTU1182	0	0	0	0	0	0	0	0	0	0	0	0	0	0	0	0	1	1	0	1	1	1	1	0	0	0	0	0	0	0	1	0	0	0	0	0	0	0	0	0	0	0	0	1	0	0	0	1	0	0	0	0	0	0	0	0	0	0	0	0	0	0	0	0	0
OTU1345	0	0	0	0	0	0	0	0	0	0	0	0	0	0	0	0	0	1	3	3	2	0	0	0	0	0	0	0	0	0	0	0	0	0	0	0	0	0	0	0	0	0	0	0	0	0	0	0	0	0	0	0	0	0	0	0	0	0	0	0	0	0	0	0	0
OTU1184	0	0	0	0	0	0	0	0	0	0	0	0	0	0	0	1	2	4	0	0	0	0	1	1	0	0	0	0	0	0	0	0	0	0	0	0	0	0	0	0	0	0	0	0	0	0	0	0	0	0	0	0	0	0	0	0	0	0	0	0	0	0	0	0	0
OTU888	0	0	0	0	0	0	0	0	0	0	0	0	0	0	0	1	0	0	1	1	1	1	0	0	0	0	0	0	0	0	0	1	1	0	1	1	0	0	0	0	0	0	0	0	0	0	0	0	0	0	0	0	0	0	0	0	0	0	0	0	0	0	0	0	0
OTU937	0	0	0	0	0	0	0	0	0	0	0	0	0	0	0	1	1	0	2	2	3	0	0	0	0	0	0	0	0	0	0	0	0	0	0	0	0	0	0	0	0	0	0	0	0	0	0	0	0	0	0	0	0	0	0	0	0	0	0	0	0	0	0	0	0
OTU749	0	0	0	0	0	0	0	0	0	0	0	0	0	0	0	1	1	0	3	2	2	0	0	0	0	0	0	0	0	0	0	0	0	0	0	0	0	0	0	0	0	0	0	0	0	0	0	0	0	0	0	0	0	0	0	0	0	0	0	0	0	0	0	0	0
OTU2765	0	0	0	0	0	0	0	0	0	0	0	0	0	0	0	0	0	0	0	0	0	0	0	0	0	0	1	1	1	1	1	0	0	0	1	1	1	0	1	0	0	0	0	0	0	0	0	0	0	0	0	0	0	0	0	0	0	0	0	0	0	0	0	0	0
OTU880	0	0	0	0	0	0	0	0	0	0	0	0	0	0	0	2	1	1	0	0	1	2	1	1	0	0	0	0	0	0	0	0	0	0	0	0	0	0	0	0	0	0	0	0	0	0	0	0	0	0	0	0	0	0	0	0	0	0	0	0	0	0	0	0	0
OTU768	0	0	0	0	0	1	0	0	0	1	0	1	1	1	1	0	0	0	0	0	0	0	0	0	0	0	0	0	0	0	0	0	0	0	0	0	0	0	0	0	0	0	0	0	0	0	0	0	0	0	0	0	0	0	0	0	0	0	0	0	0	1	0	1	0
OTU1028	0	1	0	0	1	0	0	0	0	1	0	0	0	0	1	0	0	0	0	0	0	0	0	0	0	0	0	0	0	0	0	0	0	0	0	0	0	0	0	0	0	0	0	0	0	0	0	0	0	0	0	0	0	0	0	0	1	1	1	0	0	0	1	0	0
OTU1674	0	0	0	0	0	0	0	0	0	0	0	0	0	0	1	0	0	0	0	0	0	0	0	0	0	0	0	0	0	0	0	0	0	0	0	0	0	1	0	0	0	0	0	0	0	1	0	0	1	1	1	1	0	0	0	0	0	0	0	0	0	1	0	0	0
OTU890	0	1	0	0	0	0	0	1	1	0	0	0	1	0	1	1	0	0	0	0	0	0	0	0	0	0	0	0	0	0	0	0	0	0	0	0	0	0	0	0	0	0	0	0	0	0	0	0	0	0	0	0	0	0	0	0	0	1	1	0	0	0	0	0	0
OTU4283	0	0	0	0	0	0	0	0	0	0	0	0	0	0	0	0	1	0	0	0	0	0	1	0	0	0	0	0	0	1	0	0	0	0	0	0	0	1	0	0	0	0	0	0	0	0	0	0	0	0	0	0	0	1	1	0	0	1	0	0	0	0	0	0	1
OTU961	0	0	1	0	0	0	1	0	0	0	0	1	2	1	0	0	0	0	0	0	0	2	0	0	0	0	0	0	0	0	0	0	0	0	0	0	0	0	0	0	0	0	0	0	0	0	0	0	0	0	0	0	0	0	0	0	0	0	0	0	0	0	0	0	0
OTU1024	0	1	1	0	0	0	1	0	0	1	0	1	1	0	0	0	0	0	0	0	0	0	0	0	0	0	0	0	0	0	0	0	0	0	0	0	0	0	0	0	0	0	0	0	0	0	0	0	0	0	0	0	0	0	0	0	0	1	0	0	0	0	0	0	1
OTU2525	0	0	0	0	0	0	0	0	0	0	0	0	0	0	0	0	0	0	0	0	0	0	0	0	0	0	0	0	0	0	0	0	0	0	0	0	0	0	0	0	0	0	0	1	2	1	0	1	0	0	1	0	0	0	1	0	0	0	0	0	0	0	0	1	0
OTU952	1	1	0	1	0	0	1	0	0	0	1	1	1	0	0	0	0	0	0	0	0	0	0	0	0	0	0	0	0	0	0	0	0	0	0	0	0	0	0	0	0	0	0	0	0	0	0	0	0	0	0	0	0	0	0	0	0	0	0	0	0	0	0	1	0
OTU743	0	0	0	0	0	0	0	0	0	0	0	0	0	0	1	1	0	0	1	1	1	0	1	1	0	0	0	0	0	0	0	0	0	0	0	0	0	0	0	0	0	0	0	0	0	0	0	0	0	0	0	0	0	0	0	1	0	0	0	0	0	0	0	0	0
OTU4185	0	0	0	0	1	0	0	0	0	0	0	0	0	0	0	0	1	1	0	0	0	0	0	1	0	1	0	0	0	1	1	0	0	0	1	0	0	0	0	0	0	0	0	0	0	0	0	0	0	0	0	0	0	0	0	0	0	0	0	0	0	0	0	0	0
OTU2105	0	0	0	0	0	0	0	0	0	0	0	0	0	0	0	0	0	0	0	0	0	0	0	0	0	0	0	0	0	0	0	0	0	0	0	0	0	0	0	0	0	0	0	0	0	0	0	0	0	0	0	0	0	0	0	1	2	0	1	0	1	0	1	1	1
OTU3300	0	1	0	0	0	0	0	1	1	0	0	1	0	0	0	0	0	0	0	0	0	0	0	0	0	0	0	0	0	0	0	0	0	0	0	0	0	0	0	0	0	0	0	0	0	0	0	0	0	0	0	0	0	0	0	0	1	1	0	0	0	1	0	1	0
OTU1130	0	0	0	0	0	0	0	0	0	1	0	0	0	0	0	0	0	0	0	0	0	0	0	0	0	0	0	0	0	0	0	0	0	0	0	0	0	0	0	0	0	0	0	0	0	0	0	0	0	0	0	0	0	0	1	1	1	1	0	0	0	1	0	1	1
OTU776	0	0	0	1	0	0	0	0	0	1	0	0	1	0	0	0	0	0	0	0	0	0	0	0	0	0	0	0	0	0	0	0	0	0	0	0	0	0	0	0	0	1	0	2	0	1	0	0	0	1	0	0	0	0	0	0	0	0	0	0	0	0	0	0	0
OTU816	0	1	0	1	0	0	0	0	0	0	1	1	1	1	1	0	0	0	0	0	0	0	0	0	0	0	0	0	0	0	0	0	0	0	0	0	0	0	0	0	0	0	0	0	0	0	0	0	0	0	0	0	0	0	0	0	0	1	0	0	0	0	0	0	0
OTU1749	0	0	0	0	0	0	0	0	0	0	0	0	0	0	0	0	0	0	0	0	0	0	0	0	0	0	0	0	0	0	0	0	0	0	0	0	0	0	0	0	0	0	0	0	0	0	0	0	0	0	0	0	0	1	1	1	1	0	1	0	0	1	1	1	0
OTU930	1	0	1	0	0	0	1	1	1	1	1	1	0	0	0	0	0	0	0	0	0	0	0	0	0	0	0	0	0	0	0	0	0	0	0	0	0	0	0	0	0	0	0	0	0	0	0	0	0	0	0	0	0	0	0	0	0	0	0	0	0	0	0	0	0
OTU3460	0	0	0	0	0	0	0	0	0	0	0	0	0	0	0	1	1	1	1	1	1	0	0	1	0	0	0	0	0	0	0	0	0	0	1	0	0	0	0	0	0	0	0	0	0	0	0	0	0	0	0	0	0	0	0	0	0	0	0	0	0	0	0	0	0
OTU1114	0	0	0	0	0	1	0	0	1	0	1	0	1	0	0	0	0	0	0	0	0	0	0	0	0	0	0	0	0	0	0	0	0	0	0	0	0	0	0	0	1	0	0	0	0	0	0	0	1	1	1	0	0	0	0	0	0	0	0	0	0	0	0	0	0
OTU999	1	1	0	0	0	1	0	0	0	0	0	0	1	0	0	0	0	0	0	0	0	0	0	0	0	0	0	0	0	0	0	0	0	0	0	0	0	0	0	0	1	0	1	0	1	0	0	0	0	0	1	0	0	0	0	0	0	0	0	0	0	0	0	0	0
OTU670	1	0	1	0	0	0	0	0	0	0	0	0	0	0	0	0	1	0	0	0	1	0	0	1	0	0	0	0	0	0	0	0	1	0	1	0	1	0	0	0	0	0	0	0	0	0	0	0	0	0	0	0	0	0	0	0	0	0	0	0	0	0	0	0	0
OTU1217	0	1	0	0	0	1	0	0	0	1	1	1	0	0	1	0	0	0	0	0	0	0	0	0	0	0	0	0	0	0	0	0	0	0	0	0	0	0	0	0	0	0	0	0	0	0	0	0	0	0	0	0	0	0	0	0	0	0	1	0	0	1	0	0	0
OTU2852	0	0	0	0	0	0	0	0	0	0	0	0	0	0	0	0	0	0	0	0	0	0	0	0	0	0	0	0	0	0	0	0	0	0	0	0	0	0	0	0	0	0	0	0	0	0	0	0	0	0	0	0	0	1	0	1	1	1	0	1	1	0	1	0	1
OTU2649	0	0	0	0	0	0	0	0	0	0	0	0	0	0	0	0	0	0	0	0	0	0	0	0	0	0	0	0	0	0	0	0	0	0	0	0	0	0	0	0	0	0	0	0	0	0	0	0	0	0	0	0	0	1	1	1	0	1	0	0	1	1	1	0	1
OTU4029	0	0	0	0	0	0	0	0	0	0	0	0	0	0	0	0	0	0	0	0	0	0	0	0	0	0	0	0	0	0	0	0	0	0	0	0	0	0	0	0	0	0	0	0	0	0	0	0	0	0	0	0	0	0	0	1	1	0	1	1	1	1	1	0	1
OTU991	0	0	0	0	1	1	0	0	0	0	1	1	1	0	0	0	0	0	0	0	0	0	0	0	0	0	0	0	0	0	0	0	0	0	0	0	0	0	0	0	1	0	0	1	0	0	0	0	0	1	0	0	0	0	0	0	0	0	0	0	0	0	0	0	0
OTU3542	0	0	0	0	0	0	0	0	0	0	0	0	0	0	0	0	0	0	0	0	0	0	0	0	0	0	0	0	0	0	0	0	0	0	0	0	0	0	0	0	0	0	0	0	0	0	0	0	0	0	0	0	0	0	1	1	1	1	0	0	0	1	1	1	1
OTU801	0	0	0	0	0	1	0	0	0	1	0	1	0	0	1	0	0	0	0	0	0	0	0	0	0	0	0	0	0	0	0	0	0	0	0	0	0	0	0	0	1	0	0	0	0	1	1	0	0	0	1	0	0	0	0	0	0	0	0	0	0	0	0	0	0
OTU830	0	0	0	0	0	0	0	1	1	0	0	0	1	0	0	0	0	0	0	0	0	0	0	0	0	0	0	0	0	0	0	0	0	0	0	0	0	0	0	0	0	0	0	1	1	0	1	0	0	0	1	0	1	0	0	0	0	0	0	0	0	0	0	0	0
OTU885	0	0	0	0	0	0	0	0	0	0	0	0	0	0	0	2	2	1	0	0	0	1	1	0	0	0	0	0	0	0	0	0	0	0	0	0	1	0	0	0	0	0	0	0	0	0	0	0	0	0	0	0	0	0	0	0	0	0	0	0	0	0	0	0	0
OTU4081	0	0	0	0	0	0	0	0	0	0	0	0	0	0	0	0	0	0	0	0	0	0	0	0	0	0	0	0	0	0	0	0	0	0	0	0	0	0	0	0	0	0	0	0	0	0	0	0	0	0	0	0	0	0	1	0	1	1	1	1	1	0	0	1	1
OTU758	0	0	0	0	0	0	0	0	0	0	0	0	0	0	0	1	1	0	0	1	1	1	2	1	0	0	0	0	0	0	0	0	0	0	0	0	0	0	0	0	0	0	0	0	0	0	0	0	0	0	0	0	0	0	0	0	0	0	0	0	0	0	0	0	0
OTU1215	0	0	0	0	0	0	0	0	0	0	0	0	0	0	0	2	2	3	0	0	0	1	0	0	0	0	0	0	0	0	0	0	0	0	0	0	0	0	0	0	0	0	0	0	0	0	0	0	0	0	0	0	0	0	0	0	0	0	0	0	0	0	0	0	0
OTU5450	0	0	0	0	0	0	0	0	0	0	0	0	0	0	0	1	1	0	0	0	0	0	0	0	0	0	0	0	0	1	0	0	0	1	1	0	1	1	1	0	0	0	0	0	0	0	0	0	0	0	0	0	0	0	0	0	0	0	0	0	0	0	0	0	0
OTU2294	0	0	0	0	0	0	0	0	0	0	0	0	0	0	0	0	0	0	0	0	0	0	0	0	0	0	0	0	0	0	0	0	0	0	0	0	0	0	0	0	0	0	0	0	0	0	0	0	0	0	0	0	0	1	0	1	0	1	1	0	1	1	1	1	0
OTU1003	0	0	0	0	0	0	0	0	0	0	0	0	0	0	0	1	1	1	2	1	2	0	0	0	0	0	0	0	0	0	0	0	0	0	0	0	0	0	0	0	0	0	0	0	0	0	0	0	0	0	0	0	0	0	0	0	0	0	0	0	0	0	0	0	0
OTU1329	0	0	0	0	0	0	0	0	0	0	0	0	0	0	0	0	0	0	0	0	0	0	0	0	0	0	0	0	0	0	0	0	0	0	0	0	0	0	0	1	0	0	0	1	0	2	0	1	1	0	1	1	0	0	0	0	0	0	0	0	0	0	0	0	0
OTU726	0	0	0	0	0	0	0	0	0	0	0	0	0	0	0	1	0	1	0	0	0	3	2	1	0	0	0	0	0	0	0	0	0	0	0	0	0	0	0	0	0	0	0	0	0	0	0	0	0	0	0	0	0	0	0	0	0	0	0	0	0	0	0	0	0
OTU823	0	0	0	0	0	1	0	0	0	0	0	0	0	0	0	0	0	0	0	0	0	0	0	0	0	0	0	0	0	0	0	0	0	0	0	0	0	0	0	0	1	0	1	0	0	0	0	1	1	0	0	0	0	0	0	0	1	0	1	0	0	0	0	0	0
OTU774	1	0	0	0	0	0	1	0	0	1	1	1	1	0	1	0	0	0	0	0	0	0	0	0	0	0	0	0	0	0	0	0	0	0	0	0	0	0	0	0	0	0	0	0	0	0	0	0	0	0	0	0	0	0	0	0	0	0	0	0	0	0	0	0	0
OTU1081	0	0	0	0	1	0	0	0	0	1	0	1	2	0	1	0	0	0	0	0	0	0	0	0	0	0	0	0	0	0	0	0	0	0	0	0	0	0	0	0	0	0	0	0	0	0	0	0	0	0	0	0	0	0	0	0	1	0	0	0	0	0	0	0	0
OTU704	0	1	0	0	0	2	0	1	0	0	1	1	1	0	0	0	0	0	0	0	0	0	0	0	0	0	0	0	0	0	0	0	0	0	0	0	0	0	0	0	0	0	0	0	0	0	0	0	0	0	0	0	0	0	0	0	0	0	0	0	0	0	0	0	0
OTU3474	0	0	0	0	0	0	0	1	0	0	0	1	0	0	1	0	0	0	0	0	0	0	0	0	0	0	0	0	0	0	0	0	0	0	0	0	0	0	0	0	0	0	0	0	0	0	1	0	0	0	0	0	1	0	0	0	0	0	0	0	1	0	1	0	0
OTU833	1	0	0	0	0	0	0	1	1	0	0	0	1	0	0	0	0	0	0	0	0	0	0	0	0	0	0	0	0	0	0	0	0	0	0	0	0	0	0	0	0	0	0	1	0	0	1	0	0	0	0	0	0	0	0	0	1	0	0	0	0	0	0	0	0
OTU4147	0	0	0	0	0	0	0	0	0	0	0	0	0	0	1	0	0	0	0	0	0	0	0	0	0	0	0	0	0	0	0	0	0	0	0	0	0	0	0	0	0	0	0	0	0	0	0	0	0	0	0	0	0	0	0	1	0	0	1	1	1	0	1	0	1
OTU2620	0	0	0	1	0	1	0	0	0	0	1	1	1	0	0	0	0	0	0	0	0	0	0	0	0	0	0	0	0	0	0	0	0	0	0	0	0	0	0	0	0	0	0	0	0	0	0	0	0	0	0	0	0	0	0	0	0	1	0	0	0	0	0	1	0
OTU1397	0	0	0	0	0	0	0	0	0	1	0	0	1	1	0	0	0	0	0	0	0	0	0	0	0	0	0	0	0	0	0	0	0	0	0	0	0	0	0	0	0	0	0	0	0	0	0	0	0	0	0	0	0	1	0	0	0	0	0	0	0	1	1	0	1
OTU1688	0	0	0	0	0	0	0	0	0	0	0	0	0	1	1	0	0	0	0	0	0	0	0	0	0	0	0	0	0	0	0	0	0	0	0	0	0	0	0	0	0	0	0	0	0	0	0	0	0	0	0	0	0	1	0	0	1	0	1	0	0	0	0	1	1
OTU1447	0	0	0	1	0	0	0	1	0	0	0	1	1	0	1	0	0	0	0	0	0	0	0	0	0	0	0	0	0	0	0	0	0	0	0	0	0	0	0	0	0	0	0	0	0	0	0	0	0	0	0	0	0	0	1	0	0	0	0	0	0	0	1	0	0
OTU3732	0	0	0	0	0	0	1	0	1	1	0	0	1	0	0	0	0	0	0	0	0	0	0	0	0	0	0	0	0	0	0	0	0	0	0	0	0	0	0	0	1	0	0	0	0	1	0	0	0	0	0	0	1	0	0	0	0	0	0	0	0	0	0	0	0
OTU1117	0	0	0	0	0	0	1	0	0	1	1	0	0	1	1	0	0	0	0	0	0	0	0	0	0	0	0	0	0	0	0	0	0	0	0	0	0	0	0	0	0	0	0	0	0	0	0	0	0	0	0	0	0	0	0	1	0	0	0	0	0	0	0	0	1
OTU3111	0	0	0	0	0	0	0	0	0	0	0	0	1	0	1	0	0	0	0	0	0	0	0	0	0	0	0	0	0	0	0	0	0	0	0	0	0	0	0	0	0	0	0	0	0	0	0	0	0	0	0	0	0	1	1	0	0	1	1	0	0	0	0	1	0
OTU851	0	0	0	0	0	0	0	1	0	0	0	0	0	0	0	0	0	0	0	0	0	0	1	1	0	0	0	0	1	0	1	1	0	0	0	0	0	0	0	0	0	0	0	0	0	0	0	0	0	0	0	0	0	0	0	0	1	0	0	0	0	0	0	0	0
OTU1549	0	0	0	0	0	0	0	0	0	0	0	0	1	1	0	0	0	0	0	0	0	0	0	0	0	0	0	0	0	0	0	0	0	0	0	0	0	0	0	0	0	0	0	0	0	0	0	0	0	0	0	0	0	0	1	1	0	0	0	0	1	1	0	1	0
OTU913	0	1	0	0	0	0	2	2	2	0	0	0	0	0	0	0	0	0	0	0	0	0	0	0	0	0	0	0	0	0	0	0	0	0	0	0	0	0	0	0	0	0	0	0	0	0	0	0	0	0	0	0	0	0	0	0	0	0	0	0	0	0	0	0	0
OTU1156	0	0	0	0	0	0	0	0	0	0	0	0	0	0	0	0	0	0	0	1	0	0	0	0	0	0	0	0	0	0	0	0	0	0	0	0	0	0	0	0	0	0	0	0	0	0	0	0	0	0	0	0	0	1	1	0	0	1	0	0	0	1	1	1	0
OTU3624	0	0	0	0	0	0	0	1	1	1	0	0	0	0	0	0	1	0	0	0	0	0	0	1	0	0	0	0	0	0	1	0	0	0	0	0	1	0	0	0	0	0	0	0	0	0	0	0	0	0	0	0	0	0	0	0	0	0	0	0	0	0	0	0	0
OTU3605	0	0	0	0	0	0	0	0	0	0	0	0	0	0	0	0	0	0	0	0	0	0	0	0	0	0	0	0	0	0	0	0	0	0	0	0	0	0	0	0	0	0	0	0	0	0	0	0	0	0	0	0	0	0	0	1	1	0	1	1	1	0	1	1	0
OTU1177	0	0	0	0	1	1	0	0	0	0	0	0	1	1	2	0	0	0	0	0	0	0	0	0	0	0	0	0	0	0	0	0	0	0	0	0	0	0	0	0	0	0	0	0	0	0	0	0	0	0	0	0	0	0	0	0	0	1	0	0	0	0	0	0	0
OTU847	1	1	0	0	0	0	0	0	0	1	1	1	1	1	0	0	0	0	0	0	0	0	0	0	0	0	0	0	0	0	0	0	0	0	0	0	0	0	0	0	0	0	0	0	0	0	0	0	0	0	0	0	0	0	0	0	0	0	0	0	0	0	0	0	0
OTU2195	0	0	0	0	0	0	0	0	0	0	0	0	0	0	0	0	0	0	0	0	0	0	0	0	0	0	0	0	0	0	0	0	0	0	0	0	0	0	0	0	0	0	0	0	0	0	0	0	0	0	0	0	0	1	1	0	1	0	1	0	0	1	1	0	1
OTU1526	0	0	0	0	0	0	0	0	0	0	0	0	0	0	0	0	0	0	0	0	0	0	0	0	0	0	0	0	0	0	0	0	0	0	0	0	0	0	0	0	0	0	1	1	1	1	0	0	0	1	1	0	0	0	0	0	0	0	0	0	0	1	0	0	0
OTU1731	0	0	0	0	0	0	0	0	0	0	0	0	0	0	0	0	0	0	0	0	0	0	0	0	0	0	0	0	0	0	0	0	0	0	0	0	0	0	0	0	0	0	0	0	0	0	0	0	0	0	0	0	0	1	1	0	1	0	1	0	0	1	1	0	1
OTU5247	0	0	0	0	0	0	1	1	0	1	1	1	1	0	1	0	0	0	0	0	0	0	0	0	0	0	0	0	0	0	0	0	0	0	0	0	0	0	0	0	0	0	0	0	0	0	0	0	0	0	0	0	0	0	0	0	0	0	0	0	0	0	0	0	0
OTU1347	0	0	0	0	0	0	0	0	0	0	0	0	0	0	0	1	0	0	1	0	1	0	0	0	0	0	0	0	0	0	0	0	0	0	0	0	0	0	0	0	0	0	0	0	0	0	0	0	0	0	0	0	0	0	0	1	0	1	0	0	0	0	1	0	1
OTU1735	0	0	0	0	0	0	0	0	0	0	0	0	0	0	0	0	0	0	0	0	0	0	0	0	0	0	0	0	0	0	0	0	0	0	0	0	0	0	0	0	0	0	0	0	0	0	0	0	0	0	0	0	0	0	0	1	1	1	1	0	0	1	0	1	1
OTU2352	0	0	0	0	0	0	0	0	0	0	0	0	0	0	0	0	0	0	0	0	0	0	0	0	0	0	0	0	0	0	0	0	0	0	0	0	0	0	0	0	0	0	0	0	0	0	0	0	0	0	0	0	0	0	0	0	1	0	0	1	1	1	1	1	1
OTU1799	0	0	0	0	1	1	1	0	0	0	1	1	0	1	1	0	0	0	0	0	0	0	0	0	0	0	0	0	0	0	0	0	0	0	0	0	0	0	0	0	0	0	0	0	0	0	0	0	0	0	0	0	0	0	0	0	0	0	0	0	0	0	0	0	0
OTU1080	0	0	0	0	0	0	1	0	1	1	0	1	1	1	1	0	0	0	0	0	0	0	0	0	0	0	0	0	0	0	0	0	0	0	0	0	0	0	0	0	0	0	0	0	0	0	0	0	0	0	0	0	0	0	0	0	0	0	0	0	0	0	0	0	0
OTU1105	0	1	0	0	0	1	0	0	1	0	0	1	0	0	0	0	0	0	0	0	0	0	0	0	0	0	0	0	0	0	0	0	0	0	0	0	0	0	0	0	0	0	1	0	0	0	1	0	0	0	1	0	0	0	0	0	0	0	0	0	0	0	0	0	0
OTU4654	0	0	0	0	0	0	0	0	0	0	0	0	0	0	0	1	0	0	0	0	1	0	0	1	1	1	1	0	1	0	0	0	0	0	0	0	0	0	0	0	0	0	0	0	0	0	0	0	0	0	0	0	0	0	0	0	0	0	0	0	0	0	0	0	0
OTU2476	0	0	0	0	0	0	0	0	0	0	0	0	0	0	0	0	0	0	0	0	0	0	0	0	0	0	0	0	0	0	0	0	0	0	0	0	0	0	0	0	0	0	0	0	0	0	0	0	0	0	0	0	0	1	2	0	1	0	0	0	1	1	1	0	0
OTU1764	0	1	1	0	1	0	0	0	0	1	1	1	0	0	1	0	0	0	0	0	0	0	0	0	0	0	0	0	0	0	0	0	0	0	0	0	0	0	0	0	0	0	0	0	0	0	0	0	0	0	0	0	0	0	0	0	0	0	0	0	0	0	0	0	0
OTU4723	0	0	0	0	0	1	1	1	1	0	0	0	1	1	1	0	0	0	0	0	0	0	0	0	0	0	0	0	0	0	0	0	0	0	0	0	0	0	0	0	0	0	0	0	0	0	0	0	0	0	0	0	0	0	0	0	0	0	0	0	0	0	0	0	0
OTU5078	0	0	1	1	0	0	0	1	1	0	0	1	1	0	1	0	0	0	0	0	0	0	0	0	0	0	0	0	0	0	0	0	0	0	0	0	0	0	0	0	0	0	0	0	0	0	0	0	0	0	0	0	0	0	0	0	0	0	0	0	0	0	0	0	0
OTU3752	0	0	0	0	0	0	0	0	0	1	0	1	0	0	0	0	0	0	0	0	0	0	0	0	0	0	0	0	0	0	0	0	0	0	0	0	0	0	0	0	0	0	0	0	1	1	0	0	1	1	0	0	1	0	0	0	0	0	0	0	0	0	0	0	0
OTU873	0	0	0	0	0	0	0	0	0	0	0	0	0	0	0	1	2	1	0	0	0	0	1	0	0	0	0	0	0	0	0	0	0	0	1	1	0	0	0	0	0	0	0	0	0	0	0	0	0	0	0	0	0	0	0	0	0	0	0	0	0	0	0	0	0
OTU2668	0	0	0	0	0	0	0	0	0	0	0	0	0	0	0	0	1	0	0	1	0	0	0	1	1	0	1	0	1	1	0	0	0	0	0	0	0	0	0	0	0	0	0	0	0	0	0	0	0	0	0	0	0	0	0	0	0	0	0	0	0	0	0	0	0
OTU1076	0	0	1	0	1	0	0	0	1	0	0	0	0	0	1	0	0	0	0	0	0	0	0	0	0	0	0	0	0	0	0	0	0	0	0	0	0	0	0	0	0	1	0	0	0	1	0	0	1	0	0	0	0	0	0	0	0	0	0	0	0	0	0	0	0
OTU1220	0	0	0	0	0	0	0	1	0	0	0	0	1	0	1	0	0	0	0	0	0	0	0	0	0	0	0	0	0	0	0	0	0	0	0	0	0	0	0	0	0	0	1	0	0	0	1	0	0	1	0	1	0	0	0	0	0	0	0	0	0	0	0	0	0
OTU1104	0	0	0	0	0	0	0	0	0	0	0	0	0	0	0	1	1	0	0	0	0	1	0	1	0	0	0	0	0	1	0	0	0	0	1	0	0	1	0	0	0	0	0	0	0	0	0	0	0	0	0	0	0	0	0	0	0	0	0	0	0	0	0	0	0
OTU3523	0	0	0	0	0	0	0	0	0	0	0	0	0	0	0	1	0	1	1	1	2	0	1	0	0	0	0	0	0	0	0	0	0	0	0	0	0	0	0	0	0	0	0	0	0	0	0	0	0	0	0	0	0	0	0	0	0	0	0	0	0	0	0	0	0
OTU1366	0	0	0	0	0	0	0	1	0	0	1	1	1	0	0	0	0	0	0	0	0	0	0	0	0	0	0	0	0	0	0	0	0	0	0	0	0	0	0	0	0	0	0	1	0	0	1	1	0	0	0	0	0	0	0	0	0	0	0	0	0	0	0	0	0
OTU1213	0	0	0	0	0	0	0	0	0	0	0	0	0	0	0	0	0	0	0	0	0	0	0	0	0	0	0	0	0	0	0	0	0	0	0	0	0	0	0	1	0	0	1	1	0	0	1	1	0	1	0	0	1	0	0	0	0	0	0	0	0	0	0	0	0
OTU1212	0	0	0	0	0	0	0	0	0	0	0	0	0	0	0	1	0	1	1	1	2	0	1	0	0	0	0	0	0	0	0	0	0	0	0	0	0	0	0	0	0	0	0	0	0	0	0	0	0	0	0	0	0	0	0	0	0	0	0	0	0	0	0	0	0
OTU712	0	0	0	0	0	0	0	0	0	0	0	0	0	0	0	3	0	1	0	0	1	1	1	0	0	0	0	0	0	0	0	0	0	0	0	0	0	0	0	0	0	0	0	0	0	0	0	0	0	0	0	0	0	0	0	0	0	0	0	0	0	0	0	0	0
OTU1307	0	1	0	0	0	1	1	0	1	1	0	1	0	0	0	0	0	0	0	0	0	0	0	0	0	0	0	0	0	0	0	0	0	0	0	0	0	0	0	0	0	0	0	0	0	0	0	0	0	0	0	0	0	0	0	0	0	0	0	0	0	0	0	0	0
OTU917	0	0	0	0	0	1	0	1	0	0	1	1	1	0	1	0	0	0	0	0	0	0	0	0	0	0	0	0	0	0	0	0	0	0	0	0	0	0	0	0	0	0	0	0	0	0	0	0	0	0	0	0	0	0	0	0	0	0	0	0	0	0	0	0	0
OTU1418	0	0	0	1	0	0	0	1	0	0	0	1	0	0	0	0	0	0	0	0	0	0	0	0	0	0	0	0	0	0	0	0	0	0	0	0	0	0	0	0	1	0	0	0	0	0	1	0	0	0	0	0	0	0	1	0	0	0	0	0	0	0	0	0	0
OTU1240	0	1	0	0	0	1	0	0	0	1	0	0	0	1	0	0	0	0	0	0	0	0	0	0	0	0	0	0	0	0	0	0	0	0	0	0	0	0	0	0	0	0	0	0	0	0	0	0	0	0	0	0	0	0	0	0	0	0	0	0	1	1	0	0	0
OTU5107	0	0	0	0	0	0	0	0	0	1	0	1	0	1	1	0	0	0	0	0	0	0	0	0	0	0	0	0	0	0	0	0	0	0	0	0	0	0	0	0	0	0	0	0	0	0	0	0	0	0	0	0	0	0	0	0	1	0	0	0	0	1	0	0	0
OTU1058	0	0	0	0	0	0	0	1	0	0	0	0	0	0	1	0	0	0	0	0	0	0	0	0	0	0	0	0	0	0	0	0	0	0	0	0	0	0	0	0	0	1	0	0	0	1	0	0	0	1	0	0	0	0	0	0	0	0	0	0	0	1	0	0	0
OTU3149	0	0	1	0	0	0	0	0	0	0	0	0	1	0	0	1	0	0	0	0	0	2	0	0	0	0	0	0	0	0	0	0	0	0	0	0	0	0	0	0	0	0	0	0	0	0	0	0	0	0	0	0	0	0	1	0	0	0	0	0	0	0	0	0	0
OTU5454	1	0	0	0	0	0	0	1	0	0	0	1	1	0	1	0	0	0	0	0	0	0	0	0	0	0	0	0	0	0	0	0	0	0	0	0	0	0	0	0	0	0	0	0	0	0	0	0	0	0	0	0	0	0	0	0	0	0	0	0	0	1	0	0	0
OTU3968	0	0	0	0	0	0	0	0	0	0	1	0	0	0	1	0	0	0	0	0	0	0	0	0	0	0	0	0	0	0	0	0	0	0	0	0	0	0	0	0	0	0	0	0	0	0	0	0	0	0	0	0	0	0	1	0	0	1	1	1	0	0	0	0	0
OTU1321	0	0	1	1	0	1	0	0	0	0	0	0	1	1	1	0	0	0	0	0	0	0	0	0	0	0	0	0	0	0	0	0	0	0	0	0	0	0	0	0	0	0	0	0	0	0	0	0	0	0	0	0	0	0	0	0	0	0	0	0	0	0	0	0	0
OTU1066	1	0	0	0	0	0	0	0	0	1	1	0	0	0	1	0	0	0	0	0	0	0	0	0	0	0	0	0	0	0	0	0	0	0	0	0	0	0	0	0	0	0	0	0	0	0	0	0	0	0	0	0	0	0	0	0	1	0	0	0	0	0	0	0	1
OTU1054	1	0	0	0	0	0	0	0	0	0	1	0	0	0	0	0	0	0	0	0	0	0	0	0	0	0	0	0	0	0	0	0	0	0	0	0	0	0	0	0	0	0	0	0	0	0	0	0	0	0	0	0	0	0	1	0	0	0	1	0	0	1	0	0	1
OTU1001	0	1	1	0	0	0	0	1	0	2	1	0	0	0	0	0	0	0	0	0	0	0	0	0	0	0	0	0	0	0	0	0	0	0	0	0	0	0	0	0	0	0	0	0	0	0	0	0	0	0	0	0	0	0	0	0	0	0	0	0	0	0	0	0	0
OTU854	0	0	1	0	0	0	0	0	0	0	1	1	0	1	1	0	0	0	0	0	0	0	0	0	0	0	0	0	0	0	0	0	0	0	0	0	0	0	0	0	0	0	0	0	0	0	0	0	0	0	0	0	0	0	0	0	0	0	0	0	0	0	0	0	1
OTU1019	0	0	0	0	0	0	0	0	0	1	1	0	0	0	0	0	0	0	0	0	0	0	0	0	0	0	0	0	0	0	0	0	0	0	0	0	0	0	0	0	0	0	0	0	0	0	0	0	0	0	0	0	0	0	1	1	1	0	0	0	0	0	1	0	0
OTU1148	0	0	0	0	0	0	1	1	0	1	0	0	0	0	1	0	0	0	0	0	0	0	0	0	0	0	0	0	0	0	0	0	0	0	0	0	0	0	0	0	0	0	0	0	0	0	0	0	0	0	0	0	0	0	0	0	0	0	0	1	0	0	1	0	0
OTU2424	0	0	0	0	0	0	0	1	1	0	0	1	1	0	1	0	0	0	0	0	0	0	0	0	0	0	0	0	0	0	0	0	0	0	0	0	0	0	0	0	0	0	0	0	0	0	0	0	0	0	0	0	0	0	0	0	0	0	0	0	0	0	0	0	1
OTU4553	0	0	0	0	0	0	0	0	0	0	0	0	0	0	0	0	0	0	0	0	0	0	0	0	0	0	0	0	0	0	0	0	0	0	0	0	0	0	0	0	0	0	0	0	0	0	0	0	0	0	0	0	0	1	1	0	0	0	0	0	1	1	1	0	1
OTU1901	0	0	0	0	0	0	0	0	0	0	0	0	0	0	0	0	0	0	0	0	0	0	0	0	0	0	0	0	0	0	0	0	0	0	0	0	0	0	0	0	0	0	0	0	0	0	0	0	0	0	0	0	0	1	1	0	0	1	0	0	0	1	1	0	1
OTU4101	0	0	0	0	0	0	0	0	0	0	0	0	0	0	0	0	0	0	0	0	0	0	0	0	0	0	0	0	0	0	0	0	0	0	0	0	0	0	0	0	0	0	0	0	0	0	0	0	0	0	0	0	0	2	0	0	0	1	1	0	0	1	0	1	0
OTU5049	0	0	0	0	0	0	0	0	0	1	1	0	0	0	0	1	1	0	0	0	0	1	0	0	0	0	0	0	0	0	0	0	0	0	0	0	0	0	0	0	0	0	0	0	0	0	0	0	0	0	0	0	0	0	0	0	0	0	0	0	0	0	0	0	1
OTU1584	0	0	0	0	0	0	1	0	0	0	0	1	0	1	1	0	0	0	0	0	0	0	0	0	0	0	0	0	0	0	0	0	0	0	0	0	0	0	0	0	0	0	0	0	0	0	0	0	0	0	0	0	0	0	0	0	0	0	1	1	0	0	0	0	0
OTU1426	0	0	0	0	0	0	0	0	0	1	1	1	0	1	1	0	0	0	0	0	0	0	0	0	0	0	0	0	0	0	0	0	0	0	0	0	0	0	0	0	0	0	0	0	0	0	0	0	0	0	0	0	0	0	0	0	1	0	0	0	0	0	0	0	0
OTU820	0	1	2	0	0	0	0	1	0	0	1	1	0	0	0	0	0	0	0	0	0	0	0	0	0	0	0	0	0	0	0	0	0	0	0	0	0	0	0	0	0	0	0	0	0	0	0	0	0	0	0	0	0	0	0	0	0	0	0	0	0	0	0	0	0
OTU1210	0	0	0	0	0	0	1	1	0	1	0	1	0	0	0	0	0	0	0	0	0	0	0	0	0	0	0	0	0	0	0	0	0	0	0	0	0	0	0	0	0	0	1	0	0	0	1	0	0	0	0	0	0	0	0	0	0	0	0	0	0	0	0	0	0
OTU1224	0	1	1	0	0	0	0	0	1	1	1	1	0	0	0	0	0	0	0	0	0	0	0	0	0	0	0	0	0	0	0	0	0	0	0	0	0	0	0	0	0	0	0	0	0	0	0	0	0	0	0	0	0	0	0	0	0	0	0	0	0	0	0	0	0
OTU1137	0	0	0	0	1	0	1	1	1	0	1	1	0	0	0	0	0	0	0	0	0	0	0	0	0	0	0	0	0	0	0	0	0	0	0	0	0	0	0	0	0	0	0	0	0	0	0	0	0	0	0	0	0	0	0	0	0	0	0	0	0	0	0	0	0
OTU3494	0	0	0	0	0	1	0	0	0	0	0	0	1	1	1	0	0	0	0	0	0	0	0	0	0	0	0	0	0	0	0	0	0	0	0	0	0	0	0	0	0	0	0	0	0	0	0	0	0	1	1	0	0	0	0	0	0	0	0	0	0	0	0	0	0
OTU1097	1	1	0	0	0	0	0	1	0	0	1	0	0	0	1	0	0	0	0	0	0	0	0	0	0	0	0	0	0	0	0	0	0	0	0	0	0	0	0	0	0	0	0	0	0	0	0	0	0	0	0	0	0	0	0	0	0	0	0	0	0	1	0	0	0
OTU1784	0	0	0	0	0	0	1	0	0	0	0	0	1	1	0	0	0	0	0	0	0	0	0	0	0	0	0	0	0	0	0	0	0	0	0	0	0	0	0	0	0	0	0	0	0	0	0	0	0	0	0	0	0	0	0	1	1	0	1	0	0	0	0	0	0
OTU3501	0	0	0	0	0	0	0	0	0	0	0	0	0	0	0	0	0	0	0	0	0	0	0	0	0	0	0	0	0	0	0	0	0	0	0	0	0	0	0	0	0	0	0	0	0	0	0	0	0	0	0	0	0	1	0	0	0	1	0	1	1	0	1	1	0
OTU1721	0	0	0	0	0	0	0	0	0	0	0	0	0	0	0	0	0	0	0	0	0	0	0	0	0	0	0	0	0	0	0	0	0	0	0	0	0	0	0	0	0	0	0	0	0	0	0	0	0	0	0	0	0	0	1	0	1	1	1	0	0	1	0	0	1
OTU1172	0	0	0	0	1	1	0	1	0	1	0	0	0	1	1	0	0	0	0	0	0	0	0	0	0	0	0	0	0	0	0	0	0	0	0	0	0	0	0	0	0	0	0	0	0	0	0	0	0	0	0	0	0	0	0	0	0	0	0	0	0	0	0	0	0
OTU1598	0	1	1	0	0	0	1	0	0	1	0	1	0	0	0	0	0	0	0	0	0	0	0	0	0	0	0	0	0	0	0	0	0	0	0	0	0	0	0	0	0	0	0	0	0	0	0	0	0	0	0	0	1	0	0	0	0	0	0	0	0	0	0	0	0
OTU963	0	0	0	0	1	0	0	0	0	0	0	0	1	1	1	0	0	0	0	0	1	0	0	1	0	0	0	0	0	0	0	0	0	0	0	0	0	0	0	0	0	0	0	0	0	0	0	0	0	0	0	0	0	0	0	0	0	0	0	0	0	0	0	0	0
OTU1198	0	0	0	1	0	0	0	0	0	1	0	1	1	1	0	0	0	0	0	0	0	0	0	0	0	0	0	0	0	0	0	0	0	0	0	0	0	0	0	0	0	0	0	0	0	0	0	0	0	0	0	0	0	0	0	0	1	0	0	0	0	0	0	0	0
OTU2987	0	0	0	0	0	0	0	0	0	0	0	0	0	0	0	0	0	0	0	0	0	0	0	0	0	0	0	0	0	0	0	0	0	0	0	0	0	0	0	0	0	0	0	0	0	0	0	0	0	0	0	0	0	0	1	0	1	0	1	0	0	0	1	1	1
OTU1763	0	0	0	0	0	0	0	0	0	0	0	0	0	0	0	0	0	0	0	0	0	0	0	0	0	0	0	0	0	0	0	0	0	0	0	0	0	0	0	0	0	0	0	0	0	0	0	0	0	0	0	0	0	1	0	1	0	0	1	0	0	1	1	1	0
OTU2347	0	0	0	0	0	0	0	0	0	0	0	0	0	0	0	0	0	0	0	0	0	0	0	0	0	0	0	0	0	0	0	0	0	0	0	0	0	0	0	0	0	0	0	0	0	0	0	0	0	0	0	0	0	1	1	0	1	0	0	0	0	1	1	0	1
OTU1043	0	0	1	0	0	0	1	1	0	0	0	1	1	0	1	0	0	0	0	0	0	0	0	0	0	0	0	0	0	0	0	0	0	0	0	0	0	0	0	0	0	0	0	0	0	0	0	0	0	0	0	0	0	0	0	0	0	0	0	0	0	0	0	0	0
OTU3183	0	0	0	0	0	0	1	0	1	0	1	0	0	0	0	1	0	0	0	0	0	0	1	1	0	0	0	0	0	0	0	0	0	0	0	0	0	0	0	0	0	0	0	0	0	0	0	0	0	0	0	0	0	0	0	0	0	0	0	0	0	0	0	0	0
OTU907	0	0	0	0	0	1	0	0	0	0	0	0	1	1	0	0	0	0	0	0	0	0	0	0	0	0	0	0	0	0	0	0	0	0	0	0	0	0	0	0	0	1	1	0	0	0	0	0	0	1	0	0	0	0	0	0	0	0	0	0	0	0	0	0	0
OTU3088	0	0	0	0	0	0	0	0	1	0	0	0	0	0	1	0	0	0	0	0	0	0	0	0	0	0	0	0	0	0	0	0	0	0	0	0	0	0	0	0	0	0	0	1	0	1	0	1	0	0	0	1	0	0	0	0	0	0	0	0	0	0	0	0	0
OTU1064	0	0	0	0	0	0	0	0	0	0	0	0	0	0	0	0	0	1	0	0	0	0	0	1	0	0	0	0	0	1	0	0	1	0	0	0	0	0	0	0	0	0	0	0	0	0	0	0	0	0	0	0	0	1	0	0	0	0	1	0	0	0	0	0	0
OTU2633	0	0	0	0	0	0	0	0	0	0	0	0	0	0	0	0	0	0	0	0	0	0	0	0	0	0	0	0	0	0	0	0	0	0	0	0	0	0	0	0	0	0	0	0	0	0	0	0	0	0	0	0	0	1	0	0	1	0	0	0	1	1	1	1	0
OTU3341	0	0	0	0	0	0	0	0	0	0	0	0	0	0	0	0	0	0	0	0	0	0	0	0	0	0	0	0	0	0	0	0	0	0	0	0	0	0	0	0	0	0	0	0	0	0	0	0	0	0	0	0	0	0	0	1	1	0	0	0	1	1	0	1	1
OTU3275	0	0	0	0	0	0	0	0	0	0	0	0	0	0	0	0	0	0	0	0	0	0	0	0	0	0	0	0	0	0	0	0	0	0	0	0	0	0	0	0	0	0	0	0	0	0	0	0	0	0	0	0	0	1	1	0	0	0	0	0	1	1	1	0	1
OTU4042	0	0	0	0	0	0	0	0	0	0	0	0	0	0	1	0	0	0	0	0	0	0	0	0	0	0	0	1	0	1	0	0	0	1	0	1	0	0	1	0	0	0	0	0	0	0	0	0	0	0	0	0	0	0	0	0	0	0	0	0	0	0	0	0	0
OTU2500	0	0	0	0	0	0	0	0	0	0	0	0	0	0	0	0	0	0	0	0	0	0	0	0	0	0	0	0	0	0	0	0	0	0	0	0	0	0	0	0	0	0	0	0	0	0	0	0	0	0	0	0	0	1	0	0	1	0	1	0	0	1	1	1	0
OTU1002	0	0	0	0	0	0	0	0	0	0	0	0	0	0	0	0	0	0	0	0	0	0	0	0	0	0	0	0	0	0	0	0	0	0	0	0	0	0	0	0	0	0	0	0	0	0	0	0	0	0	0	0	0	0	1	1	0	1	1	0	0	1	0	1	0
OTU4001	0	0	0	0	0	0	0	0	0	0	0	0	0	0	0	0	0	0	0	0	0	0	0	0	0	0	0	0	0	0	0	0	0	0	0	0	0	0	0	0	0	0	0	0	0	0	0	0	0	0	0	0	0	0	0	1	0	0	0	1	1	0	1	1	1
OTU643	0	0	0	0	0	0	1	1	1	0	2	0	0	0	0	0	0	0	0	0	0	0	0	0	0	0	0	0	0	1	0	0	0	0	0	0	0	0	0	0	0	0	0	0	0	0	0	0	0	0	0	0	0	0	0	0	0	0	0	0	0	0	0	0	0
OTU868	0	1	1	0	0	0	0	1	0	0	0	0	0	0	0	0	0	0	0	0	0	1	1	1	0	0	0	0	0	0	0	0	0	0	0	0	0	0	0	0	0	0	0	0	0	0	0	0	0	0	0	0	0	0	0	0	0	0	0	0	0	0	0	0	0
OTU3722	0	0	0	0	0	0	1	1	1	0	1	0	0	0	0	1	0	0	0	0	0	0	1	0	0	0	0	0	0	0	0	0	0	0	0	0	0	0	0	0	0	0	0	0	0	0	0	0	0	0	0	0	0	0	0	0	0	0	0	0	0	0	0	0	0
OTU1020	0	0	0	0	0	1	0	0	1	0	0	0	0	0	1	0	0	0	0	0	0	0	0	0	0	0	0	0	0	0	0	0	0	0	0	0	0	0	0	0	1	0	0	1	0	0	0	0	0	0	0	0	1	0	0	0	0	0	0	0	0	0	0	0	0
OTU4669	0	0	0	0	0	0	0	1	0	0	1	0	0	0	0	1	0	0	0	0	0	0	2	1	0	0	0	0	0	0	0	0	0	0	0	0	0	0	0	0	0	0	0	0	0	0	0	0	0	0	0	0	0	0	0	0	0	0	0	0	0	0	0	0	0
OTU2065	0	0	0	0	0	0	0	0	0	0	0	0	0	0	0	0	0	0	0	0	0	0	0	0	0	0	0	0	0	0	0	0	0	0	0	0	0	0	0	0	0	0	0	0	0	0	0	0	0	0	0	0	0	1	0	0	1	1	1	0	1	1	0	0	0
OTU3090	0	0	0	0	0	0	0	0	0	0	0	0	0	0	0	0	1	1	1	1	1	1	0	0	0	0	0	0	0	0	0	0	0	0	0	0	0	0	0	0	0	0	0	0	0	0	0	0	0	0	0	0	0	0	0	0	0	0	0	0	0	0	0	0	0
OTU3206	0	0	0	0	0	0	0	0	0	0	0	0	0	0	0	0	0	0	0	0	0	0	1	0	0	0	0	0	0	2	1	0	0	0	0	0	0	1	1	0	0	0	0	0	0	0	0	0	0	0	0	0	0	0	0	0	0	0	0	0	0	0	0	0	0
OTU1972	0	0	0	0	0	0	0	0	0	0	0	0	0	0	0	0	0	0	0	0	0	0	0	0	0	0	0	0	0	0	0	0	0	0	0	0	0	0	0	0	0	0	0	0	0	0	0	0	0	0	0	0	0	0	1	0	1	1	1	0	0	1	1	0	0
OTU1153	0	0	1	0	0	0	1	1	0	1	1	1	0	0	0	0	0	0	0	0	0	0	0	0	0	0	0	0	0	0	0	0	0	0	0	0	0	0	0	0	0	0	0	0	0	0	0	0	0	0	0	0	0	0	0	0	0	0	0	0	0	0	0	0	0
OTU3366	0	0	0	1	0	1	0	0	0	0	1	0	0	0	0	0	0	0	0	0	0	0	0	0	0	0	0	0	0	0	0	0	0	0	0	0	0	0	0	1	1	1	0	0	0	0	0	0	0	0	0	0	0	0	0	0	0	0	0	0	0	0	0	0	0
OTU1857	0	0	0	0	0	0	0	0	0	0	0	0	0	0	0	0	0	0	0	0	0	0	0	0	0	0	0	0	0	0	0	0	0	0	0	0	0	0	0	0	0	0	0	0	0	0	0	0	0	0	0	0	0	0	0	1	1	0	1	1	0	0	1	1	0
OTU845	0	1	0	1	0	0	0	0	1	1	1	1	0	0	0	0	0	0	0	0	0	0	0	0	0	0	0	0	0	0	0	0	0	0	0	0	0	0	0	0	0	0	0	0	0	0	0	0	0	0	0	0	0	0	0	0	0	0	0	0	0	0	0	0	0
OTU1252	0	0	0	1	0	0	0	0	0	0	0	1	0	1	1	0	0	1	0	0	0	0	0	1	0	0	0	0	0	0	0	0	0	0	0	0	0	0	0	0	0	0	0	0	0	0	0	0	0	0	0	0	0	0	0	0	0	0	0	0	0	0	0	0	0
OTU1042	0	0	0	1	0	2	0	0	0	0	0	0	1	1	1	0	0	0	0	0	0	0	0	0	0	0	0	0	0	0	0	0	0	0	0	0	0	0	0	0	0	0	0	0	0	0	0	0	0	0	0	0	0	0	0	0	0	0	0	0	0	0	0	0	0
OTU4601	0	0	0	0	0	0	0	0	0	0	0	0	0	0	0	0	0	0	0	0	0	0	0	0	1	0	1	0	1	0	0	1	1	0	0	0	0	1	0	0	0	0	0	0	0	0	0	0	0	0	0	0	0	0	0	0	0	0	0	0	0	0	0	0	0
OTU2678	0	0	0	0	0	0	0	0	0	0	0	0	0	0	0	0	0	0	0	0	0	0	0	0	0	0	0	0	0	0	0	1	0	0	0	1	3	0	1	0	0	0	0	0	0	0	0	0	0	0	0	0	0	0	0	0	0	0	0	0	0	0	0	0	0
OTU5354	0	0	0	0	0	0	0	0	0	0	0	0	0	0	0	0	0	0	0	0	0	0	0	0	0	0	0	0	0	1	1	0	1	0	1	0	0	1	1	0	0	0	0	0	0	0	0	0	0	0	0	0	0	0	0	0	0	0	0	0	0	0	0	0	0
OTU3134	0	0	0	0	0	0	0	0	0	1	0	0	1	0	1	0	0	0	0	0	0	0	0	0	0	0	0	0	0	0	0	0	0	0	0	0	0	0	0	0	0	0	0	0	1	0	0	0	1	1	0	0	0	0	0	0	0	0	0	0	0	0	0	0	0
OTU1303	0	0	0	0	0	0	0	0	0	0	0	0	0	0	0	0	1	0	2	1	2	0	0	0	0	0	0	0	0	0	0	0	0	0	0	0	0	0	0	0	0	0	0	0	0	0	0	0	0	0	0	0	0	0	0	0	0	0	0	0	0	0	0	0	0
OTU1173	0	0	0	0	0	0	0	0	0	0	0	0	0	0	0	1	0	0	2	1	2	0	0	0	0	0	0	0	0	0	0	0	0	0	0	0	0	0	0	0	0	0	0	0	0	0	0	0	0	0	0	0	0	0	0	0	0	0	0	0	0	0	0	0	0
OTU3253	0	0	0	0	0	0	0	0	0	0	0	0	0	0	0	0	0	0	0	0	0	0	0	0	0	0	0	0	0	0	0	0	0	0	0	0	0	0	0	1	1	0	0	0	0	0	0	0	0	0	1	2	1	0	0	0	0	0	0	0	0	0	0	0	0
OTU1553	0	0	0	0	0	0	0	0	0	0	0	0	0	0	0	3	1	2	0	0	0	0	0	0	0	0	0	0	0	0	0	0	0	0	0	0	0	0	0	0	0	0	0	0	0	0	0	0	0	0	0	0	0	0	0	0	0	0	0	0	0	0	0	0	0
OTU1455	0	0	0	0	0	0	0	0	0	0	0	0	0	0	0	0	0	0	0	0	0	0	0	0	0	0	0	0	0	0	0	0	0	0	0	0	0	0	0	0	0	0	0	0	0	0	0	2	2	0	1	1	0	0	0	0	0	0	0	0	0	0	0	0	0
OTU738	0	0	0	0	0	0	0	0	0	0	0	0	0	0	0	2	0	1	0	0	1	0	1	1	0	0	0	0	0	0	0	0	0	0	0	0	0	0	0	0	0	0	0	0	0	0	0	0	0	0	0	0	0	0	0	0	0	0	0	0	0	0	0	0	0
OTU4944	0	0	0	0	0	0	0	0	0	0	0	0	0	0	0	0	0	0	0	0	0	0	0	0	1	0	0	0	1	0	1	0	0	0	0	1	0	1	1	0	0	0	0	0	0	0	0	0	0	0	0	0	0	0	0	0	0	0	0	0	0	0	0	0	0
OTU1689	0	0	0	0	0	0	0	0	0	0	0	0	0	0	0	0	0	0	0	0	0	0	0	0	0	0	0	0	0	0	0	0	0	0	0	0	0	0	0	0	0	1	0	0	0	0	0	0	0	1	1	2	1	0	0	0	0	0	0	0	0	0	0	0	0
OTU5193	0	0	0	0	0	0	0	0	0	0	0	0	0	0	0	0	1	2	0	1	1	1	0	0	0	0	0	0	0	0	0	0	0	0	0	0	0	0	0	0	0	0	0	0	0	0	0	0	0	0	0	0	0	0	0	0	0	0	0	0	0	0	0	0	0
OTU2243	0	0	0	0	0	0	0	0	0	0	0	0	0	0	0	0	1	0	1	0	1	1	1	1	0	0	0	0	0	0	0	0	0	0	0	0	0	0	0	0	0	0	0	0	0	0	0	0	0	0	0	0	0	0	0	0	0	0	0	0	0	0	0	0	0
OTU1106	0	0	0	0	0	0	0	0	0	0	0	0	0	0	0	0	0	1	0	0	0	2	1	2	0	0	0	0	0	0	0	0	0	0	0	0	0	0	0	0	0	0	0	0	0	0	0	0	0	0	0	0	0	0	0	0	0	0	0	0	0	0	0	0	0
OTU1807	0	0	0	0	0	0	0	0	0	0	0	0	0	0	0	1	1	0	1	0	0	1	1	1	0	0	0	0	0	0	0	0	0	0	0	0	0	0	0	0	0	0	0	0	0	0	0	0	0	0	0	0	0	0	0	0	0	0	0	0	0	0	0	0	0
OTU2297	0	1	0	0	0	1	0	0	0	0	0	0	1	0	0	0	0	0	0	0	0	0	0	0	0	0	0	0	0	0	0	0	0	0	0	0	0	0	0	0	0	0	0	0	0	0	0	0	0	0	0	0	0	0	0	0	0	0	0	0	1	0	0	0	1
OTU5515	0	0	0	0	0	0	0	0	0	0	0	0	0	0	0	0	0	0	0	0	0	0	0	0	0	0	0	0	0	0	0	0	0	0	0	0	0	0	0	0	0	0	0	0	0	0	0	0	0	0	0	0	0	1	0	0	0	0	0	0	1	1	0	1	1
OTU1630	0	0	1	0	0	0	0	0	0	0	0	0	1	0	1	0	0	0	0	0	0	0	0	0	0	0	0	0	0	0	0	0	0	0	0	0	0	0	0	0	0	0	0	0	0	0	0	0	0	1	0	0	1	0	0	0	0	0	0	0	0	0	0	0	0
OTU1273	0	0	0	1	0	0	1	0	0	0	0	0	0	1	1	0	0	0	0	0	0	0	0	0	0	0	0	0	0	0	0	0	0	0	0	0	0	0	0	0	0	0	0	0	0	0	0	0	0	0	0	0	0	0	0	0	0	0	1	0	0	0	0	0	0
OTU1128	0	0	0	0	0	0	0	0	0	0	0	1	0	1	1	0	0	0	0	0	0	0	0	0	0	0	0	0	0	0	0	0	0	0	0	0	0	0	0	0	0	0	0	0	0	0	0	0	0	0	0	0	0	0	0	0	1	0	0	0	0	0	0	1	0
OTU1946	0	0	0	0	0	0	1	0	0	0	0	1	0	0	0	0	0	0	0	0	0	0	0	0	0	0	0	0	0	0	0	0	0	0	0	0	0	0	0	0	0	0	0	0	0	0	0	0	0	0	0	0	0	1	1	1	0	0	0	0	0	0	0	0	0
OTU1150	0	0	0	0	0	0	0	0	0	0	0	0	0	0	0	0	0	0	0	0	0	0	0	0	0	0	0	0	0	0	0	0	0	0	0	0	0	0	0	0	0	0	0	0	0	0	0	0	0	0	0	0	0	0	0	0	1	0	0	0	1	1	1	0	1
OTU1968	0	0	1	0	0	0	0	0	0	1	0	1	1	1	0	0	0	0	0	0	0	0	0	0	0	0	0	0	0	0	0	0	0	0	0	0	0	0	0	0	0	0	0	0	0	0	0	0	0	0	0	0	0	0	0	0	0	0	0	0	0	0	0	0	0
OTU918	1	0	0	0	0	1	0	0	1	0	0	0	0	0	0	0	0	0	0	0	0	0	0	0	0	0	0	0	0	0	0	0	0	0	0	0	0	0	0	0	0	0	0	0	0	0	0	0	0	0	0	0	0	0	1	0	0	0	0	1	0	0	0	0	0
OTU3545	0	0	0	0	0	0	0	1	0	1	0	0	1	1	1	0	0	0	0	0	0	0	0	0	0	0	0	0	0	0	0	0	0	0	0	0	0	0	0	0	0	0	0	0	0	0	0	0	0	0	0	0	0	0	0	0	0	0	0	0	0	0	0	0	0
OTU1448	0	0	0	0	0	0	0	0	1	0	0	1	0	1	0	0	0	0	0	0	0	0	0	0	0	0	0	0	0	0	0	0	0	0	0	0	0	0	0	0	0	0	0	0	0	0	0	0	0	0	0	0	0	0	0	0	0	0	0	0	0	0	1	1	0
OTU1392	0	0	0	0	0	1	0	1	0	0	0	0	0	1	1	0	0	0	0	0	0	0	0	0	0	0	0	0	0	0	0	0	0	0	0	0	0	0	0	0	0	0	0	0	0	0	0	0	0	0	0	0	0	0	0	0	0	1	0	0	0	0	0	0	0
OTU817	0	0	0	0	1	0	0	0	1	0	0	1	0	0	1	0	0	0	0	0	0	0	0	0	0	0	0	0	0	0	0	0	0	0	0	0	0	0	0	0	0	0	0	0	0	0	0	0	0	0	0	0	0	0	0	0	0	0	0	0	0	0	0	1	0
OTU1372	0	0	0	0	0	0	0	0	0	0	0	0	0	0	0	1	1	0	1	0	0	0	0	0	0	0	0	1	0	0	0	0	0	0	0	0	0	0	0	0	0	0	0	0	0	0	0	0	0	0	0	0	0	0	0	0	0	0	0	0	0	1	0	0	0
OTU1057	0	0	0	0	0	0	0	0	0	1	1	1	0	0	0	0	0	0	0	0	0	0	0	0	0	0	0	0	0	0	0	0	0	0	0	0	0	0	0	0	0	0	0	0	0	0	0	0	0	0	0	0	0	0	0	0	0	1	0	0	0	0	0	0	1
OTU1795	0	0	0	0	1	1	0	0	1	0	0	0	1	0	1	0	0	0	0	0	0	0	0	0	0	0	0	0	0	0	0	0	0	0	0	0	0	0	0	0	0	0	0	0	0	0	0	0	0	0	0	0	0	0	0	0	0	0	0	0	0	0	0	0	0
OTU1087	0	0	0	0	0	0	0	1	0	1	0	1	1	0	0	0	0	0	0	0	0	0	0	0	0	0	0	0	0	0	0	0	0	0	0	0	0	0	0	0	0	0	0	0	0	0	0	0	0	0	0	0	0	0	0	0	0	0	0	0	0	0	1	0	0
OTU3994	0	1	1	0	0	0	0	1	0	0	1	0	1	0	0	0	0	0	0	0	0	0	0	0	0	0	0	0	0	0	0	0	0	0	0	0	0	0	0	0	0	0	0	0	0	0	0	0	0	0	0	0	0	0	0	0	0	0	0	0	0	0	0	0	0
OTU992	0	0	0	0	0	0	0	0	1	0	0	0	0	0	1	0	0	0	0	0	0	0	0	0	0	0	0	0	0	0	0	0	0	0	0	0	0	0	0	0	0	0	0	0	0	0	0	0	0	1	0	0	1	0	0	1	0	0	0	0	0	0	0	0	0
OTU1216	0	0	0	0	0	0	0	0	1	0	0	0	0	0	0	0	0	0	0	0	0	0	0	0	0	0	0	0	0	0	0	0	0	0	0	0	0	0	0	0	0	0	0	0	0	0	0	0	0	0	0	0	0	0	0	0	1	1	0	0	0	1	0	0	1
OTU2517	0	0	0	0	0	0	0	0	0	0	0	0	0	0	0	0	0	0	0	0	0	0	0	0	0	0	0	0	0	0	0	0	0	0	0	0	0	0	0	0	0	0	0	0	0	0	0	0	0	0	0	0	0	0	1	0	1	1	0	0	0	1	0	0	1
OTU2077	0	0	0	0	0	0	0	0	0	0	0	0	0	0	0	0	0	0	0	0	0	0	0	0	0	0	0	0	0	0	0	0	0	0	0	0	0	0	0	0	0	0	0	0	0	0	0	0	0	0	0	0	0	0	0	0	1	0	1	0	0	1	1	1	0
OTU2356	0	0	0	0	0	0	0	0	0	0	0	0	0	0	0	0	0	0	0	0	0	0	0	0	0	0	0	0	0	0	0	0	0	0	0	0	0	0	0	0	0	0	0	0	0	0	0	0	0	0	0	0	0	1	1	1	0	0	1	0	0	0	0	0	1
OTU2100	0	0	0	0	0	0	0	0	0	0	0	0	0	0	0	0	0	0	0	0	0	0	0	0	0	0	0	0	0	0	0	0	0	0	0	0	0	0	0	0	0	0	0	0	0	0	0	0	0	0	0	0	0	0	0	0	1	0	1	0	0	0	1	1	1
OTU4739	0	0	0	0	0	0	0	0	0	0	0	0	1	0	0	0	0	0	0	0	0	0	0	0	0	0	0	0	0	0	0	0	0	0	0	0	0	0	0	0	0	2	0	0	0	0	0	0	1	0	1	0	0	0	0	0	0	0	0	0	0	0	0	0	0
OTU2737	0	0	0	0	0	0	0	0	0	0	0	0	0	0	1	0	0	0	0	0	0	0	0	0	0	0	0	0	0	0	0	0	0	0	0	0	0	0	0	0	0	0	0	0	0	0	0	0	0	0	0	0	0	0	1	0	1	0	0	0	1	0	0	1	0
OTU1973	0	0	0	0	0	0	0	0	0	0	0	0	0	0	0	0	0	0	0	0	0	0	0	0	0	0	0	0	0	0	0	0	0	0	0	0	0	0	0	0	0	0	0	0	0	0	0	0	0	0	0	0	0	0	1	1	0	0	0	0	0	1	1	1	0
OTU1010	0	0	0	1	1	1	0	0	0	0	0	0	0	1	1	0	0	0	0	0	0	0	0	0	0	0	0	0	0	0	0	0	0	0	0	0	0	0	0	0	0	0	0	0	0	0	0	0	0	0	0	0	0	0	0	0	0	0	0	0	0	0	0	0	0
OTU3074	0	0	0	0	0	0	0	0	0	0	0	0	0	0	0	0	0	0	0	0	0	0	0	0	0	0	0	0	0	0	0	0	0	0	0	0	0	0	0	0	0	0	0	0	0	0	0	0	0	0	0	0	0	0	1	0	0	0	1	0	1	0	1	0	1
OTU2736	0	0	0	0	0	0	0	0	0	0	0	0	0	0	0	0	0	0	0	0	0	0	0	0	0	0	0	0	0	0	0	0	0	0	0	0	0	0	0	0	0	0	0	0	0	0	0	0	0	0	0	0	0	0	1	0	1	0	0	1	0	1	1	0	0
OTU2409	0	0	0	0	0	0	0	0	0	0	0	0	0	0	0	0	0	0	0	0	0	0	0	0	0	0	0	0	0	0	0	0	0	0	0	0	0	0	0	0	0	0	0	0	0	0	0	0	0	0	0	0	0	1	0	1	0	0	1	0	0	1	0	0	1
OTU3214	0	0	0	0	0	0	0	0	0	0	0	0	0	0	0	0	0	0	0	0	0	0	0	0	0	0	0	0	0	0	0	0	0	0	0	0	0	0	0	0	0	0	0	0	0	0	0	0	0	0	0	0	0	1	0	0	1	1	0	0	0	0	0	1	1
OTU815	0	0	0	0	1	1	0	1	0	0	0	0	0	2	0	0	0	0	0	0	0	0	0	0	0	0	0	0	0	0	0	0	0	0	0	0	0	0	0	0	0	0	0	0	0	0	0	0	0	0	0	0	0	0	0	0	0	0	0	0	0	0	0	0	0
OTU1160	0	1	0	0	0	1	0	1	0	0	1	1	0	0	0	0	0	0	0	0	0	0	0	0	0	0	0	0	0	0	0	0	0	0	0	0	0	0	0	0	0	0	0	0	0	0	0	0	0	0	0	0	0	0	0	0	0	0	0	0	0	0	0	0	0
OTU2485	0	0	0	0	0	0	0	0	1	1	0	1	0	1	1	0	0	0	0	0	0	0	0	0	0	0	0	0	0	0	0	0	0	0	0	0	0	0	0	0	0	0	0	0	0	0	0	0	0	0	0	0	0	0	0	0	0	0	0	0	0	0	0	0	0
OTU1196	0	1	1	0	0	0	0	1	0	0	0	1	0	0	0	0	0	0	0	0	0	0	0	0	0	0	0	0	0	0	0	0	0	0	0	0	0	0	0	0	0	0	0	0	0	0	0	0	1	0	0	0	0	0	0	0	0	0	0	0	0	0	0	0	0
OTU3841	0	0	0	0	0	0	0	0	0	0	0	0	0	0	0	0	0	0	0	0	0	0	0	0	0	0	0	0	0	0	0	0	0	0	0	0	0	0	0	0	0	0	0	0	0	0	0	0	0	0	0	0	0	1	0	0	1	0	1	0	0	0	0	1	1
OTU2998	0	0	0	0	0	0	0	0	0	0	0	0	0	0	0	0	0	0	0	0	0	0	0	0	0	0	0	0	0	0	0	0	0	0	0	0	0	0	0	0	0	0	0	0	0	0	0	0	0	0	0	0	0	1	0	1	0	0	0	0	1	0	1	0	1
OTU2647	0	0	0	0	0	0	0	0	0	0	0	0	0	0	0	0	0	0	0	0	0	0	0	0	0	0	0	0	0	0	0	0	0	0	0	0	0	0	0	0	0	0	0	0	0	0	0	0	0	0	0	0	0	1	1	0	0	0	1	0	1	1	0	0	0
OTU1656	0	0	0	0	0	0	0	0	0	0	0	0	0	0	0	0	0	0	0	0	0	0	0	0	0	0	0	0	0	0	0	0	0	0	0	0	0	0	0	0	0	0	0	0	0	0	0	0	0	0	0	0	0	1	0	0	0	1	0	0	1	1	1	0	0
OTU1834	0	0	0	0	0	0	0	0	0	0	0	0	0	0	0	0	0	0	0	0	0	0	0	0	0	0	0	0	0	0	0	0	0	0	0	0	0	0	0	0	0	0	0	0	0	0	0	0	0	0	0	0	0	0	0	0	0	1	1	1	1	1	0	0	0
OTU2402	0	0	0	0	0	0	0	0	0	0	0	0	1	0	1	0	0	0	0	0	0	0	0	0	0	0	0	0	0	0	0	0	0	0	0	0	0	0	0	0	1	1	1	0	0	0	0	0	0	0	0	0	0	0	0	0	0	0	0	0	0	0	0	0	0
OTU4531	0	0	1	1	1	1	0	0	0	0	0	0	1	0	0	0	0	0	0	0	0	0	0	0	0	0	0	0	0	0	0	0	0	0	0	0	0	0	0	0	0	0	0	0	0	0	0	0	0	0	0	0	0	0	0	0	0	0	0	0	0	0	0	0	0
OTU1281	0	1	0	0	0	0	1	0	0	0	2	1	0	0	0	0	0	0	0	0	0	0	0	0	0	0	0	0	0	0	0	0	0	0	0	0	0	0	0	0	0	0	0	0	0	0	0	0	0	0	0	0	0	0	0	0	0	0	0	0	0	0	0	0	0
OTU978	0	0	0	0	0	0	0	0	0	0	0	1	0	0	0	0	0	0	0	0	0	0	0	0	0	0	0	0	0	0	0	0	0	0	0	0	0	0	0	0	0	0	2	0	0	0	1	0	0	0	1	0	0	0	0	0	0	0	0	0	0	0	0	0	0
OTU1910	0	0	0	0	0	0	0	0	0	0	0	0	0	0	0	0	0	0	0	0	0	0	0	0	0	0	0	0	0	0	0	0	0	0	0	0	0	0	0	0	0	0	0	0	0	0	0	0	0	0	0	0	0	0	1	0	0	1	1	0	0	1	0	0	1
OTU1233	0	0	0	0	0	0	0	0	0	0	0	0	1	0	0	0	0	0	0	0	0	0	0	0	0	0	0	0	0	0	0	0	0	0	0	0	0	0	0	0	0	0	2	0	0	0	0	0	0	1	0	1	0	0	0	0	0	0	0	0	0	0	0	0	0
OTU4209	0	0	0	0	1	0	0	1	0	0	0	0	1	0	0	0	0	0	0	0	0	0	0	0	0	0	0	0	0	0	0	0	0	0	0	0	0	0	0	0	0	1	0	0	0	0	0	1	0	0	0	0	0	0	0	0	0	0	0	0	0	0	0	0	0
OTU1283	0	0	0	0	0	0	0	0	0	0	0	1	0	0	1	0	0	0	0	0	0	0	0	0	0	0	0	0	0	0	0	0	0	0	0	0	0	0	0	0	0	0	0	0	0	1	0	0	1	0	1	0	0	0	0	0	0	0	0	0	0	0	0	0	0
OTU4300	0	0	0	0	0	0	0	0	0	0	0	0	0	0	0	0	0	0	0	0	0	0	0	0	0	0	0	0	0	0	0	0	0	0	0	0	0	0	0	0	0	0	0	0	0	0	0	0	0	0	0	0	0	0	0	0	1	0	1	1	0	0	1	0	1
OTU2241	0	0	0	0	0	0	0	0	0	0	0	0	0	0	0	0	0	0	0	0	0	0	0	0	0	0	0	0	0	0	0	0	0	0	0	0	0	0	0	0	0	0	0	0	0	0	0	0	0	0	0	0	0	1	0	0	1	0	0	0	1	1	1	0	0
OTU4691	0	0	0	0	0	0	0	0	0	0	0	0	0	0	0	0	0	0	0	0	0	0	0	0	2	1	0	0	0	0	1	0	1	0	0	0	0	0	0	0	0	0	0	0	0	0	0	0	0	0	0	0	0	0	0	0	0	0	0	0	0	0	0	0	0
OTU5334	0	0	0	0	0	0	0	0	0	2	1	0	0	1	1	0	0	0	0	0	0	0	0	0	0	0	0	0	0	0	0	0	0	0	0	0	0	0	0	0	0	0	0	0	0	0	0	0	0	0	0	0	0	0	0	0	0	0	0	0	0	0	0	0	0
OTU3674	0	0	0	0	0	0	0	0	0	0	0	0	0	0	0	1	2	2	0	0	0	0	0	0	0	0	0	0	0	0	0	0	0	0	0	0	0	0	0	0	0	0	0	0	0	0	0	0	0	0	0	0	0	0	0	0	0	0	0	0	0	0	0	0	0
OTU1492	0	0	0	0	0	0	0	0	0	0	0	0	0	0	0	1	0	0	0	1	1	2	0	0	0	0	0	0	0	0	0	0	0	0	0	0	0	0	0	0	0	0	0	0	0	0	0	0	0	0	0	0	0	0	0	0	0	0	0	0	0	0	0	0	0
OTU3812	0	0	0	0	0	1	0	0	0	0	1	1	0	1	1	0	0	0	0	0	0	0	0	0	0	0	0	0	0	0	0	0	0	0	0	0	0	0	0	0	0	0	0	0	0	0	0	0	0	0	0	0	0	0	0	0	0	0	0	0	0	0	0	0	0
OTU3288	0	0	0	0	0	0	0	0	0	0	0	0	0	0	0	1	0	0	0	1	2	1	0	0	0	0	0	0	0	0	0	0	0	0	0	0	0	0	0	0	0	0	0	0	0	0	0	0	0	0	0	0	0	0	0	0	0	0	0	0	0	0	0	0	0
OTU5524	0	0	0	0	0	0	0	0	0	0	0	0	0	0	0	0	0	1	1	0	1	0	1	0	1	0	0	0	0	0	0	0	0	0	0	0	0	0	0	0	0	0	0	0	0	0	0	0	0	0	0	0	0	0	0	0	0	0	0	0	0	0	0	0	0
OTU988	0	0	0	0	0	0	0	0	0	0	0	0	0	0	0	1	0	0	1	0	1	0	1	1	0	0	0	0	0	0	0	0	0	0	0	0	0	0	0	0	0	0	0	0	0	0	0	0	0	0	0	0	0	0	0	0	0	0	0	0	0	0	0	0	0
OTU1000	0	0	0	0	0	0	0	0	0	0	0	0	0	0	0	1	1	0	0	0	0	0	1	0	0	0	0	0	0	0	1	1	0	0	0	0	0	0	0	0	0	0	0	0	0	0	0	0	0	0	0	0	0	0	0	0	0	0	0	0	0	0	0	0	0
OTU1384	0	0	0	0	0	0	0	0	0	0	0	0	0	0	0	0	0	0	0	0	0	0	0	0	0	0	0	0	1	0	0	0	0	1	0	0	1	1	1	0	0	0	0	0	0	0	0	0	0	0	0	0	0	0	0	0	0	0	0	0	0	0	0	0	0
OTU1246	0	0	0	0	0	0	0	0	0	0	0	0	0	0	0	0	0	0	0	0	0	0	0	0	0	1	0	1	0	0	0	0	0	0	0	0	0	1	2	0	0	0	0	0	0	0	0	0	0	0	0	0	0	0	0	0	0	0	0	0	0	0	0	0	0
OTU1611	0	0	0	0	0	0	0	0	0	0	0	0	0	0	0	0	0	0	0	0	0	0	0	0	1	0	1	0	0	1	0	0	0	0	0	1	0	1	0	0	0	0	0	0	0	0	0	0	0	0	0	0	0	0	0	0	0	0	0	0	0	0	0	0	0
OTU5470	0	0	0	0	0	0	0	0	0	0	0	0	0	0	0	0	0	0	0	0	0	0	0	0	0	0	0	0	0	0	0	0	0	0	0	0	0	0	0	0	0	0	0	0	0	0	0	0	0	0	0	0	0	0	0	0	1	1	1	0	1	1	0	0	0
OTU4859	0	0	0	0	0	0	0	0	0	0	0	0	0	0	0	0	0	0	2	2	1	0	0	0	0	0	0	0	0	0	0	0	0	0	0	0	0	0	0	0	0	0	0	0	0	0	0	0	0	0	0	0	0	0	0	0	0	0	0	0	0	0	0	0	0
OTU1346	0	0	0	0	0	0	0	0	0	0	0	0	0	0	0	0	0	0	0	0	0	0	0	0	0	0	0	0	0	0	1	1	0	1	1	1	0	0	0	0	0	0	0	0	0	0	0	0	0	0	0	0	0	0	0	0	0	0	0	0	0	0	0	0	0
OTU950	0	0	0	0	0	0	0	0	0	0	0	0	0	0	0	3	1	1	0	0	0	0	0	0	0	0	0	0	0	0	0	0	0	0	0	0	0	0	0	0	0	0	0	0	0	0	0	0	0	0	0	0	0	0	0	0	0	0	0	0	0	0	0	0	0
OTU1008	0	0	0	0	0	1	0	1	0	0	0	1	1	0	1	0	0	0	0	0	0	0	0	0	0	0	0	0	0	0	0	0	0	0	0	0	0	0	0	0	0	0	0	0	0	0	0	0	0	0	0	0	0	0	0	0	0	0	0	0	0	0	0	0	0
OTU1092	0	0	0	0	0	0	0	0	0	0	0	0	0	0	0	2	1	0	1	1	0	0	0	0	0	0	0	0	0	0	0	0	0	0	0	0	0	0	0	0	0	0	0	0	0	0	0	0	0	0	0	0	0	0	0	0	0	0	0	0	0	0	0	0	0
OTU1756	0	0	0	0	0	0	0	0	0	0	0	0	0	0	0	0	0	0	1	1	2	1	0	0	0	0	0	0	0	0	0	0	0	0	0	0	0	0	0	0	0	0	0	0	0	0	0	0	0	0	0	0	0	0	0	0	0	0	0	0	0	0	0	0	0
OTU1940	0	0	0	0	0	0	0	0	0	0	0	0	0	0	0	1	1	0	1	0	2	0	0	0	0	0	0	0	0	0	0	0	0	0	0	0	0	0	0	0	0	0	0	0	0	0	0	0	0	0	0	0	0	0	0	0	0	0	0	0	0	0	0	0	0
OTU1312	0	0	0	0	0	0	0	0	0	0	0	0	0	0	0	0	0	0	2	1	2	0	0	0	0	0	0	0	0	0	0	0	0	0	0	0	0	0	0	0	0	0	0	0	0	0	0	0	0	0	0	0	0	0	0	0	0	0	0	0	0	0	0	0	0
OTU2175	0	0	0	0	0	0	0	0	0	0	0	0	0	0	0	1	0	1	1	1	1	0	0	0	0	0	0	0	0	0	0	0	0	0	0	0	0	0	0	0	0	0	0	0	0	0	0	0	0	0	0	0	0	0	0	0	0	0	0	0	0	0	0	0	0
OTU1504	0	0	0	0	0	0	0	0	0	0	0	0	0	0	0	0	0	0	0	0	0	0	0	0	0	0	0	0	0	0	0	0	0	0	0	0	0	0	0	0	1	0	0	1	1	1	0	0	1	0	0	0	0	0	0	0	0	0	0	0	0	0	0	0	0
OTU3511	0	0	0	0	0	0	0	0	0	0	0	0	0	0	0	0	0	0	0	0	0	0	0	0	0	0	0	0	0	0	0	0	0	0	0	0	0	0	0	1	1	0	0	0	0	0	0	0	0	0	2	0	1	0	0	0	0	0	0	0	0	0	0	0	0
OTU879	0	1	0	1	0	0	0	1	1	0	0	0	0	0	0	0	0	0	0	0	0	0	0	0	0	0	0	0	0	0	0	0	0	0	0	0	0	0	0	0	0	0	0	0	0	0	0	0	0	0	0	0	0	0	0	0	0	0	0	0	0	0	0	0	0
OTU1494	0	0	0	0	0	0	0	0	0	0	0	0	0	0	0	0	0	0	0	0	0	0	0	0	0	0	0	0	0	0	0	0	0	0	0	0	0	0	0	0	0	0	0	0	0	0	0	0	0	0	0	0	0	0	0	0	0	0	1	0	0	1	1	1	0
OTU1708	0	0	0	0	0	0	0	0	0	0	0	0	0	0	1	0	0	0	0	0	0	0	0	0	0	0	0	0	0	0	0	0	0	0	0	0	0	0	0	0	0	0	0	0	0	0	0	1	0	0	1	1	0	0	0	0	0	0	0	0	0	0	0	0	0
OTU983	0	0	0	0	0	1	0	0	0	1	0	0	0	0	0	0	0	0	0	0	0	0	0	0	0	0	0	0	0	0	0	0	0	0	0	0	0	0	0	0	0	1	0	0	0	0	0	0	0	0	1	0	0	0	0	0	0	0	0	0	0	0	0	0	0
OTU1351	0	1	1	0	0	0	0	0	0	0	0	1	0	0	0	0	0	0	0	0	0	0	0	0	0	0	0	0	0	0	0	0	0	0	0	0	0	0	0	0	0	0	0	0	0	0	0	0	0	0	0	0	0	0	0	0	0	1	0	0	0	0	0	0	0
OTU1662	0	0	0	0	0	0	0	0	0	0	0	0	1	1	1	0	0	0	0	0	0	0	0	0	0	0	0	0	0	0	0	0	0	0	0	0	0	0	0	0	0	0	0	0	0	0	0	0	0	0	0	0	0	0	0	0	0	0	0	0	0	1	0	0	0
OTU1255	0	1	0	0	0	0	1	0	0	0	1	0	0	1	0	0	0	0	0	0	0	0	0	0	0	0	0	0	0	0	0	0	0	0	0	0	0	0	0	0	0	0	0	0	0	0	0	0	0	0	0	0	0	0	0	0	0	0	0	0	0	0	0	0	0
OTU1061	0	1	0	0	0	0	0	1	0	0	0	0	0	1	1	0	0	0	0	0	0	0	0	0	0	0	0	0	0	0	0	0	0	0	0	0	0	0	0	0	0	0	0	0	0	0	0	0	0	0	0	0	0	0	0	0	0	0	0	0	0	0	0	0	0
OTU1532	0	0	0	0	0	1	0	0	0	0	0	1	0	0	2	0	0	0	0	0	0	0	0	0	0	0	0	0	0	0	0	0	0	0	0	0	0	0	0	0	0	0	0	0	0	0	0	0	0	0	0	0	0	0	0	0	0	0	0	0	0	0	0	0	0
OTU1121	0	0	1	0	0	0	0	0	0	0	0	1	0	0	0	0	0	0	0	0	0	0	0	0	0	0	0	0	0	0	0	0	0	0	0	0	0	0	0	0	0	0	0	0	0	0	0	0	0	0	0	0	0	0	0	0	1	1	0	0	0	0	0	0	0
OTU5071	0	0	0	0	0	0	0	0	0	0	0	1	0	0	1	0	0	0	0	0	0	0	0	0	0	0	0	0	0	0	0	0	0	0	0	0	0	0	0	0	0	0	0	0	0	0	0	0	0	0	0	0	0	0	0	0	1	0	0	0	0	1	0	0	0
OTU1604	0	0	0	0	0	0	0	0	0	0	0	0	1	0	1	0	0	0	0	0	0	0	0	0	0	0	0	0	0	0	0	0	0	0	0	0	0	0	0	0	0	0	0	0	0	0	0	0	0	0	0	0	0	0	0	0	1	0	0	0	0	0	0	1	0
OTU1393	0	0	0	0	0	0	0	0	0	1	0	1	1	0	0	0	0	0	0	0	0	0	0	0	0	0	0	0	0	0	0	0	0	0	0	0	0	0	0	0	0	0	0	0	0	0	0	0	0	0	0	0	0	0	0	0	0	0	0	0	0	0	0	1	0
OTU1119	0	0	0	0	0	0	0	0	0	1	1	2	0	0	0	0	0	0	0	0	0	0	0	0	0	0	0	0	0	0	0	0	0	0	0	0	0	0	0	0	0	0	0	0	0	0	0	0	0	0	0	0	0	0	0	0	0	0	0	0	0	0	0	0	0
OTU1890	0	0	0	0	0	0	0	0	0	1	1	0	0	1	0	0	0	0	0	0	0	0	0	0	0	0	0	0	0	0	0	0	0	0	0	0	0	0	0	0	0	0	0	0	0	0	0	0	0	0	0	0	0	0	0	0	1	0	0	0	0	0	0	0	0
OTU2777	0	0	0	0	0	0	0	0	0	0	1	0	0	0	0	0	0	0	0	0	0	0	0	0	0	0	0	0	0	0	0	0	0	0	0	0	0	0	0	0	0	0	0	0	0	0	0	0	0	0	0	0	0	1	0	1	0	0	0	0	0	0	0	0	1
OTU3112	0	0	0	0	0	0	1	0	1	1	0	0	0	0	0	0	0	0	0	0	0	0	0	0	0	0	0	0	0	1	0	0	0	0	0	0	0	0	0	0	0	0	0	0	0	0	0	0	0	0	0	0	0	0	0	0	0	0	0	0	0	0	0	0	0
OTU1428	0	0	0	0	0	0	0	0	0	0	0	0	0	0	0	0	0	0	0	0	0	0	0	0	0	0	0	1	0	0	0	0	0	0	0	0	0	1	0	0	0	0	0	0	1	0	0	0	0	0	0	0	1	0	0	0	0	0	0	0	0	0	0	0	0
OTU1228	0	1	1	0	0	0	0	0	0	0	0	1	0	0	1	0	0	0	0	0	0	0	0	0	0	0	0	0	0	0	0	0	0	0	0	0	0	0	0	0	0	0	0	0	0	0	0	0	0	0	0	0	0	0	0	0	0	0	0	0	0	0	0	0	0
OTU1074	0	0	0	0	0	0	0	0	0	0	0	0	0	0	0	0	0	0	0	0	0	0	0	0	0	0	0	0	0	0	0	0	0	0	0	0	0	0	0	0	0	0	0	2	0	0	0	0	0	1	1	0	0	0	0	0	0	0	0	0	0	0	0	0	0
OTU1048	0	0	0	0	0	0	0	0	1	0	0	1	0	0	1	0	0	0	0	0	0	0	0	0	0	0	0	0	0	0	0	0	0	0	0	0	0	0	0	0	0	0	0	0	0	0	0	0	0	0	0	0	0	1	0	0	0	0	0	0	0	0	0	0	0
OTU1047	1	0	0	0	0	0	0	0	0	1	0	1	0	0	0	0	0	0	0	0	0	0	0	0	0	0	0	0	0	0	0	0	0	0	0	0	0	0	0	0	0	0	0	0	0	0	0	0	0	0	0	0	0	0	0	0	0	0	0	0	0	1	0	0	0
OTU1070	0	1	1	0	0	0	0	0	0	0	0	1	0	0	1	0	0	0	0	0	0	0	0	0	0	0	0	0	0	0	0	0	0	0	0	0	0	0	0	0	0	0	0	0	0	0	0	0	0	0	0	0	0	0	0	0	0	0	0	0	0	0	0	0	0
OTU1516	0	0	0	0	0	0	0	0	0	0	1	0	0	0	0	0	0	0	0	0	0	0	0	0	0	0	0	0	0	0	0	0	0	0	0	0	0	0	0	0	0	0	0	0	0	0	0	0	0	0	0	0	0	1	0	0	0	0	1	0	0	0	0	0	1
OTU934	0	0	1	0	0	0	0	0	0	1	0	1	1	0	0	0	0	0	0	0	0	0	0	0	0	0	0	0	0	0	0	0	0	0	0	0	0	0	0	0	0	0	0	0	0	0	0	0	0	0	0	0	0	0	0	0	0	0	0	0	0	0	0	0	0
OTU892	0	1	1	0	0	0	0	1	0	0	1	0	0	0	0	0	0	0	0	0	0	0	0	0	0	0	0	0	0	0	0	0	0	0	0	0	0	0	0	0	0	0	0	0	0	0	0	0	0	0	0	0	0	0	0	0	0	0	0	0	0	0	0	0	0
OTU1699	0	0	0	0	0	0	0	0	0	1	0	0	0	0	0	0	0	0	0	0	0	0	0	0	0	0	0	0	0	1	0	0	0	0	0	0	1	1	0	0	0	0	0	0	0	0	0	0	0	0	0	0	0	0	0	0	0	0	0	0	0	0	0	0	0
OTU1170	0	0	1	0	1	0	1	0	0	0	0	1	0	0	0	0	0	0	0	0	0	0	0	0	0	0	0	0	0	0	0	0	0	0	0	0	0	0	0	0	0	0	0	0	0	0	0	0	0	0	0	0	0	0	0	0	0	0	0	0	0	0	0	0	0
OTU966	0	0	0	0	0	0	0	0	0	0	0	1	1	0	2	0	0	0	0	0	0	0	0	0	0	0	0	0	0	0	0	0	0	0	0	0	0	0	0	0	0	0	0	0	0	0	0	0	0	0	0	0	0	0	0	0	0	0	0	0	0	0	0	0	0
OTU806	0	0	0	0	0	0	0	1	0	0	0	1	1	0	1	0	0	0	0	0	0	0	0	0	0	0	0	0	0	0	0	0	0	0	0	0	0	0	0	0	0	0	0	0	0	0	0	0	0	0	0	0	0	0	0	0	0	0	0	0	0	0	0	0	0
OTU2318	0	0	0	0	0	0	1	0	1	0	0	0	1	1	0	0	0	0	0	0	0	0	0	0	0	0	0	0	0	0	0	0	0	0	0	0	0	0	0	0	0	0	0	0	0	0	0	0	0	0	0	0	0	0	0	0	0	0	0	0	0	0	0	0	0
OTU1853	0	0	0	0	0	0	0	0	0	0	0	0	0	0	0	0	0	0	0	0	0	0	0	0	0	0	0	0	0	0	0	0	0	0	0	0	0	0	0	0	0	0	0	0	0	0	0	0	0	0	0	0	0	0	1	0	0	0	1	0	1	0	1	0	0
OTU3295	0	0	0	0	0	0	0	0	0	0	0	0	0	0	0	0	0	0	0	0	0	0	0	0	0	0	0	0	0	0	0	0	0	0	0	0	0	0	0	0	0	0	0	0	0	0	0	0	0	0	0	0	0	0	0	1	0	1	0	0	1	0	1	0	0
OTU3121	0	0	0	0	0	0	0	0	0	0	0	0	0	0	0	0	0	0	0	0	0	0	0	0	0	0	0	0	0	0	0	0	0	0	0	0	0	0	0	0	0	0	0	0	0	0	0	0	0	0	0	0	0	0	1	0	0	0	0	0	1	1	1	0	0
OTU4113	0	0	0	0	0	0	0	0	0	0	0	0	0	0	0	0	0	0	0	0	0	0	0	0	0	0	0	0	0	0	0	0	0	0	0	0	0	0	0	0	0	0	0	0	0	0	0	0	0	0	0	0	0	1	0	0	0	0	1	0	1	0	0	1	0
OTU1040	0	1	0	0	0	0	0	0	0	2	0	1	0	0	0	0	0	0	0	0	0	0	0	0	0	0	0	0	0	0	0	0	0	0	0	0	0	0	0	0	0	0	0	0	0	0	0	0	0	0	0	0	0	0	0	0	0	0	0	0	0	0	0	0	0
OTU3056	0	0	0	0	0	0	1	0	0	1	0	0	1	1	0	0	0	0	0	0	0	0	0	0	0	0	0	0	0	0	0	0	0	0	0	0	0	0	0	0	0	0	0	0	0	0	0	0	0	0	0	0	0	0	0	0	0	0	0	0	0	0	0	0	0
OTU3670	0	0	0	0	0	0	0	0	0	0	0	0	0	0	0	0	1	0	1	0	0	0	0	0	0	0	0	0	0	0	0	0	0	0	0	1	0	0	1	0	0	0	0	0	0	0	0	0	0	0	0	0	0	0	0	0	0	0	0	0	0	0	0	0	0
OTU3170	0	0	0	0	0	0	0	0	0	0	0	0	0	0	0	0	0	0	0	0	0	0	0	0	0	0	0	0	0	0	0	0	0	0	0	0	0	0	0	0	0	0	0	0	0	0	0	0	0	0	0	0	0	0	0	0	1	1	1	0	0	0	0	1	0
OTU1762	0	0	0	0	0	0	0	0	0	0	0	0	0	0	0	0	0	0	0	0	0	0	0	0	0	0	0	0	0	0	0	0	0	0	0	0	0	0	0	0	0	0	0	0	0	0	0	0	0	0	0	0	0	0	0	0	0	1	0	0	1	0	1	0	1
OTU889	0	0	0	0	0	0	0	0	0	2	0	1	0	1	0	0	0	0	0	0	0	0	0	0	0	0	0	0	0	0	0	0	0	0	0	0	0	0	0	0	0	0	0	0	0	0	0	0	0	0	0	0	0	0	0	0	0	0	0	0	0	0	0	0	0
OTU2474	0	0	0	0	0	0	0	0	0	0	0	0	0	0	0	0	0	0	0	0	0	0	0	0	0	0	0	0	0	0	0	0	0	0	0	0	0	0	0	0	0	0	0	0	0	0	0	0	0	0	0	0	0	0	1	0	1	0	0	0	0	1	1	0	0
OTU3396	0	0	0	0	0	0	0	0	0	0	0	0	0	0	0	0	0	0	0	0	0	0	0	0	0	0	0	0	0	0	0	0	0	0	0	0	0	0	0	0	0	0	0	0	0	0	0	0	0	0	0	0	0	1	0	0	0	0	1	0	0	1	0	1	0
OTU1325	1	0	0	0	1	0	0	0	0	0	0	0	0	1	1	0	0	0	0	0	0	0	0	0	0	0	0	0	0	0	0	0	0	0	0	0	0	0	0	0	0	0	0	0	0	0	0	0	0	0	0	0	0	0	0	0	0	0	0	0	0	0	0	0	0
OTU4614	0	0	0	0	0	0	0	0	0	0	0	0	0	0	0	0	0	0	0	0	0	0	0	0	0	0	0	0	0	0	0	0	0	0	0	0	0	0	0	0	0	0	0	0	0	0	0	0	0	0	0	0	0	0	1	0	0	0	1	0	0	0	0	1	1
OTU931	0	1	0	0	0	0	0	1	0	0	1	0	0	0	1	0	0	0	0	0	0	0	0	0	0	0	0	0	0	0	0	0	0	0	0	0	0	0	0	0	0	0	0	0	0	0	0	0	0	0	0	0	0	0	0	0	0	0	0	0	0	0	0	0	0
OTU1167	0	0	0	0	1	0	0	0	0	1	1	1	0	0	0	0	0	0	0	0	0	0	0	0	0	0	0	0	0	0	0	0	0	0	0	0	0	0	0	0	0	0	0	0	0	0	0	0	0	0	0	0	0	0	0	0	0	0	0	0	0	0	0	0	0
OTU869	0	0	0	0	0	1	0	0	0	1	0	0	1	1	0	0	0	0	0	0	0	0	0	0	0	0	0	0	0	0	0	0	0	0	0	0	0	0	0	0	0	0	0	0	0	0	0	0	0	0	0	0	0	0	0	0	0	0	0	0	0	0	0	0	0
OTU1317	0	0	0	0	0	0	0	0	0	0	0	0	0	0	0	1	1	0	0	0	1	0	0	0	0	0	0	0	0	0	0	0	0	0	0	0	0	0	0	0	0	0	0	0	0	0	0	0	0	0	0	0	0	0	1	0	0	0	0	0	0	0	0	0	0
OTU2592	0	0	0	0	0	0	0	0	0	0	0	0	0	0	0	0	0	0	0	0	0	0	0	0	0	0	0	0	0	0	0	0	0	0	0	0	0	0	0	0	0	0	0	0	0	0	0	0	0	0	0	0	0	0	1	0	0	0	1	0	0	1	1	0	0
OTU2723	0	0	0	0	0	0	0	0	0	0	0	0	0	0	0	0	0	0	0	0	0	1	1	0	0	0	0	0	0	0	0	0	0	0	0	0	0	0	0	0	0	0	0	0	0	0	0	0	0	0	0	0	0	0	0	0	0	1	0	0	0	0	1	0	0
OTU2039	0	0	0	0	0	0	0	0	0	0	0	0	0	0	0	0	0	0	0	0	0	0	0	0	0	0	0	0	0	0	0	0	0	0	0	0	0	0	0	0	0	0	0	0	0	0	0	0	0	0	0	0	0	1	0	1	1	1	0	0	0	0	0	0	0
OTU1832	0	1	0	0	0	1	0	0	0	1	1	0	0	0	0	0	0	0	0	0	0	0	0	0	0	0	0	0	0	0	0	0	0	0	0	0	0	0	0	0	0	0	0	0	0	0	0	0	0	0	0	0	0	0	0	0	0	0	0	0	0	0	0	0	0
OTU2012	0	0	0	0	0	0	0	0	0	0	0	0	0	0	0	0	0	0	0	0	0	0	0	0	0	0	0	0	0	0	0	0	0	0	0	0	0	0	0	0	0	0	0	0	0	0	0	0	0	0	0	0	0	1	0	0	0	0	1	0	0	1	1	0	0
OTU1709	0	0	0	0	0	0	0	0	0	1	2	1	0	0	0	0	0	0	0	0	0	0	0	0	0	0	0	0	0	0	0	0	0	0	0	0	0	0	0	0	0	0	0	0	0	0	0	0	0	0	0	0	0	0	0	0	0	0	0	0	0	0	0	0	0
OTU1409	0	0	0	0	0	1	0	0	0	0	0	0	2	1	0	0	0	0	0	0	0	0	0	0	0	0	0	0	0	0	0	0	0	0	0	0	0	0	0	0	0	0	0	0	0	0	0	0	0	0	0	0	0	0	0	0	0	0	0	0	0	0	0	0	0
OTU1534	0	0	0	0	0	0	0	0	0	0	0	0	0	0	0	0	0	0	0	0	0	0	0	0	0	0	0	0	0	0	0	0	0	0	0	0	0	0	0	0	0	0	0	0	0	0	0	0	0	0	0	0	0	0	0	1	0	0	0	0	0	0	1	1	1
OTU1186	0	0	1	0	0	0	0	0	0	1	0	1	1	0	0	0	0	0	0	0	0	0	0	0	0	0	0	0	0	0	0	0	0	0	0	0	0	0	0	0	0	0	0	0	0	0	0	0	0	0	0	0	0	0	0	0	0	0	0	0	0	0	0	0	0
OTU1766	0	0	0	0	0	0	0	0	0	0	0	0	0	0	0	0	0	0	0	0	0	0	0	0	0	0	0	0	0	0	0	0	0	0	0	0	0	0	0	0	0	0	0	0	0	0	0	0	0	0	0	0	0	0	0	1	0	1	1	0	0	0	0	1	0
OTU3028	0	0	0	0	0	0	0	0	0	1	0	0	1	1	1	0	0	0	0	0	0	0	0	0	0	0	0	0	0	0	0	0	0	0	0	0	0	0	0	0	0	0	0	0	0	0	0	0	0	0	0	0	0	0	0	0	0	0	0	0	0	0	0	0	0
OTU2255	0	0	0	0	0	0	0	0	0	0	0	0	0	0	0	0	0	0	0	1	1	1	0	1	0	0	0	0	0	0	0	0	0	0	0	0	0	0	0	0	0	0	0	0	0	0	0	0	0	0	0	0	0	0	0	0	0	0	0	0	0	0	0	0	0
OTU3974	0	0	0	0	0	0	0	0	0	0	0	0	0	0	0	0	0	0	0	0	0	0	0	0	0	0	0	0	1	0	0	1	0	0	1	0	0	1	0	0	0	0	0	0	0	0	0	0	0	0	0	0	0	0	0	0	0	0	0	0	0	0	0	0	0
OTU2047	0	0	0	0	0	0	0	0	0	0	0	0	0	0	0	0	0	0	0	0	0	0	0	0	0	1	1	0	0	0	0	0	1	0	1	0	0	0	0	0	0	0	0	0	0	0	0	0	0	0	0	0	0	0	0	0	0	0	0	0	0	0	0	0	0
OTU1179	0	0	0	0	0	0	0	0	0	0	0	0	0	0	0	0	0	0	2	1	1	0	0	0	0	0	0	0	0	0	0	0	0	0	0	0	0	0	0	0	0	0	0	0	0	0	0	0	0	0	0	0	0	0	0	0	0	0	0	0	0	0	0	0	0
OTU1251	0	0	0	0	0	0	0	0	0	0	0	0	0	0	0	0	0	0	0	0	0	0	0	0	0	1	0	0	0	0	0	1	0	1	1	0	0	0	0	0	0	0	0	0	0	0	0	0	0	0	0	0	0	0	0	0	0	0	0	0	0	0	0	0	0
OTU2679	0	0	0	0	0	0	0	0	0	0	0	0	0	0	0	0	0	0	0	0	0	0	0	0	0	0	0	1	0	1	1	0	0	0	0	0	0	1	0	0	0	0	0	0	0	0	0	0	0	0	0	0	0	0	0	0	0	0	0	0	0	0	0	0	0
OTU1033	0	0	0	0	0	0	0	0	0	0	0	0	0	0	0	0	0	0	0	1	2	0	0	1	0	0	0	0	0	0	0	0	0	0	0	0	0	0	0	0	0	0	0	0	0	0	0	0	0	0	0	0	0	0	0	0	0	0	0	0	0	0	0	0	0
OTU2423	0	0	0	0	0	0	0	0	0	0	0	0	0	0	0	0	0	0	0	0	0	0	0	0	0	0	0	0	0	0	0	0	0	0	0	0	0	0	0	0	0	0	0	0	0	0	0	0	0	0	0	0	0	0	0	0	0	1	1	0	0	0	1	1	0
OTU1967	0	0	0	0	0	0	0	0	0	1	0	0	1	1	1	0	0	0	0	0	0	0	0	0	0	0	0	0	0	0	0	0	0	0	0	0	0	0	0	0	0	0	0	0	0	0	0	0	0	0	0	0	0	0	0	0	0	0	0	0	0	0	0	0	0
OTU4885	0	0	0	0	0	0	0	0	0	0	0	0	0	0	0	0	1	0	1	1	0	0	0	1	0	0	0	0	0	0	0	0	0	0	0	0	0	0	0	0	0	0	0	0	0	0	0	0	0	0	0	0	0	0	0	0	0	0	0	0	0	0	0	0	0
OTU1367	0	0	0	0	0	0	0	0	0	0	0	0	0	0	0	0	0	0	2	0	2	0	0	0	0	0	0	0	0	0	0	0	0	0	0	0	0	0	0	0	0	0	0	0	0	0	0	0	0	0	0	0	0	0	0	0	0	0	0	0	0	0	0	0	0
OTU1471	0	0	0	0	0	0	0	0	0	0	0	0	0	0	0	0	0	0	1	0	2	0	1	0	0	0	0	0	0	0	0	0	0	0	0	0	0	0	0	0	0	0	0	0	0	0	0	0	0	0	0	0	0	0	0	0	0	0	0	0	0	0	0	0	0
OTU2949	0	0	0	0	0	0	0	0	0	0	0	0	0	0	0	0	0	0	1	2	1	0	0	0	0	0	0	0	0	0	0	0	0	0	0	0	0	0	0	0	0	0	0	0	0	0	0	0	0	0	0	0	0	0	0	0	0	0	0	0	0	0	0	0	0
OTU3089	0	0	0	0	0	0	0	0	0	0	0	0	0	0	0	1	0	0	0	1	2	0	0	0	0	0	0	0	0	0	0	0	0	0	0	0	0	0	0	0	0	0	0	0	0	0	0	0	0	0	0	0	0	0	0	0	0	0	0	0	0	0	0	0	0
OTU1284	0	0	0	0	0	0	0	0	0	0	0	0	0	0	0	1	1	1	0	0	0	1	0	0	0	0	0	0	0	0	0	0	0	0	0	0	0	0	0	0	0	0	0	0	0	0	0	0	0	0	0	0	0	0	0	0	0	0	0	0	0	0	0	0	0
OTU1021	0	0	0	0	0	0	0	0	0	0	0	0	0	0	0	0	0	0	0	1	1	1	0	1	0	0	0	0	0	0	0	0	0	0	0	0	0	0	0	0	0	0	0	0	0	0	0	0	0	0	0	0	0	0	0	0	0	0	0	0	0	0	0	0	0
OTU2239	0	0	0	0	0	0	0	0	0	0	0	0	0	0	0	0	0	0	0	0	0	0	0	0	0	0	0	0	0	0	0	0	0	0	0	0	0	0	0	0	0	1	0	1	0	0	0	1	0	1	0	0	0	0	0	0	0	0	0	0	0	0	0	0	0
OTU5342	0	0	0	0	0	0	0	0	0	0	0	0	0	0	0	0	0	0	0	0	0	0	0	0	0	0	0	1	0	0	1	0	1	0	0	0	0	0	1	0	0	0	0	0	0	0	0	0	0	0	0	0	0	0	0	0	0	0	0	0	0	0	0	0	0
OTU3009	0	0	0	0	0	0	0	0	0	0	0	0	0	0	0	1	0	0	2	1	0	0	0	0	0	0	0	0	0	0	0	0	0	0	0	0	0	0	0	0	0	0	0	0	0	0	0	0	0	0	0	0	0	0	0	0	0	0	0	0	0	0	0	0	0
OTU4259	0	0	0	0	0	0	0	0	0	0	0	0	0	0	0	0	0	0	0	0	0	0	0	0	0	0	0	0	0	0	0	0	0	0	0	0	0	0	0	2	0	1	0	1	0	0	0	0	0	0	0	0	0	0	0	0	0	0	0	0	0	0	0	0	0
OTU1865	0	0	0	0	0	0	0	0	0	0	0	0	0	0	0	0	0	0	0	0	0	0	0	0	0	0	0	0	0	0	0	0	0	0	0	0	0	0	0	0	0	0	0	1	0	0	0	1	1	0	0	1	0	0	0	0	0	0	0	0	0	0	0	0	0
OTU1096	0	0	0	0	0	0	0	0	0	0	0	0	0	0	0	0	0	0	0	0	0	0	0	0	0	0	0	0	0	0	0	0	0	0	0	0	0	0	0	0	0	2	1	0	0	0	0	0	0	1	0	0	0	0	0	0	0	0	0	0	0	0	0	0	0
OTU1568	0	0	0	0	0	0	0	0	0	0	0	0	0	0	0	2	1	0	0	0	1	0	0	0	0	0	0	0	0	0	0	0	0	0	0	0	0	0	0	0	0	0	0	0	0	0	0	0	0	0	0	0	0	0	0	0	0	0	0	0	0	0	0	0	0
OTU1440	0	0	0	0	0	0	0	0	0	0	0	0	0	0	0	0	0	1	1	1	0	1	0	0	0	0	0	0	0	0	0	0	0	0	0	0	0	0	0	0	0	0	0	0	0	0	0	0	0	0	0	0	0	0	0	0	0	0	0	0	0	0	0	0	0
OTU2538	0	0	0	0	0	0	0	0	0	0	0	0	0	0	0	1	1	1	1	0	0	0	0	0	0	0	0	0	0	0	0	0	0	0	0	0	0	0	0	0	0	0	0	0	0	0	0	0	0	0	0	0	0	0	0	0	0	0	0	0	0	0	0	0	0
OTU1012	0	0	0	0	0	0	0	0	0	0	0	0	0	0	0	1	0	0	0	0	0	2	1	0	0	0	0	0	0	0	0	0	0	0	0	0	0	0	0	0	0	0	0	0	0	0	0	0	0	0	0	0	0	0	0	0	0	0	0	0	0	0	0	0	0
OTU3401	0	0	0	0	0	0	0	0	0	0	0	0	0	0	0	0	0	0	0	0	0	1	2	1	0	0	0	0	0	0	0	0	0	0	0	0	0	0	0	0	0	0	0	0	0	0	0	0	0	0	0	0	0	0	0	0	0	0	0	0	0	0	0	0	0
OTU1280	0	0	0	0	0	0	0	0	0	0	0	0	0	0	0	0	0	0	0	0	0	0	0	0	0	0	0	0	0	0	0	0	0	0	0	0	0	0	0	0	1	0	0	0	0	1	1	0	1	0	0	0	0	0	0	0	0	0	0	0	0	0	0	0	0
OTU3586	0	0	0	0	0	0	0	0	0	0	0	0	0	0	0	0	0	0	1	1	1	0	0	1	0	0	0	0	0	0	0	0	0	0	0	0	0	0	0	0	0	0	0	0	0	0	0	0	0	0	0	0	0	0	0	0	0	0	0	0	0	0	0	0	0
OTU1290	0	0	0	0	0	0	0	0	0	0	0	1	0	0	0	0	0	0	0	0	0	0	0	0	0	0	0	0	0	0	0	0	0	0	0	0	0	0	0	0	0	0	0	0	0	0	0	0	0	0	0	0	0	0	1	1	0	0	0	0	0	0	0	0	0
OTU2569	0	0	0	0	0	0	0	0	0	0	0	1	0	0	0	0	0	0	0	0	0	0	0	0	0	0	0	0	0	0	0	0	0	0	0	0	0	0	0	0	0	0	0	0	0	0	0	0	0	0	0	0	0	0	1	0	0	0	1	0	0	0	0	0	0
OTU1124	0	0	1	0	0	0	0	1	0	0	0	0	0	0	0	0	0	0	0	0	0	0	0	0	0	0	0	0	0	0	0	0	0	0	0	0	0	0	0	0	0	0	0	0	1	0	0	0	0	0	0	0	0	0	0	0	0	0	0	0	0	0	0	0	0
OTU1112	0	0	0	0	0	0	0	0	0	0	0	0	0	0	0	0	0	0	0	0	0	1	0	1	0	0	0	0	0	0	0	0	1	0	0	0	0	0	0	0	0	0	0	0	0	0	0	0	0	0	0	0	0	0	0	0	0	0	0	0	0	0	0	0	0
OTU1551	0	0	0	0	0	0	0	0	0	0	0	0	0	1	1	0	0	0	0	0	0	0	0	0	0	0	0	0	0	0	0	0	0	0	0	0	0	0	0	0	0	0	0	0	0	0	0	0	0	0	0	0	0	0	0	0	0	1	0	0	0	0	0	0	0
OTU1671	0	0	0	0	0	0	0	0	1	0	0	0	0	0	0	0	0	0	0	0	0	0	0	0	0	0	0	0	0	0	0	0	0	0	0	0	0	0	0	0	0	0	0	0	0	0	0	0	0	0	0	0	0	0	0	0	1	1	0	0	0	0	0	0	0
OTU1629	0	0	0	0	0	0	0	0	0	0	0	1	1	0	0	0	0	0	0	0	0	0	0	0	0	0	0	0	0	0	0	0	0	0	0	0	0	0	0	0	0	0	0	0	0	0	0	0	1	0	0	0	0	0	0	0	0	0	0	0	0	0	0	0	0
OTU1207	0	0	0	0	0	0	0	0	0	0	0	0	1	1	0	0	0	0	0	0	0	0	0	0	0	0	0	0	0	0	0	0	0	0	0	0	0	0	0	0	0	1	0	0	0	0	0	0	0	0	0	0	0	0	0	0	0	0	0	0	0	0	0	0	0
OTU3379	0	0	0	0	0	0	0	0	0	0	0	0	0	0	0	0	0	0	0	0	0	0	0	0	0	1	2	0	0	0	0	0	0	0	0	0	0	0	0	0	0	0	0	0	0	0	0	0	0	0	0	0	0	0	0	0	0	0	0	0	0	0	0	0	0
OTU1269	0	0	0	0	0	0	0	0	0	0	1	0	0	0	0	0	0	0	0	0	0	0	0	0	0	0	0	0	0	0	0	0	0	0	0	0	0	0	0	0	0	0	0	0	0	0	0	0	0	0	0	0	0	0	0	0	0	0	1	0	0	0	1	0	0
OTU4733	0	1	0	0	0	0	0	0	0	0	1	0	0	1	0	0	0	0	0	0	0	0	0	0	0	0	0	0	0	0	0	0	0	0	0	0	0	0	0	0	0	0	0	0	0	0	0	0	0	0	0	0	0	0	0	0	0	0	0	0	0	0	0	0	0
OTU1678	0	0	0	0	0	0	0	0	0	0	0	0	0	1	1	0	0	0	0	0	0	0	0	0	0	0	0	0	0	0	0	0	0	0	0	0	0	0	0	0	0	0	0	0	0	0	0	0	0	0	0	0	0	0	0	1	0	0	0	0	0	0	0	0	0
OTU1142	0	0	0	0	0	0	0	0	0	0	0	0	0	1	0	0	0	0	0	0	0	0	0	0	0	0	0	0	0	0	0	0	0	0	0	0	0	0	0	0	0	0	0	0	0	0	0	0	0	0	0	0	0	0	0	0	0	0	0	1	0	0	1	0	0
OTU3272	0	0	0	0	0	0	0	0	0	0	0	0	0	0	0	0	0	0	0	0	0	0	0	0	0	0	0	0	0	0	0	0	0	0	0	0	0	0	0	0	0	0	0	0	0	0	0	0	0	0	0	0	0	1	0	1	0	1	0	0	0	0	0	0	0
OTU1006	1	0	0	0	0	0	0	0	0	1	0	1	0	0	0	0	0	0	0	0	0	0	0	0	0	0	0	0	0	0	0	0	0	0	0	0	0	0	0	0	0	0	0	0	0	0	0	0	0	0	0	0	0	0	0	0	0	0	0	0	0	0	0	0	0
OTU939	0	0	1	0	0	0	0	1	0	0	0	1	0	0	0	0	0	0	0	0	0	0	0	0	0	0	0	0	0	0	0	0	0	0	0	0	0	0	0	0	0	0	0	0	0	0	0	0	0	0	0	0	0	0	0	0	0	0	0	0	0	0	0	0	0
OTU1431	1	0	0	0	0	0	0	1	0	0	0	0	0	0	0	0	0	0	0	0	0	0	0	0	0	0	0	0	0	0	0	0	0	0	0	0	0	0	0	0	0	0	0	0	0	0	0	0	0	0	0	0	0	0	0	0	0	1	0	0	0	0	0	0	0
OTU1211	0	0	0	0	0	0	1	0	0	1	0	1	0	0	0	0	0	0	0	0	0	0	0	0	0	0	0	0	0	0	0	0	0	0	0	0	0	0	0	0	0	0	0	0	0	0	0	0	0	0	0	0	0	0	0	0	0	0	0	0	0	0	0	0	0
OTU981	0	0	1	0	0	0	0	1	0	0	1	0	0	0	0	0	0	0	0	0	0	0	0	0	0	0	0	0	0	0	0	0	0	0	0	0	0	0	0	0	0	0	0	0	0	0	0	0	0	0	0	0	0	0	0	0	0	0	0	0	0	0	0	0	0
OTU1046	0	0	0	0	0	0	0	0	0	1	0	1	0	1	0	0	0	0	0	0	0	0	0	0	0	0	0	0	0	0	0	0	0	0	0	0	0	0	0	0	0	0	0	0	0	0	0	0	0	0	0	0	0	0	0	0	0	0	0	0	0	0	0	0	0
OTU2341	0	0	0	0	0	0	0	0	0	0	0	0	0	0	0	0	0	0	0	0	0	0	0	0	0	0	0	0	0	0	0	0	0	0	0	0	0	0	0	0	0	0	0	0	0	0	0	0	0	0	0	0	0	1	1	0	0	0	0	0	0	1	0	0	0
OTU2393	0	0	0	0	0	0	0	0	0	2	0	0	0	0	1	0	0	0	0	0	0	0	0	0	0	0	0	0	0	0	0	0	0	0	0	0	0	0	0	0	0	0	0	0	0	0	0	0	0	0	0	0	0	0	0	0	0	0	0	0	0	0	0	0	0
OTU3925	1	0	0	0	0	0	0	0	0	0	0	0	0	0	0	0	0	0	0	0	0	0	0	0	1	1	0	0	0	0	0	0	0	0	0	0	0	0	0	0	0	0	0	0	0	0	0	0	0	0	0	0	0	0	0	0	0	0	0	0	0	0	0	0	0
OTU4039	0	0	0	0	0	0	0	0	0	0	0	0	0	0	0	0	0	0	0	0	0	0	0	0	0	0	0	0	0	0	0	0	0	0	0	0	0	0	0	0	0	0	0	0	0	0	0	0	0	0	0	0	0	0	1	0	0	0	0	0	0	0	0	1	1
OTU1547	0	0	0	0	0	0	0	0	0	1	0	0	1	0	1	0	0	0	0	0	0	0	0	0	0	0	0	0	0	0	0	0	0	0	0	0	0	0	0	0	0	0	0	0	0	0	0	0	0	0	0	0	0	0	0	0	0	0	0	0	0	0	0	0	0
OTU1316	0	0	0	0	1	0	0	0	0	0	0	0	1	0	1	0	0	0	0	0	0	0	0	0	0	0	0	0	0	0	0	0	0	0	0	0	0	0	0	0	0	0	0	0	0	0	0	0	0	0	0	0	0	0	0	0	0	0	0	0	0	0	0	0	0
OTU2067	1	0	1	0	0	0	0	0	0	0	0	0	0	0	0	0	0	0	0	0	0	0	0	0	0	0	0	0	0	0	0	0	0	0	0	0	0	0	0	0	0	0	0	0	0	0	0	0	0	0	0	0	0	0	0	0	0	0	0	1	0	0	0	0	0
OTU1083	0	0	0	0	0	0	0	0	0	1	0	0	0	1	1	0	0	0	0	0	0	0	0	0	0	0	0	0	0	0	0	0	0	0	0	0	0	0	0	0	0	0	0	0	0	0	0	0	0	0	0	0	0	0	0	0	0	0	0	0	0	0	0	0	0
OTU2671	0	0	0	0	0	0	0	0	0	0	0	0	0	0	0	0	0	0	0	0	0	0	0	0	0	0	0	0	0	0	0	0	0	0	0	0	0	0	0	0	0	0	0	0	0	0	0	0	0	0	0	0	0	1	0	0	0	0	0	0	0	1	0	0	1
OTU2428	0	0	0	0	0	0	0	0	0	0	0	0	0	0	0	0	0	0	0	0	0	0	0	0	0	0	0	0	0	0	0	0	0	0	0	0	0	0	0	0	0	0	0	0	0	0	0	0	0	0	0	0	0	0	1	0	1	0	0	0	0	0	0	1	0
OTU1164	0	0	0	0	0	0	1	0	0	0	1	1	0	0	0	0	0	0	0	0	0	0	0	0	0	0	0	0	0	0	0	0	0	0	0	0	0	0	0	0	0	0	0	0	0	0	0	0	0	0	0	0	0	0	0	0	0	0	0	0	0	0	0	0	0
OTU1055	0	0	0	0	0	0	0	0	0	0	2	0	0	1	0	0	0	0	0	0	0	0	0	0	0	0	0	0	0	0	0	0	0	0	0	0	0	0	0	0	0	0	0	0	0	0	0	0	0	0	0	0	0	0	0	0	0	0	0	0	0	0	0	0	0
OTU1053	0	0	0	0	0	0	0	0	0	1	0	1	0	0	0	0	0	0	0	0	0	0	0	0	0	0	0	0	0	0	0	0	0	0	0	0	0	0	0	0	0	0	0	0	0	0	0	0	0	0	0	0	0	0	0	0	0	0	0	1	0	0	0	0	0
OTU3475	0	0	0	0	0	0	0	0	0	0	0	0	0	0	0	0	0	0	0	0	0	0	0	0	0	0	0	0	0	0	0	0	0	0	0	0	0	0	0	0	0	0	0	0	0	0	0	0	0	0	0	0	0	0	1	0	1	0	1	0	0	0	0	0	0
OTU898	0	0	1	0	1	1	0	0	0	0	0	0	0	0	0	0	0	0	0	0	0	0	0	0	0	0	0	0	0	0	0	0	0	0	0	0	0	0	0	0	0	0	0	0	0	0	0	0	0	0	0	0	0	0	0	0	0	0	0	0	0	0	0	0	0
OTU2924	0	0	0	0	0	0	0	0	0	0	0	0	0	0	0	0	0	0	0	0	0	0	0	0	0	0	0	0	0	0	0	0	0	0	0	0	0	0	0	0	0	0	0	0	0	0	0	0	0	0	0	0	0	0	0	0	0	1	1	0	0	0	0	0	1
OTU3384	0	0	0	0	0	0	0	0	0	0	0	0	0	0	0	0	0	0	0	0	0	0	0	0	0	0	0	0	0	0	0	0	0	0	0	0	0	0	0	0	0	0	0	0	0	0	0	0	0	0	0	0	0	0	0	0	1	0	1	0	0	0	0	0	1
OTU825	0	0	1	0	0	0	0	0	0	0	0	1	0	0	1	0	0	0	0	0	0	0	0	0	0	0	0	0	0	0	0	0	0	0	0	0	0	0	0	0	0	0	0	0	0	0	0	0	0	0	0	0	0	0	0	0	0	0	0	0	0	0	0	0	0
OTU2006	0	0	0	0	0	0	0	0	0	0	0	0	0	0	1	0	1	0	0	0	0	0	1	0	0	0	0	0	0	0	0	0	0	0	0	0	0	0	0	0	0	0	0	0	0	0	0	0	0	0	0	0	0	0	0	0	0	0	0	0	0	0	0	0	0
OTU2568	0	0	0	0	0	0	0	1	0	0	0	0	0	0	0	0	0	0	0	0	0	0	0	0	0	0	0	0	0	0	0	0	0	0	0	0	0	0	0	0	0	0	1	1	0	0	0	0	0	0	0	0	0	0	0	0	0	0	0	0	0	0	0	0	0
OTU2484	0	0	0	0	0	0	0	0	0	0	0	0	0	0	0	0	0	0	0	0	0	0	0	0	0	0	0	0	0	0	0	0	0	0	0	0	0	0	0	0	0	0	0	0	0	0	0	0	0	0	0	0	0	0	0	0	1	0	0	0	0	1	0	0	1
OTU2106	0	0	0	0	0	0	0	0	0	0	0	0	0	0	0	0	0	0	0	0	0	0	0	0	0	0	0	0	0	0	0	0	0	0	0	0	0	0	0	0	0	0	0	0	0	0	0	0	0	0	0	0	0	0	0	0	1	0	0	0	1	0	0	1	0
OTU3985	0	0	0	0	0	0	0	0	0	0	0	0	0	0	0	0	0	0	0	0	0	0	0	0	0	0	0	0	0	0	0	0	0	0	0	0	0	0	0	0	0	0	0	0	0	0	0	0	0	0	0	0	0	0	0	0	1	0	1	0	0	0	0	1	0
OTU3583	0	0	0	0	0	0	0	0	0	0	0	0	0	0	0	0	0	0	0	0	0	0	0	0	0	0	0	0	0	0	0	0	0	0	0	0	0	0	0	0	0	0	0	0	0	0	0	0	0	0	0	0	0	0	0	0	1	0	1	0	0	1	0	0	0
OTU1506	0	0	0	0	0	0	0	0	0	0	0	0	0	0	0	0	0	0	0	0	0	0	0	0	0	0	0	0	0	0	0	0	0	0	0	0	0	0	0	0	0	0	0	0	0	0	0	0	0	0	0	0	0	0	0	0	1	0	1	0	1	0	0	0	0
OTU3434	0	0	0	0	0	0	0	0	0	0	0	0	0	0	0	0	0	0	0	0	0	0	0	0	0	0	0	0	0	0	0	0	0	0	0	0	0	0	0	0	0	0	0	0	0	0	0	0	0	0	0	0	0	0	0	1	0	0	1	1	0	0	0	0	0
OTU1637	0	0	0	0	0	0	0	0	0	0	0	0	0	0	0	0	0	0	0	0	0	0	0	0	0	0	0	0	0	0	0	0	0	0	0	0	0	0	0	0	0	0	0	0	0	0	0	0	0	0	0	0	0	1	0	0	0	0	0	0	1	0	0	1	0
OTU1059	0	1	1	0	0	0	0	0	0	0	0	1	0	0	0	0	0	0	0	0	0	0	0	0	0	0	0	0	0	0	0	0	0	0	0	0	0	0	0	0	0	0	0	0	0	0	0	0	0	0	0	0	0	0	0	0	0	0	0	0	0	0	0	0	0
OTU1643	0	0	0	0	0	0	0	0	1	1	0	0	1	0	0	0	0	0	0	0	0	0	0	0	0	0	0	0	0	0	0	0	0	0	0	0	0	0	0	0	0	0	0	0	0	0	0	0	0	0	0	0	0	0	0	0	0	0	0	0	0	0	0	0	0
OTU911	0	0	0	0	1	1	0	0	0	0	0	0	0	0	1	0	0	0	0	0	0	0	0	0	0	0	0	0	0	0	0	0	0	0	0	0	0	0	0	0	0	0	0	0	0	0	0	0	0	0	0	0	0	0	0	0	0	0	0	0	0	0	0	0	0
OTU780	0	0	0	0	0	0	0	0	0	0	0	0	0	0	0	0	0	0	0	0	0	0	1	2	0	0	0	0	0	0	0	0	0	0	0	0	0	0	0	0	0	0	0	0	0	0	0	0	0	0	0	0	0	0	0	0	0	0	0	0	0	0	0	0	0
OTU2132	0	0	1	0	0	0	0	0	0	0	0	1	1	0	0	0	0	0	0	0	0	0	0	0	0	0	0	0	0	0	0	0	0	0	0	0	0	0	0	0	0	0	0	0	0	0	0	0	0	0	0	0	0	0	0	0	0	0	0	0	0	0	0	0	0
OTU921	0	0	0	0	0	0	0	0	0	0	1	0	1	0	1	0	0	0	0	0	0	0	0	0	0	0	0	0	0	0	0	0	0	0	0	0	0	0	0	0	0	0	0	0	0	0	0	0	0	0	0	0	0	0	0	0	0	0	0	0	0	0	0	0	0
OTU1072	0	0	1	0	0	0	1	0	0	1	0	0	0	0	0	0	0	0	0	0	0	0	0	0	0	0	0	0	0	0	0	0	0	0	0	0	0	0	0	0	0	0	0	0	0	0	0	0	0	0	0	0	0	0	0	0	0	0	0	0	0	0	0	0	0
OTU970	0	0	0	0	0	1	0	0	0	0	0	1	0	0	1	0	0	0	0	0	0	0	0	0	0	0	0	0	0	0	0	0	0	0	0	0	0	0	0	0	0	0	0	0	0	0	0	0	0	0	0	0	0	0	0	0	0	0	0	0	0	0	0	0	0
OTU5362	1	0	0	0	0	0	0	0	0	1	0	1	0	0	0	0	0	0	0	0	0	0	0	0	0	0	0	0	0	0	0	0	0	0	0	0	0	0	0	0	0	0	0	0	0	0	0	0	0	0	0	0	0	0	0	0	0	0	0	0	0	0	0	0	0
OTU4051	0	0	0	0	1	0	0	0	0	0	0	0	1	0	0	0	0	0	0	0	0	0	0	0	0	0	0	0	0	0	0	0	0	0	0	0	0	0	0	0	0	0	0	0	0	0	0	0	0	0	0	0	0	0	0	0	0	0	0	0	0	0	0	0	1
OTU2400	0	0	1	1	0	0	0	0	0	0	0	0	1	0	0	0	0	0	0	0	0	0	0	0	0	0	0	0	0	0	0	0	0	0	0	0	0	0	0	0	0	0	0	0	0	0	0	0	0	0	0	0	0	0	0	0	0	0	0	0	0	0	0	0	0
OTU790	0	0	0	0	0	0	0	0	0	1	1	1	0	0	0	0	0	0	0	0	0	0	0	0	0	0	0	0	0	0	0	0	0	0	0	0	0	0	0	0	0	0	0	0	0	0	0	0	0	0	0	0	0	0	0	0	0	0	0	0	0	0	0	0	0
OTU1433	0	0	0	0	0	0	0	0	0	0	0	0	0	0	0	0	0	0	0	0	0	0	0	0	0	0	0	0	0	0	0	0	0	0	0	0	0	0	0	0	0	0	0	0	0	0	0	0	0	0	0	0	0	0	0	0	0	0	0	0	0	1	1	0	1
OTU1875	0	0	0	0	0	0	0	0	0	0	0	0	0	0	0	0	0	0	0	0	0	0	0	0	0	0	0	0	0	0	0	0	0	0	0	0	0	0	0	0	0	0	0	0	0	0	0	0	0	0	0	0	0	1	0	0	1	0	0	0	0	0	0	1	0
OTU4814	0	0	0	0	0	0	0	0	0	0	0	0	0	0	0	0	0	0	0	0	0	0	0	0	0	0	0	0	0	0	0	0	0	0	0	0	0	0	0	0	0	0	0	0	0	0	0	0	0	0	0	0	0	0	0	0	1	1	0	0	0	1	0	0	0
OTU2959	0	0	0	0	0	0	0	0	0	0	0	0	0	0	0	0	0	0	0	0	0	0	0	0	0	0	0	0	0	0	0	0	0	0	0	0	0	0	0	0	0	0	0	0	0	0	0	0	0	0	0	0	0	1	0	0	0	0	0	1	0	0	1	0	0
OTU3980	0	0	0	0	0	0	0	0	0	0	0	0	1	1	1	0	0	0	0	0	0	0	0	0	0	0	0	0	0	0	0	0	0	0	0	0	0	0	0	0	0	0	0	0	0	0	0	0	0	0	0	0	0	0	0	0	0	0	0	0	0	0	0	0	0
OTU1836	0	0	0	0	0	0	0	0	0	1	1	1	0	0	0	0	0	0	0	0	0	0	0	0	0	0	0	0	0	0	0	0	0	0	0	0	0	0	0	0	0	0	0	0	0	0	0	0	0	0	0	0	0	0	0	0	0	0	0	0	0	0	0	0	0
OTU3943	0	0	0	0	0	0	1	1	0	0	0	1	0	0	0	0	0	0	0	0	0	0	0	0	0	0	0	0	0	0	0	0	0	0	0	0	0	0	0	0	0	0	0	0	0	0	0	0	0	0	0	0	0	0	0	0	0	0	0	0	0	0	0	0	0
OTU1620	0	0	0	0	0	0	0	0	0	0	0	0	0	0	0	0	0	0	0	0	0	0	1	0	0	0	0	0	0	0	0	0	0	0	1	1	0	0	0	0	0	0	0	0	0	0	0	0	0	0	0	0	0	0	0	0	0	0	0	0	0	0	0	0	0
OTU1118	0	0	0	0	0	0	0	0	0	0	0	0	0	0	0	0	0	0	0	0	0	0	0	0	0	0	0	1	0	0	0	0	0	1	1	0	0	0	0	0	0	0	0	0	0	0	0	0	0	0	0	0	0	0	0	0	0	0	0	0	0	0	0	0	0
OTU3869	0	0	0	0	0	0	1	0	0	0	0	0	1	0	0	0	0	0	0	0	0	0	0	1	0	0	0	0	0	0	0	0	0	0	0	0	0	0	0	0	0	0	0	0	0	0	0	0	0	0	0	0	0	0	0	0	0	0	0	0	0	0	0	0	0
OTU1725	0	0	0	0	0	0	0	0	0	1	1	1	0	0	0	0	0	0	0	0	0	0	0	0	0	0	0	0	0	0	0	0	0	0	0	0	0	0	0	0	0	0	0	0	0	0	0	0	0	0	0	0	0	0	0	0	0	0	0	0	0	0	0	0	0
OTU1155	0	0	0	0	0	0	0	1	0	1	0	1	0	0	0	0	0	0	0	0	0	0	0	0	0	0	0	0	0	0	0	0	0	0	0	0	0	0	0	0	0	0	0	0	0	0	0	0	0	0	0	0	0	0	0	0	0	0	0	0	0	0	0	0	0
OTU1102	0	1	0	0	0	0	1	1	0	0	0	0	0	0	0	0	0	0	0	0	0	0	0	0	0	0	0	0	0	0	0	0	0	0	0	0	0	0	0	0	0	0	0	0	0	0	0	0	0	0	0	0	0	0	0	0	0	0	0	0	0	0	0	0	0
OTU1460	0	0	0	0	0	0	0	0	0	1	1	1	0	0	0	0	0	0	0	0	0	0	0	0	0	0	0	0	0	0	0	0	0	0	0	0	0	0	0	0	0	0	0	0	0	0	0	0	0	0	0	0	0	0	0	0	0	0	0	0	0	0	0	0	0
OTU1849	0	0	0	0	1	0	0	0	0	0	1	0	0	0	1	0	0	0	0	0	0	0	0	0	0	0	0	0	0	0	0	0	0	0	0	0	0	0	0	0	0	0	0	0	0	0	0	0	0	0	0	0	0	0	0	0	0	0	0	0	0	0	0	0	0
OTU1341	0	0	1	1	0	0	0	1	0	0	0	0	0	0	0	0	0	0	0	0	0	0	0	0	0	0	0	0	0	0	0	0	0	0	0	0	0	0	0	0	0	0	0	0	0	0	0	0	0	0	0	0	0	0	0	0	0	0	0	0	0	0	0	0	0
OTU1032	0	0	0	0	0	0	0	1	0	0	0	0	0	1	1	0	0	0	0	0	0	0	0	0	0	0	0	0	0	0	0	0	0	0	0	0	0	0	0	0	0	0	0	0	0	0	0	0	0	0	0	0	0	0	0	0	0	0	0	0	0	0	0	0	0
OTU5596	0	0	0	0	0	0	0	0	0	0	0	0	0	0	0	0	0	0	0	0	0	0	0	0	0	0	0	0	0	0	0	0	0	0	0	0	0	0	0	0	0	0	0	0	0	0	0	0	0	0	0	0	0	1	0	1	0	0	0	0	0	1	0	0	0
OTU2635	0	0	0	0	0	0	0	0	0	0	0	0	0	0	0	0	0	0	0	0	0	0	0	0	0	0	0	0	0	0	0	0	0	0	0	0	0	0	0	0	0	0	0	0	0	0	0	0	0	0	0	0	0	1	0	0	0	0	1	1	0	0	0	0	0
OTU1013	0	0	1	0	0	0	0	0	0	1	0	1	0	0	0	0	0	0	0	0	0	0	0	0	0	0	0	0	0	0	0	0	0	0	0	0	0	0	0	0	0	0	0	0	0	0	0	0	0	0	0	0	0	0	0	0	0	0	0	0	0	0	0	0	0
OTU1122	0	0	0	0	0	0	0	0	0	1	0	1	0	1	0	0	0	0	0	0	0	0	0	0	0	0	0	0	0	0	0	0	0	0	0	0	0	0	0	0	0	0	0	0	0	0	0	0	0	0	0	0	0	0	0	0	0	0	0	0	0	0	0	0	0
OTU1635	0	0	0	0	0	0	0	0	0	0	0	0	0	0	0	0	0	0	0	0	0	0	0	0	1	0	0	0	0	0	0	0	1	0	1	0	0	0	0	0	0	0	0	0	0	0	0	0	0	0	0	0	0	0	0	0	0	0	0	0	0	0	0	0	0
OTU2349	0	0	0	0	0	0	0	0	0	0	0	0	0	0	0	0	0	0	0	0	0	0	0	0	0	0	0	0	0	0	0	0	0	0	0	0	0	0	0	0	0	0	0	0	0	0	0	0	0	0	0	0	0	0	0	0	0	0	0	0	0	1	0	1	1
OTU5208	0	0	0	0	0	0	0	0	0	0	0	0	0	0	0	0	0	0	0	0	0	0	0	0	0	0	0	0	0	0	0	0	0	0	0	0	0	0	0	0	0	0	0	0	0	0	0	0	0	0	0	0	0	0	0	0	0	0	1	0	1	0	0	1	0
OTU3316	0	0	0	0	0	0	0	0	0	0	0	0	0	0	0	0	0	0	0	0	0	0	0	0	0	0	0	0	0	0	0	0	0	0	0	0	0	0	0	0	0	0	0	0	0	0	0	0	0	0	0	0	0	1	0	0	1	0	0	0	0	1	0	0	0
OTU1971	0	0	0	0	0	0	0	0	0	0	0	0	0	0	0	0	0	0	0	0	0	0	0	0	0	0	0	0	0	0	0	0	0	0	0	0	0	0	0	0	0	0	0	0	0	0	0	0	0	0	0	0	0	0	0	0	1	0	0	0	0	0	1	0	1
OTU3201	0	0	0	0	0	0	0	0	0	0	0	0	0	0	0	0	0	0	0	0	0	0	0	0	0	0	0	0	0	0	0	0	0	0	0	0	0	0	0	0	0	0	0	0	0	0	0	0	0	0	0	0	0	0	0	0	0	0	0	1	1	0	1	0	0
OTU2785	0	0	1	0	0	0	0	1	0	0	0	0	0	0	1	0	0	0	0	0	0	0	0	0	0	0	0	0	0	0	0	0	0	0	0	0	0	0	0	0	0	0	0	0	0	0	0	0	0	0	0	0	0	0	0	0	0	0	0	0	0	0	0	0	0
OTU1328	0	0	0	0	0	0	0	0	0	1	1	0	0	0	1	0	0	0	0	0	0	0	0	0	0	0	0	0	0	0	0	0	0	0	0	0	0	0	0	0	0	0	0	0	0	0	0	0	0	0	0	0	0	0	0	0	0	0	0	0	0	0	0	0	0
OTU2611	0	0	0	0	0	0	0	0	0	0	1	0	1	1	0	0	0	0	0	0	0	0	0	0	0	0	0	0	0	0	0	0	0	0	0	0	0	0	0	0	0	0	0	0	0	0	0	0	0	0	0	0	0	0	0	0	0	0	0	0	0	0	0	0	0
OTU3711	0	0	0	0	0	0	0	0	0	0	0	0	0	0	0	0	0	0	0	0	0	0	0	0	0	0	0	0	0	0	0	0	0	0	0	0	0	0	0	0	0	0	0	0	0	0	0	0	0	0	0	0	0	0	1	0	0	1	0	0	0	1	0	0	0
OTU3987	0	0	0	0	0	0	0	0	0	0	0	0	0	0	0	0	0	0	0	0	0	0	0	0	0	0	0	0	0	0	0	0	0	0	0	0	0	0	0	0	0	0	0	0	0	0	0	0	0	0	0	0	0	1	0	0	1	1	0	0	0	0	0	0	0
OTU3239	0	0	0	0	0	0	0	0	0	0	0	0	0	0	0	0	0	0	0	0	0	0	0	0	0	0	0	0	0	0	0	0	0	0	0	0	0	0	0	0	0	0	0	0	0	0	0	0	0	0	0	0	0	0	0	0	0	0	0	1	0	0	1	1	0
OTU1509	0	1	0	0	0	0	0	0	0	1	1	0	0	0	0	0	0	0	0	0	0	0	0	0	0	0	0	0	0	0	0	0	0	0	0	0	0	0	0	0	0	0	0	0	0	0	0	0	0	0	0	0	0	0	0	0	0	0	0	0	0	0	0	0	0
OTU1101	0	0	1	0	0	0	0	0	0	0	0	1	0	0	1	0	0	0	0	0	0	0	0	0	0	0	0	0	0	0	0	0	0	0	0	0	0	0	0	0	0	0	0	0	0	0	0	0	0	0	0	0	0	0	0	0	0	0	0	0	0	0	0	0	0
OTU1545	0	0	0	0	0	0	0	0	0	0	0	1	1	1	0	0	0	0	0	0	0	0	0	0	0	0	0	0	0	0	0	0	0	0	0	0	0	0	0	0	0	0	0	0	0	0	0	0	0	0	0	0	0	0	0	0	0	0	0	0	0	0	0	0	0
OTU4131	0	0	0	0	0	0	0	0	0	0	1	0	0	1	1	0	0	0	0	0	0	0	0	0	0	0	0	0	0	0	0	0	0	0	0	0	0	0	0	0	0	0	0	0	0	0	0	0	0	0	0	0	0	0	0	0	0	0	0	0	0	0	0	0	0
OTU1650	0	0	0	0	0	0	0	0	0	0	0	0	0	0	0	0	0	0	0	0	0	0	0	0	0	0	1	0	1	0	1	0	0	0	0	0	0	0	0	0	0	0	0	0	0	0	0	0	0	0	0	0	0	0	0	0	0	0	0	0	0	0	0	0	0
OTU4773	0	0	0	0	0	0	0	0	0	0	0	0	0	0	0	0	0	0	0	0	0	0	0	0	0	0	0	0	0	0	0	0	0	0	0	0	0	0	0	0	0	0	0	0	0	0	0	0	0	0	0	0	0	1	0	1	0	0	0	0	0	0	0	0	1
OTU1589	0	0	0	0	0	0	0	0	0	0	0	0	0	0	0	0	0	0	0	0	0	0	0	0	0	0	0	0	0	0	0	0	0	0	0	0	0	0	0	0	0	0	0	0	0	0	0	0	0	0	0	0	0	0	0	0	1	0	0	0	0	0	0	1	1
OTU1837	0	0	0	0	0	0	1	0	0	0	0	0	1	1	0	0	0	0	0	0	0	0	0	0	0	0	0	0	0	0	0	0	0	0	0	0	0	0	0	0	0	0	0	0	0	0	0	0	0	0	0	0	0	0	0	0	0	0	0	0	0	0	0	0	0
OTU2880	0	0	0	0	0	0	0	0	0	0	0	0	0	0	0	0	0	0	0	0	0	0	0	0	0	2	0	0	0	0	0	0	0	0	0	0	0	1	0	0	0	0	0	0	0	0	0	0	0	0	0	0	0	0	0	0	0	0	0	0	0	0	0	0	0
OTU1951	0	0	0	0	0	0	0	0	0	1	1	1	0	0	0	0	0	0	0	0	0	0	0	0	0	0	0	0	0	0	0	0	0	0	0	0	0	0	0	0	0	0	0	0	0	0	0	0	0	0	0	0	0	0	0	0	0	0	0	0	0	0	0	0	0
OTU3376	0	0	0	0	0	0	0	0	0	0	0	0	0	0	0	0	0	0	0	0	0	0	0	0	1	0	0	0	1	1	0	0	0	0	0	0	0	0	0	0	0	0	0	0	0	0	0	0	0	0	0	0	0	0	0	0	0	0	0	0	0	0	0	0	0
OTU1679	0	0	0	0	0	0	0	0	0	0	0	0	0	0	0	1	1	0	0	0	1	0	0	0	0	0	0	0	0	0	0	0	0	0	0	0	0	0	0	0	0	0	0	0	0	0	0	0	0	0	0	0	0	0	0	0	0	0	0	0	0	0	0	0	0
OTU1163	0	0	0	0	0	0	0	0	0	0	0	0	0	0	0	0	0	0	1	0	2	0	0	0	0	0	0	0	0	0	0	0	0	0	0	0	0	0	0	0	0	0	0	0	0	0	0	0	0	0	0	0	0	0	0	0	0	0	0	0	0	0	0	0	0
OTU1262	0	0	0	0	0	0	0	0	0	0	0	0	0	0	0	1	1	0	0	0	1	0	0	0	0	0	0	0	0	0	0	0	0	0	0	0	0	0	0	0	0	0	0	0	0	0	0	0	0	0	0	0	0	0	0	0	0	0	0	0	0	0	0	0	0
OTU5227	0	0	0	0	0	0	0	0	0	0	0	0	0	0	0	0	0	0	0	0	0	0	0	0	0	0	0	0	0	0	0	0	0	0	0	0	0	0	0	0	0	0	0	0	0	0	0	0	0	0	0	0	0	0	0	0	0	0	0	0	0	0	1	1	1
OTU1110	0	0	0	0	0	0	0	0	0	0	0	0	0	0	0	0	0	0	1	1	1	0	0	0	0	0	0	0	0	0	0	0	0	0	0	0	0	0	0	0	0	0	0	0	0	0	0	0	0	0	0	0	0	0	0	0	0	0	0	0	0	0	0	0	0
OTU1270	0	0	0	0	0	0	0	0	0	0	0	0	0	0	0	1	1	1	0	0	0	0	0	0	0	0	0	0	0	0	0	0	0	0	0	0	0	0	0	0	0	0	0	0	0	0	0	0	0	0	0	0	0	0	0	0	0	0	0	0	0	0	0	0	0
OTU2073	0	0	0	0	0	0	0	0	0	0	0	0	0	0	0	0	0	0	1	1	1	0	0	0	0	0	0	0	0	0	0	0	0	0	0	0	0	0	0	0	0	0	0	0	0	0	0	0	0	0	0	0	0	0	0	0	0	0	0	0	0	0	0	0	0
OTU3820	0	0	0	0	0	0	0	0	0	0	0	0	0	0	0	1	0	0	0	1	1	0	0	0	0	0	0	0	0	0	0	0	0	0	0	0	0	0	0	0	0	0	0	0	0	0	0	0	0	0	0	0	0	0	0	0	0	0	0	0	0	0	0	0	0
OTU1980	0	0	0	0	0	0	0	0	0	0	0	0	0	0	0	1	1	0	0	0	0	0	1	0	0	0	0	0	0	0	0	0	0	0	0	0	0	0	0	0	0	0	0	0	0	0	0	0	0	0	0	0	0	0	0	0	0	0	0	0	0	0	0	0	0
OTU1415	0	0	0	0	0	0	0	0	0	0	0	0	0	0	0	1	1	0	1	0	0	0	0	0	0	0	0	0	0	0	0	0	0	0	0	0	0	0	0	0	0	0	0	0	0	0	0	0	0	0	0	0	0	0	0	0	0	0	0	0	0	0	0	0	0
OTU1330	0	0	0	0	0	0	0	0	0	0	0	0	0	0	0	0	1	1	0	0	0	0	0	1	0	0	0	0	0	0	0	0	0	0	0	0	0	0	0	0	0	0	0	0	0	0	0	0	0	0	0	0	0	0	0	0	0	0	0	0	0	0	0	0	0
OTU2472	0	0	0	0	0	0	0	0	0	0	0	0	0	0	0	1	0	0	0	0	1	0	1	0	0	0	0	0	0	0	0	0	0	0	0	0	0	0	0	0	0	0	0	0	0	0	0	0	0	0	0	0	0	0	0	0	0	0	0	0	0	0	0	0	0
OTU1199	0	0	0	0	0	0	0	0	0	0	0	0	0	0	0	1	1	0	0	0	1	0	0	0	0	0	0	0	0	0	0	0	0	0	0	0	0	0	0	0	0	0	0	0	0	0	0	0	0	0	0	0	0	0	0	0	0	0	0	0	0	0	0	0	0
OTU1025	0	0	0	0	0	0	0	0	0	0	0	0	0	0	0	0	1	0	0	0	1	0	0	1	0	0	0	0	0	0	0	0	0	0	0	0	0	0	0	0	0	0	0	0	0	0	0	0	0	0	0	0	0	0	0	0	0	0	0	0	0	0	0	0	0
OTU1542	0	0	0	0	0	0	0	0	0	0	0	0	0	0	0	1	0	1	0	0	1	0	0	0	0	0	0	0	0	0	0	0	0	0	0	0	0	0	0	0	0	0	0	0	0	0	0	0	0	0	0	0	0	0	0	0	0	0	0	0	0	0	0	0	0
OTU2200	0	0	0	0	0	0	0	0	0	0	0	0	0	0	0	0	1	0	0	0	0	1	1	0	0	0	0	0	0	0	0	0	0	0	0	0	0	0	0	0	0	0	0	0	0	0	0	0	0	0	0	0	0	0	0	0	0	0	0	0	0	0	0	0	0
OTU4384	0	0	0	0	0	0	0	0	0	0	0	0	0	0	0	0	0	0	1	1	0	0	1	0	0	0	0	0	0	0	0	0	0	0	0	0	0	0	0	0	0	0	0	0	0	0	0	0	0	0	0	0	0	0	0	0	0	0	0	0	0	0	0	0	0
OTU1334	0	0	0	0	0	0	0	0	0	0	0	0	0	0	0	0	0	0	0	0	0	0	0	0	0	0	0	0	0	0	0	0	0	0	0	0	0	0	0	0	0	0	1	1	0	0	0	0	0	1	0	0	0	0	0	0	0	0	0	0	0	0	0	0	0
OTU899	0	0	0	0	0	0	0	0	0	0	0	0	0	0	0	0	0	0	0	0	1	1	1	0	0	0	0	0	0	0	0	0	0	0	0	0	0	0	0	0	0	0	0	0	0	0	0	0	0	0	0	0	0	0	0	0	0	0	0	0	0	0	0	0	0
OTU1956	0	0	0	0	1	0	0	0	0	0	0	0	0	0	0	0	0	0	0	0	0	0	0	0	0	0	0	0	0	0	0	0	0	0	0	0	0	0	0	0	0	0	0	0	0	0	0	0	0	0	0	0	0	0	1	0	0	0	0	0	0	0	0	0	0
OTU4210	0	0	0	0	1	0	0	0	0	0	0	0	1	0	0	0	0	0	0	0	0	0	0	0	0	0	0	0	0	0	0	0	0	0	0	0	0	0	0	0	0	0	0	0	0	0	0	0	0	0	0	0	0	0	0	0	0	0	0	0	0	0	0	0	0
OTU1617	0	0	0	0	0	0	0	0	0	0	0	0	0	0	0	0	0	0	0	0	0	0	0	0	0	0	0	0	0	0	0	0	0	0	0	0	0	0	0	0	0	0	0	0	0	0	0	0	0	0	0	0	0	0	0	0	0	0	1	0	0	0	0	1	0
OTU759	0	1	0	0	0	0	0	0	0	0	1	0	0	0	0	0	0	0	0	0	0	0	0	0	0	0	0	0	0	0	0	0	0	0	0	0	0	0	0	0	0	0	0	0	0	0	0	0	0	0	0	0	0	0	0	0	0	0	0	0	0	0	0	0	0
OTU3285	1	0	0	0	0	0	0	0	0	1	0	0	0	0	0	0	0	0	0	0	0	0	0	0	0	0	0	0	0	0	0	0	0	0	0	0	0	0	0	0	0	0	0	0	0	0	0	0	0	0	0	0	0	0	0	0	0	0	0	0	0	0	0	0	0
OTU2180	0	0	0	0	0	0	0	0	0	0	0	0	0	0	1	0	0	0	0	0	0	0	0	0	0	0	0	0	0	0	0	0	0	0	0	0	0	0	0	0	0	0	0	0	0	0	0	0	0	0	0	0	0	0	0	0	0	0	0	1	0	0	0	0	0
OTU1597	0	0	0	0	0	0	0	0	0	0	0	0	0	0	0	0	0	0	0	0	0	0	0	0	0	0	0	0	0	0	0	0	0	0	0	0	0	0	0	0	0	0	0	0	0	0	0	0	0	0	0	0	0	1	0	1	0	0	0	0	0	0	0	0	0
OTU2734	0	0	0	0	0	0	0	0	0	0	0	1	1	0	0	0	0	0	0	0	0	0	0	0	0	0	0	0	0	0	0	0	0	0	0	0	0	0	0	0	0	0	0	0	0	0	0	0	0	0	0	0	0	0	0	0	0	0	0	0	0	0	0	0	0
OTU1730	0	1	0	0	0	0	0	0	0	0	0	0	0	0	0	0	0	0	0	0	0	0	0	0	0	0	0	0	0	0	0	0	0	0	0	0	0	0	0	0	1	0	0	0	0	0	0	0	0	0	0	0	0	0	0	0	0	0	0	0	0	0	0	0	0
OTU5146	0	0	0	0	0	0	0	0	0	0	1	0	1	0	0	0	0	0	0	0	0	0	0	0	0	0	0	0	0	0	0	0	0	0	0	0	0	0	0	0	0	0	0	0	0	0	0	0	0	0	0	0	0	0	0	0	0	0	0	0	0	0	0	0	0
OTU3403	0	0	0	0	0	0	0	0	0	0	0	0	1	0	0	0	0	0	0	0	0	0	0	0	0	0	0	0	0	0	0	0	0	0	0	0	0	0	0	0	0	0	0	0	0	0	0	0	0	0	0	0	0	0	0	0	0	1	0	0	0	0	0	0	0
OTU2636	0	0	0	0	0	0	0	0	0	0	0	0	0	0	0	0	0	0	0	0	0	0	0	0	0	0	0	0	0	0	0	0	0	0	0	0	0	0	0	0	0	0	0	0	0	0	0	0	0	0	0	0	0	0	0	0	0	1	1	0	0	0	0	0	0
OTU4434	0	0	0	0	0	0	0	0	0	0	0	0	0	0	0	0	0	0	0	0	0	0	0	0	0	0	0	0	0	0	0	0	0	0	0	0	0	0	0	0	0	0	0	0	0	0	0	0	0	0	0	0	0	0	0	0	0	1	0	0	0	0	0	1	0
OTU1165	0	0	0	0	0	0	0	0	0	0	0	0	1	1	0	0	0	0	0	0	0	0	0	0	0	0	0	0	0	0	0	0	0	0	0	0	0	0	0	0	0	0	0	0	0	0	0	0	0	0	0	0	0	0	0	0	0	0	0	0	0	0	0	0	0
OTU2269	0	0	0	0	0	0	0	0	0	0	0	0	0	0	1	0	0	0	0	0	0	0	0	0	0	0	0	0	0	0	0	0	0	0	0	0	0	0	0	0	0	0	0	0	0	0	0	0	0	0	0	0	0	0	0	0	0	0	0	0	0	1	0	0	0
OTU1561	0	0	0	0	0	0	0	0	0	1	0	0	0	0	1	0	0	0	0	0	0	0	0	0	0	0	0	0	0	0	0	0	0	0	0	0	0	0	0	0	0	0	0	0	0	0	0	0	0	0	0	0	0	0	0	0	0	0	0	0	0	0	0	0	0
OTU1696	0	0	0	0	0	0	0	0	0	0	0	0	0	0	0	0	0	0	0	0	0	0	0	0	0	0	0	0	0	0	0	0	0	0	0	0	0	0	0	0	0	0	0	0	0	0	0	0	0	0	0	0	0	0	0	0	1	0	0	0	0	0	1	0	0
OTU2099	0	0	0	0	0	0	0	0	0	0	1	0	0	0	0	0	0	0	0	0	0	0	0	0	0	0	0	0	0	0	0	0	0	0	0	0	0	0	0	0	0	0	0	0	0	0	0	0	0	0	0	0	0	0	0	0	0	0	0	1	0	0	0	0	0
OTU1038	0	0	0	0	0	0	0	0	0	0	0	0	0	0	0	1	0	0	0	0	0	0	1	0	0	0	0	0	0	0	0	0	0	0	0	0	0	0	0	0	0	0	0	0	0	0	0	0	0	0	0	0	0	0	0	0	0	0	0	0	0	0	0	0	0
OTU1230	0	0	0	0	0	0	0	0	0	0	0	0	0	0	1	0	0	0	0	0	0	0	0	0	0	0	0	0	0	0	0	0	0	0	0	0	0	0	0	0	0	0	0	0	0	0	0	0	0	0	0	0	0	0	0	0	0	0	0	0	0	0	1	0	0
OTU2147	0	0	0	0	0	0	0	0	0	0	0	0	1	0	0	0	0	0	0	0	0	0	0	0	0	0	0	0	0	0	0	0	0	0	0	0	0	0	0	0	0	0	0	0	0	0	0	0	0	0	0	0	0	0	1	0	0	0	0	0	0	0	0	0	0
OTU2791	0	0	0	0	0	0	0	0	0	1	0	0	0	1	0	0	0	0	0	0	0	0	0	0	0	0	0	0	0	0	0	0	0	0	0	0	0	0	0	0	0	0	0	0	0	0	0	0	0	0	0	0	0	0	0	0	0	0	0	0	0	0	0	0	0
OTU1244	0	0	0	0	0	0	0	0	0	0	0	0	0	1	0	0	0	0	0	0	0	0	0	0	0	0	0	0	0	0	0	0	0	0	0	0	0	0	0	0	0	0	0	0	0	0	0	0	0	0	0	0	0	0	0	0	1	0	0	0	0	0	0	0	0
OTU2682	0	0	0	0	0	0	0	0	0	0	0	0	0	0	0	0	0	0	0	0	0	0	0	0	0	0	0	0	0	0	0	0	0	0	0	0	0	0	0	0	0	0	0	0	0	0	0	0	0	0	0	0	0	0	0	0	0	0	0	0	1	1	0	0	0
OTU2237	0	0	0	0	0	0	0	0	0	0	0	0	0	0	0	0	0	0	0	0	0	0	0	0	0	0	0	0	0	0	0	0	0	0	0	0	0	0	0	0	0	0	0	0	0	0	0	0	0	0	0	0	0	0	0	0	0	0	0	0	0	0	0	1	1
OTU5260	0	0	1	0	0	0	0	0	0	0	0	0	0	0	0	0	0	0	0	0	0	0	0	0	0	0	0	0	0	0	0	0	0	0	0	0	0	0	0	0	0	0	0	0	0	0	1	0	0	0	0	0	0	0	0	0	0	0	0	0	0	0	0	0	0
OTU1147	0	0	0	0	0	0	0	0	0	0	0	0	1	0	0	0	0	0	0	0	0	0	0	0	0	0	0	0	0	0	0	0	0	0	0	0	0	0	0	0	0	0	0	0	0	1	0	0	0	0	0	0	0	0	0	0	0	0	0	0	0	0	0	0	0
OTU1056	0	0	0	0	0	0	1	1	0	0	0	0	0	0	0	0	0	0	0	0	0	0	0	0	0	0	0	0	0	0	0	0	0	0	0	0	0	0	0	0	0	0	0	0	0	0	0	0	0	0	0	0	0	0	0	0	0	0	0	0	0	0	0	0	0
OTU1245	0	0	0	0	0	0	0	0	0	0	0	0	0	0	0	0	0	0	0	0	0	0	0	0	0	0	0	0	0	0	0	0	0	0	0	0	0	0	0	0	0	0	0	0	0	0	0	0	0	0	0	0	0	1	0	0	0	1	0	0	0	0	0	0	0
OTU908	1	0	1	0	0	0	0	0	0	0	0	0	0	0	0	0	0	0	0	0	0	0	0	0	0	0	0	0	0	0	0	0	0	0	0	0	0	0	0	0	0	0	0	0	0	0	0	0	0	0	0	0	0	0	0	0	0	0	0	0	0	0	0	0	0
OTU995	0	0	0	0	0	0	0	1	0	0	0	1	0	0	0	0	0	0	0	0	0	0	0	0	0	0	0	0	0	0	0	0	0	0	0	0	0	0	0	0	0	0	0	0	0	0	0	0	0	0	0	0	0	0	0	0	0	0	0	0	0	0	0	0	0
OTU2749	0	0	0	0	0	0	0	0	0	0	0	1	0	0	0	0	0	0	0	0	0	0	0	0	0	0	0	0	0	0	0	0	0	0	0	0	0	0	0	0	0	0	0	0	0	0	0	0	0	0	0	0	0	0	0	0	1	0	0	0	0	0	0	0	0
OTU872	0	0	0	1	0	0	0	0	0	0	0	0	0	0	0	0	0	0	0	0	0	0	0	1	0	0	0	0	0	0	0	0	0	0	0	0	0	0	0	0	0	0	0	0	0	0	0	0	0	0	0	0	0	0	0	0	0	0	0	0	0	0	0	0	0
OTU1892	0	0	0	0	0	0	0	0	0	0	0	0	0	0	0	0	0	0	0	0	0	0	0	0	0	0	0	0	0	0	0	0	0	0	0	0	0	0	0	0	0	0	0	0	0	0	0	0	0	0	0	0	0	0	0	0	0	0	1	0	0	1	0	0	0
OTU1364	0	0	0	0	0	0	0	1	0	0	0	0	1	0	0	0	0	0	0	0	0	0	0	0	0	0	0	0	0	0	0	0	0	0	0	0	0	0	0	0	0	0	0	0	0	0	0	0	0	0	0	0	0	0	0	0	0	0	0	0	0	0	0	0	0
OTU1983	0	1	0	0	1	0	0	0	0	0	0	0	0	0	0	0	0	0	0	0	0	0	0	0	0	0	0	0	0	0	0	0	0	0	0	0	0	0	0	0	0	0	0	0	0	0	0	0	0	0	0	0	0	0	0	0	0	0	0	0	0	0	0	0	0
OTU1276	1	0	0	0	0	0	0	0	0	0	0	1	0	0	0	0	0	0	0	0	0	0	0	0	0	0	0	0	0	0	0	0	0	0	0	0	0	0	0	0	0	0	0	0	0	0	0	0	0	0	0	0	0	0	0	0	0	0	0	0	0	0	0	0	0
OTU1474	0	0	0	0	0	0	0	0	0	0	0	1	0	0	1	0	0	0	0	0	0	0	0	0	0	0	0	0	0	0	0	0	0	0	0	0	0	0	0	0	0	0	0	0	0	0	0	0	0	0	0	0	0	0	0	0	0	0	0	0	0	0	0	0	0
OTU1802	0	0	0	0	0	0	0	0	0	0	0	0	0	0	0	0	0	0	0	0	0	0	0	0	0	0	0	0	0	0	0	0	0	0	0	0	0	0	0	0	0	0	0	0	0	0	0	0	0	0	0	0	0	0	0	0	1	0	0	0	1	0	0	0	0
OTU1957	0	0	0	0	0	0	0	0	0	0	0	0	0	0	0	0	0	0	0	0	0	0	0	0	0	0	0	0	0	0	0	0	0	0	0	0	0	0	0	0	0	0	0	0	0	0	0	0	0	0	0	0	0	1	0	0	0	0	0	0	0	0	0	1	0
OTU4798	0	0	0	0	0	0	0	0	0	0	0	0	0	0	0	0	0	0	0	0	0	0	0	0	0	0	0	0	0	0	0	0	0	0	0	0	0	0	0	0	0	0	0	0	0	0	0	0	0	0	0	0	0	0	0	0	1	0	0	0	0	0	0	0	1
OTU3459	0	0	0	0	0	0	0	0	0	0	0	0	0	0	0	0	0	0	0	0	0	0	0	0	0	0	0	0	0	0	0	0	0	0	0	0	0	0	0	0	0	0	0	0	0	0	0	0	0	0	0	0	0	0	0	0	1	0	0	0	0	1	0	0	0
OTU4681	0	0	0	0	0	1	0	0	0	1	0	0	0	0	0	0	0	0	0	0	0	0	0	0	0	0	0	0	0	0	0	0	0	0	0	0	0	0	0	0	0	0	0	0	0	0	0	0	0	0	0	0	0	0	0	0	0	0	0	0	0	0	0	0	0
OTU1166	0	0	0	0	0	0	0	0	0	0	0	1	0	0	0	0	0	0	0	0	0	1	0	0	0	0	0	0	0	0	0	0	0	0	0	0	0	0	0	0	0	0	0	0	0	0	0	0	0	0	0	0	0	0	0	0	0	0	0	0	0	0	0	0	0
OTU2013	0	0	0	0	0	0	0	0	1	0	0	0	0	0	1	0	0	0	0	0	0	0	0	0	0	0	0	0	0	0	0	0	0	0	0	0	0	0	0	0	0	0	0	0	0	0	0	0	0	0	0	0	0	0	0	0	0	0	0	0	0	0	0	0	0
OTU2514	0	0	0	0	0	0	0	0	0	0	0	0	0	0	0	0	0	0	0	0	0	0	0	0	0	0	0	0	0	0	0	0	0	0	0	0	0	0	0	0	0	0	0	0	0	0	0	0	0	0	0	0	0	0	1	0	0	0	0	0	0	1	0	0	0
OTU1938	0	0	0	0	0	0	0	0	0	0	0	0	0	0	0	0	0	0	0	0	0	0	0	0	0	0	0	0	0	0	0	0	0	0	0	0	0	0	0	0	0	0	0	0	0	0	0	0	0	0	0	0	0	0	0	0	1	0	0	0	1	0	0	0	0
OTU3276	0	0	0	0	0	0	0	0	0	0	0	0	0	0	0	0	0	0	0	0	0	0	0	0	0	0	0	0	0	0	0	0	0	0	0	0	0	0	0	0	0	0	0	0	0	0	0	0	0	0	0	0	0	0	0	0	0	0	0	0	1	0	1	0	0
OTU5255	0	0	0	0	0	0	0	0	0	0	0	0	0	0	0	0	0	0	0	0	0	0	0	0	0	0	0	0	0	0	0	0	0	0	0	0	0	0	0	0	0	0	0	0	0	0	0	0	0	0	0	0	0	1	0	0	0	0	0	0	0	1	0	0	0
OTU1395	0	0	0	0	0	0	0	0	0	1	0	0	0	0	1	0	0	0	0	0	0	0	0	0	0	0	0	0	0	0	0	0	0	0	0	0	0	0	0	0	0	0	0	0	0	0	0	0	0	0	0	0	0	0	0	0	0	0	0	0	0	0	0	0	0
OTU1049	0	0	0	0	0	0	0	0	0	0	0	0	0	0	0	0	1	0	0	0	0	0	0	0	0	0	0	0	0	0	0	0	0	0	0	0	0	0	0	0	0	0	0	0	0	0	0	0	0	0	0	0	0	1	0	0	0	0	0	0	0	0	0	0	0
OTU3833	0	0	0	0	0	0	0	0	0	0	0	0	0	0	0	0	0	0	0	0	0	0	0	0	0	0	0	0	0	0	0	0	0	0	0	0	0	0	0	0	0	0	0	0	0	0	0	0	0	0	0	0	0	0	0	0	0	0	1	0	0	0	1	0	0
OTU1314	0	0	0	0	0	0	0	0	0	1	0	1	0	0	0	0	0	0	0	0	0	0	0	0	0	0	0	0	0	0	0	0	0	0	0	0	0	0	0	0	0	0	0	0	0	0	0	0	0	0	0	0	0	0	0	0	0	0	0	0	0	0	0	0	0
OTU2085	0	0	1	0	0	0	0	0	1	0	0	0	0	0	0	0	0	0	0	0	0	0	0	0	0	0	0	0	0	0	0	0	0	0	0	0	0	0	0	0	0	0	0	0	0	0	0	0	0	0	0	0	0	0	0	0	0	0	0	0	0	0	0	0	0
OTU1843	0	0	0	0	0	0	0	0	0	0	1	0	1	0	0	0	0	0	0	0	0	0	0	0	0	0	0	0	0	0	0	0	0	0	0	0	0	0	0	0	0	0	0	0	0	0	0	0	0	0	0	0	0	0	0	0	0	0	0	0	0	0	0	0	0
OTU1332	0	0	0	0	0	0	0	1	0	0	0	1	0	0	0	0	0	0	0	0	0	0	0	0	0	0	0	0	0	0	0	0	0	0	0	0	0	0	0	0	0	0	0	0	0	0	0	0	0	0	0	0	0	0	0	0	0	0	0	0	0	0	0	0	0
OTU2308	0	0	0	0	0	0	0	0	0	0	0	0	0	0	0	0	0	0	0	0	0	0	0	0	0	0	0	0	0	0	0	0	0	0	0	0	0	0	0	0	0	0	0	0	0	0	0	0	0	0	0	0	0	0	0	0	0	0	0	0	0	1	1	0	0
OTU5287	0	0	0	0	0	0	0	0	0	0	0	0	0	0	0	0	0	0	0	0	0	0	0	0	0	0	0	0	0	0	0	0	0	0	0	0	0	0	0	0	0	0	0	0	0	0	0	0	0	0	0	0	0	0	0	0	0	0	1	0	0	0	0	1	0
OTU2499	0	0	0	0	0	0	0	0	0	0	0	0	0	0	0	0	0	0	0	0	0	0	0	0	0	0	0	0	0	0	0	0	0	0	0	0	0	0	0	0	0	0	0	0	0	0	0	0	0	0	0	0	0	0	0	0	1	0	0	0	0	0	1	0	0
OTU2634	0	0	0	0	0	0	0	0	0	0	0	0	0	0	0	0	0	0	0	0	0	0	0	0	0	0	0	0	0	0	0	0	0	0	0	0	0	0	0	0	0	0	0	0	0	0	0	0	0	0	0	0	0	0	0	0	0	0	0	0	1	1	0	0	0
OTU1360	0	0	0	0	0	0	0	0	0	0	0	0	0	0	0	0	0	0	0	0	0	0	0	0	0	0	0	0	0	0	0	0	0	0	0	0	0	0	0	0	0	0	0	0	0	0	0	0	0	0	0	0	0	0	1	0	0	0	1	0	0	0	0	0	0
OTU2304	0	0	0	0	0	0	0	0	0	0	0	0	0	0	0	0	0	0	0	0	0	0	0	0	0	0	0	0	0	0	0	0	0	0	0	0	0	0	0	0	0	0	0	0	0	0	0	0	0	0	0	0	0	0	0	0	1	0	0	0	1	0	0	0	0
OTU1082	0	0	0	0	0	0	0	0	0	0	1	1	0	0	0	0	0	0	0	0	0	0	0	0	0	0	0	0	0	0	0	0	0	0	0	0	0	0	0	0	0	0	0	0	0	0	0	0	0	0	0	0	0	0	0	0	0	0	0	0	0	0	0	0	0
OTU1559	1	0	0	1	0	0	0	0	0	0	0	0	0	0	0	0	0	0	0	0	0	0	0	0	0	0	0	0	0	0	0	0	0	0	0	0	0	0	0	0	0	0	0	0	0	0	0	0	0	0	0	0	0	0	0	0	0	0	0	0	0	0	0	0	0
OTU1694	0	1	0	0	0	0	0	0	0	0	0	0	0	0	1	0	0	0	0	0	0	0	0	0	0	0	0	0	0	0	0	0	0	0	0	0	0	0	0	0	0	0	0	0	0	0	0	0	0	0	0	0	0	0	0	0	0	0	0	0	0	0	0	0	0
OTU1295	1	0	1	0	0	0	0	0	0	0	0	0	0	0	0	0	0	0	0	0	0	0	0	0	0	0	0	0	0	0	0	0	0	0	0	0	0	0	0	0	0	0	0	0	0	0	0	0	0	0	0	0	0	0	0	0	0	0	0	0	0	0	0	0	0
OTU1402	0	0	0	0	0	0	0	0	0	0	0	0	0	0	1	0	1	0	0	0	0	0	0	0	0	0	0	0	0	0	0	0	0	0	0	0	0	0	0	0	0	0	0	0	0	0	0	0	0	0	0	0	0	0	0	0	0	0	0	0	0	0	0	0	0
OTU3103	0	0	0	0	0	0	0	0	0	0	0	0	0	0	0	0	0	0	0	0	0	0	0	0	0	0	0	0	0	0	0	0	0	0	0	0	0	0	0	0	0	0	0	0	0	0	0	0	0	0	0	0	0	0	0	0	0	0	0	0	0	0	0	1	1
OTU1358	0	0	0	0	0	0	0	0	0	0	0	0	0	0	0	0	0	0	0	0	0	0	0	0	0	0	0	0	0	0	0	0	0	0	0	0	0	0	0	0	0	0	0	0	0	0	0	0	0	0	0	0	0	0	1	0	0	0	1	0	0	0	0	0	0
OTU3027	0	0	0	0	0	0	0	0	0	0	0	0	0	0	0	0	0	0	0	0	0	0	0	0	0	0	0	0	0	0	0	0	0	0	0	0	0	0	0	0	0	0	0	0	0	0	0	0	0	0	0	0	0	0	0	0	0	0	0	0	1	0	0	1	0
OTU1277	0	0	0	0	0	0	0	0	0	0	0	0	0	0	0	0	0	0	0	0	0	0	0	0	0	0	0	0	0	0	0	0	0	0	0	0	0	0	0	0	0	0	0	0	0	0	0	0	0	0	0	0	0	0	1	0	0	1	0	0	0	0	0	0	0
OTU2323	0	0	0	0	0	0	0	0	0	0	0	0	0	0	0	0	0	0	0	0	0	0	0	0	0	0	0	0	0	0	0	0	0	0	0	0	0	0	0	0	0	0	0	0	0	0	0	0	0	0	0	0	0	0	0	1	0	0	0	0	0	0	0	0	1
OTU864	0	0	0	0	0	0	0	1	0	1	0	0	0	0	0	0	0	0	0	0	0	0	0	0	0	0	0	0	0	0	0	0	0	0	0	0	0	0	0	0	0	0	0	0	0	0	0	0	0	0	0	0	0	0	0	0	0	0	0	0	0	0	0	0	0
OTU953	0	0	0	0	0	0	0	0	0	0	0	1	0	0	1	0	0	0	0	0	0	0	0	0	0	0	0	0	0	0	0	0	0	0	0	0	0	0	0	0	0	0	0	0	0	0	0	0	0	0	0	0	0	0	0	0	0	0	0	0	0	0	0	0	0
OTU2890	0	0	0	0	0	0	0	0	0	0	0	1	0	1	0	0	0	0	0	0	0	0	0	0	0	0	0	0	0	0	0	0	0	0	0	0	0	0	0	0	0	0	0	0	0	0	0	0	0	0	0	0	0	0	0	0	0	0	0	0	0	0	0	0	0
OTU3603	0	0	0	0	0	0	0	0	0	0	1	1	0	0	0	0	0	0	0	0	0	0	0	0	0	0	0	0	0	0	0	0	0	0	0	0	0	0	0	0	0	0	0	0	0	0	0	0	0	0	0	0	0	0	0	0	0	0	0	0	0	0	0	0	0
OTU2330	0	0	0	0	0	0	0	1	0	0	1	0	0	0	0	0	0	0	0	0	0	0	0	0	0	0	0	0	0	0	0	0	0	0	0	0	0	0	0	0	0	0	0	0	0	0	0	0	0	0	0	0	0	0	0	0	0	0	0	0	0	0	0	0	0
OTU2221	0	0	0	0	0	0	0	0	0	1	0	0	0	0	1	0	0	0	0	0	0	0	0	0	0	0	0	0	0	0	0	0	0	0	0	0	0	0	0	0	0	0	0	0	0	0	0	0	0	0	0	0	0	0	0	0	0	0	0	0	0	0	0	0	0
OTU1476	0	0	0	0	0	0	0	0	0	1	1	0	0	0	0	0	0	0	0	0	0	0	0	0	0	0	0	0	0	0	0	0	0	0	0	0	0	0	0	0	0	0	0	0	0	0	0	0	0	0	0	0	0	0	0	0	0	0	0	0	0	0	0	0	0
OTU1169	0	0	0	0	0	0	0	0	0	1	0	1	0	0	0	0	0	0	0	0	0	0	0	0	0	0	0	0	0	0	0	0	0	0	0	0	0	0	0	0	0	0	0	0	0	0	0	0	0	0	0	0	0	0	0	0	0	0	0	0	0	0	0	0	0
OTU1406	0	0	0	0	0	0	0	0	1	0	0	0	0	0	1	0	0	0	0	0	0	0	0	0	0	0	0	0	0	0	0	0	0	0	0	0	0	0	0	0	0	0	0	0	0	0	0	0	0	0	0	0	0	0	0	0	0	0	0	0	0	0	0	0	0
OTU2954	0	0	0	0	0	0	0	0	0	0	0	0	0	0	0	0	1	0	0	0	0	0	0	1	0	0	0	0	0	0	0	0	0	0	0	0	0	0	0	0	0	0	0	0	0	0	0	0	0	0	0	0	0	0	0	0	0	0	0	0	0	0	0	0	0
OTU3998	0	0	0	0	0	0	0	0	0	0	0	0	0	0	0	0	0	0	0	0	0	0	0	0	0	0	0	0	0	0	0	0	0	0	0	0	0	0	0	0	0	0	0	0	0	0	0	0	0	0	0	0	0	0	1	0	0	0	1	0	0	0	0	0	0
OTU3575	0	0	0	0	0	0	0	0	0	0	0	0	0	0	0	0	0	0	0	0	0	0	0	0	0	0	0	0	0	0	0	0	0	0	0	0	0	0	0	0	0	0	0	0	0	0	0	0	0	0	0	0	0	0	0	0	1	0	0	0	0	1	0	0	0
OTU5270	0	0	0	0	0	0	0	0	0	0	0	0	0	0	0	0	0	0	0	0	0	0	0	0	0	0	0	0	0	0	0	0	0	0	0	0	0	0	0	0	0	0	0	0	0	0	0	0	0	0	0	0	0	0	0	0	0	0	1	0	0	0	1	0	0
OTU1882	0	0	0	0	0	0	0	0	0	0	0	0	0	0	0	0	0	0	0	0	0	0	0	0	0	0	0	0	0	0	0	0	0	0	0	0	0	0	0	0	0	0	0	0	0	0	0	0	0	0	0	0	0	0	0	0	0	0	0	0	0	0	1	1	0
OTU4045	0	0	0	0	0	0	0	0	0	0	0	0	0	0	0	0	0	0	0	0	0	0	0	0	0	0	0	0	0	0	0	0	0	0	0	0	0	0	0	0	0	0	0	0	0	0	0	0	0	0	0	0	0	0	0	0	1	0	0	0	0	0	0	0	1
OTU3271	0	0	0	0	0	0	0	0	0	0	0	0	0	0	0	0	0	0	0	0	0	0	0	0	0	0	0	0	0	0	0	0	0	0	0	0	0	0	0	0	0	0	0	0	0	0	0	0	0	0	0	0	0	0	0	1	0	0	0	0	0	0	0	0	1
OTU1704	0	0	0	0	0	0	0	0	0	0	0	0	0	0	0	0	0	0	0	0	0	0	0	0	0	0	0	0	0	0	0	0	0	0	0	0	0	0	0	0	0	0	0	0	0	0	0	0	0	0	0	0	0	0	0	0	0	0	1	0	0	1	0	0	0
OTU2787	0	0	0	0	0	0	0	0	0	0	0	0	0	0	0	0	0	0	0	0	0	0	0	0	0	0	0	0	0	0	0	0	0	0	0	0	0	0	0	0	0	0	0	0	0	0	0	0	0	0	0	0	0	0	0	0	0	0	1	1	0	0	0	0	0
OTU933	0	0	0	0	0	0	0	0	0	0	0	1	0	1	0	0	0	0	0	0	0	0	0	0	0	0	0	0	0	0	0	0	0	0	0	0	0	0	0	0	0	0	0	0	0	0	0	0	0	0	0	0	0	0	0	0	0	0	0	0	0	0	0	0	0
OTU2683	0	1	0	0	0	0	0	0	0	0	0	1	0	0	0	0	0	0	0	0	0	0	0	0	0	0	0	0	0	0	0	0	0	0	0	0	0	0	0	0	0	0	0	0	0	0	0	0	0	0	0	0	0	0	0	0	0	0	0	0	0	0	0	0	0
OTU1424	0	0	0	0	0	0	0	0	0	0	0	1	0	0	1	0	0	0	0	0	0	0	0	0	0	0	0	0	0	0	0	0	0	0	0	0	0	0	0	0	0	0	0	0	0	0	0	0	0	0	0	0	0	0	0	0	0	0	0	0	0	0	0	0	0
OTU1288	0	0	0	0	0	0	0	0	0	1	0	1	0	0	0	0	0	0	0	0	0	0	0	0	0	0	0	0	0	0	0	0	0	0	0	0	0	0	0	0	0	0	0	0	0	0	0	0	0	0	0	0	0	0	0	0	0	0	0	0	0	0	0	0	0
OTU1625	0	0	0	0	0	0	0	0	0	0	0	0	1	0	1	0	0	0	0	0	0	0	0	0	0	0	0	0	0	0	0	0	0	0	0	0	0	0	0	0	0	0	0	0	0	0	0	0	0	0	0	0	0	0	0	0	0	0	0	0	0	0	0	0	0
OTU1100	0	0	0	0	0	0	0	0	0	0	0	0	0	0	0	0	0	0	0	0	0	0	0	0	0	0	0	0	0	0	0	0	0	1	1	0	0	0	0	0	0	0	0	0	0	0	0	0	0	0	0	0	0	0	0	0	0	0	0	0	0	0	0	0	0
OTU1607	0	0	0	0	0	0	0	0	0	0	0	0	0	0	0	0	0	0	0	0	0	0	0	0	0	0	0	0	1	1	0	0	0	0	0	0	0	0	0	0	0	0	0	0	0	0	0	0	0	0	0	0	0	0	0	0	0	0	0	0	0	0	0	0	0
OTU1648	0	0	0	0	0	0	0	0	0	0	0	0	0	0	0	0	0	0	0	0	0	0	0	0	0	0	0	0	0	0	0	0	0	0	0	0	0	1	1	0	0	0	0	0	0	0	0	0	0	0	0	0	0	0	0	0	0	0	0	0	0	0	0	0	0
OTU2623	0	0	0	0	0	0	0	0	0	0	0	0	0	0	0	0	0	0	0	0	0	0	0	0	0	0	0	0	0	0	0	0	0	0	0	0	0	0	0	0	0	0	0	0	0	0	0	0	0	0	0	0	0	0	0	0	1	0	0	0	0	0	1	0	0
OTU1587	0	0	0	0	0	0	0	0	0	0	0	0	0	0	0	0	0	0	0	0	0	0	0	0	0	0	0	0	0	0	0	0	0	0	0	0	0	0	0	0	0	0	0	0	0	0	0	0	0	0	0	0	0	0	0	0	0	1	0	0	0	1	0	0	0
OTU4183	0	0	0	0	0	0	0	0	0	0	0	0	0	0	0	0	0	0	0	0	0	0	0	0	0	0	0	0	0	0	0	0	0	0	0	0	0	0	0	0	0	0	0	0	0	0	0	0	0	0	0	0	0	0	0	0	0	0	0	0	0	0	1	0	1
OTU1785	0	0	1	0	0	1	0	0	0	0	0	0	0	0	0	0	0	0	0	0	0	0	0	0	0	0	0	0	0	0	0	0	0	0	0	0	0	0	0	0	0	0	0	0	0	0	0	0	0	0	0	0	0	0	0	0	0	0	0	0	0	0	0	0	0
OTU1571	0	0	0	0	1	0	1	0	0	0	0	0	0	0	0	0	0	0	0	0	0	0	0	0	0	0	0	0	0	0	0	0	0	0	0	0	0	0	0	0	0	0	0	0	0	0	0	0	0	0	0	0	0	0	0	0	0	0	0	0	0	0	0	0	0
OTU1761	0	0	0	0	0	0	0	0	0	0	1	1	0	0	0	0	0	0	0	0	0	0	0	0	0	0	0	0	0	0	0	0	0	0	0	0	0	0	0	0	0	0	0	0	0	0	0	0	0	0	0	0	0	0	0	0	0	0	0	0	0	0	0	0	0
OTU1331	0	0	0	0	0	0	0	0	0	0	1	1	0	0	0	0	0	0	0	0	0	0	0	0	0	0	0	0	0	0	0	0	0	0	0	0	0	0	0	0	0	0	0	0	0	0	0	0	0	0	0	0	0	0	0	0	0	0	0	0	0	0	0	0	0
OTU1754	0	1	0	0	0	0	0	0	0	1	0	0	0	0	0	0	0	0	0	0	0	0	0	0	0	0	0	0	0	0	0	0	0	0	0	0	0	0	0	0	0	0	0	0	0	0	0	0	0	0	0	0	0	0	0	0	0	0	0	0	0	0	0	0	0
OTU1219	0	0	0	0	0	0	0	1	0	0	0	0	0	1	0	0	0	0	0	0	0	0	0	0	0	0	0	0	0	0	0	0	0	0	0	0	0	0	0	0	0	0	0	0	0	0	0	0	0	0	0	0	0	0	0	0	0	0	0	0	0	0	0	0	0
OTU1239	1	0	0	0	0	0	0	0	0	0	0	1	0	0	0	0	0	0	0	0	0	0	0	0	0	0	0	0	0	0	0	0	0	0	0	0	0	0	0	0	0	0	0	0	0	0	0	0	0	0	0	0	0	0	0	0	0	0	0	0	0	0	0	0	0
OTU1814	0	0	0	0	0	0	0	0	0	0	0	0	0	0	0	1	0	0	0	0	0	0	1	0	0	0	0	0	0	0	0	0	0	0	0	0	0	0	0	0	0	0	0	0	0	0	0	0	0	0	0	0	0	0	0	0	0	0	0	0	0	0	0	0	0
OTU1505	0	0	0	0	0	0	0	0	0	0	0	0	0	0	0	0	0	0	0	0	0	0	0	0	0	0	0	0	0	0	0	0	0	0	0	0	0	0	0	0	0	0	0	0	0	0	0	0	0	0	0	0	0	0	0	0	1	0	0	0	0	0	0	0	1
OTU1797	0	0	0	0	0	0	0	0	0	0	0	0	0	0	0	0	0	0	0	0	0	1	0	0	0	0	0	0	0	0	0	0	0	0	0	0	0	0	0	0	0	0	0	0	0	0	0	0	0	0	0	0	0	1	0	0	0	0	0	0	0	0	0	0	0
OTU3234	0	0	0	0	0	0	0	0	0	0	0	0	0	0	0	0	0	0	0	0	0	0	0	0	0	0	0	0	0	0	0	0	0	0	0	0	0	0	0	0	0	0	0	0	0	0	0	0	0	0	0	0	0	1	0	0	0	0	0	0	0	0	0	0	1
OTU3323	0	0	0	0	0	0	0	0	0	0	0	0	0	0	0	0	0	0	0	0	0	0	0	0	0	0	0	0	0	0	0	0	0	0	0	0	0	0	0	0	0	0	0	0	0	0	0	0	0	0	0	0	0	0	1	0	0	1	0	0	0	0	0	0	0
OTU1363	0	0	0	0	0	0	0	0	0	0	0	0	0	0	0	0	0	0	0	0	0	0	0	0	0	0	0	0	0	0	0	0	0	0	0	0	0	0	0	0	0	0	0	0	0	0	0	0	0	0	0	0	0	0	0	0	0	1	1	0	0	0	0	0	0
OTU1086	0	0	0	0	0	0	0	0	0	1	0	0	1	0	0	0	0	0	0	0	0	0	0	0	0	0	0	0	0	0	0	0	0	0	0	0	0	0	0	0	0	0	0	0	0	0	0	0	0	0	0	0	0	0	0	0	0	0	0	0	0	0	0	0	0
OTU2591	0	0	0	0	0	0	0	0	0	1	0	0	0	0	1	0	0	0	0	0	0	0	0	0	0	0	0	0	0	0	0	0	0	0	0	0	0	0	0	0	0	0	0	0	0	0	0	0	0	0	0	0	0	0	0	0	0	0	0	0	0	0	0	0	0
OTU1116	0	0	0	0	0	0	0	1	0	0	0	1	0	0	0	0	0	0	0	0	0	0	0	0	0	0	0	0	0	0	0	0	0	0	0	0	0	0	0	0	0	0	0	0	0	0	0	0	0	0	0	0	0	0	0	0	0	0	0	0	0	0	0	0	0
OTU1411	0	0	0	0	0	0	0	0	0	0	0	1	1	0	0	0	0	0	0	0	0	0	0	0	0	0	0	0	0	0	0	0	0	0	0	0	0	0	0	0	0	0	0	0	0	0	0	0	0	0	0	0	0	0	0	0	0	0	0	0	0	0	0	0	0
OTU1348	0	1	0	0	0	0	0	0	0	0	0	0	0	0	1	0	0	0	0	0	0	0	0	0	0	0	0	0	0	0	0	0	0	0	0	0	0	0	0	0	0	0	0	0	0	0	0	0	0	0	0	0	0	0	0	0	0	0	0	0	0	0	0	0	0
OTU1176	0	0	0	0	1	0	0	0	0	0	0	0	1	0	0	0	0	0	0	0	0	0	0	0	0	0	0	0	0	0	0	0	0	0	0	0	0	0	0	0	0	0	0	0	0	0	0	0	0	0	0	0	0	0	0	0	0	0	0	0	0	0	0	0	0
OTU4337	0	0	0	0	0	0	0	0	0	0	0	0	0	0	0	0	0	0	0	0	0	0	0	0	0	1	1	0	0	0	0	0	0	0	0	0	0	0	0	0	0	0	0	0	0	0	0	0	0	0	0	0	0	0	0	0	0	0	0	0	0	0	0	0	0
OTU2740	0	0	0	0	0	0	0	0	0	0	0	0	0	0	0	0	0	0	0	0	0	0	0	0	0	0	0	0	0	0	0	0	0	0	0	0	0	0	0	0	0	0	0	0	0	0	0	0	0	0	0	0	0	1	0	0	0	0	1	0	0	0	0	0	0
OTU2301	0	0	0	0	0	0	0	0	0	0	0	0	0	0	0	0	0	0	0	0	0	0	0	0	0	0	0	0	0	0	0	0	0	0	0	0	0	0	0	0	0	0	0	0	0	0	0	0	0	0	0	0	0	0	0	0	1	0	0	0	0	0	1	0	0
OTU4096	0	0	0	0	0	0	0	0	0	0	0	0	0	0	0	0	0	0	0	0	0	0	0	0	0	0	0	0	0	0	0	0	0	0	0	0	0	0	0	0	0	0	0	0	0	0	0	0	0	0	0	0	0	0	0	0	1	0	0	0	0	0	1	0	0
OTU4730	0	0	0	0	0	0	0	0	0	0	0	0	0	0	0	0	0	0	0	0	0	0	0	0	0	0	0	0	0	0	0	0	0	0	0	0	0	0	0	0	0	0	0	0	0	0	0	0	0	0	0	0	0	0	1	0	0	0	0	0	0	1	0	0	0
OTU2146	0	0	0	0	0	0	0	0	0	0	0	0	0	0	0	0	0	0	0	0	0	0	0	0	0	0	0	0	0	0	0	0	0	0	0	0	0	0	0	0	0	0	0	0	0	0	0	0	0	0	0	0	0	1	0	0	0	1	0	0	0	0	0	0	0
OTU1436	0	0	0	0	0	0	0	1	0	0	1	0	0	0	0	0	0	0	0	0	0	0	0	0	0	0	0	0	0	0	0	0	0	0	0	0	0	0	0	0	0	0	0	0	0	0	0	0	0	0	0	0	0	0	0	0	0	0	0	0	0	0	0	0	0
OTU1084	0	0	0	0	0	0	0	1	0	0	0	0	0	0	1	0	0	0	0	0	0	0	0	0	0	0	0	0	0	0	0	0	0	0	0	0	0	0	0	0	0	0	0	0	0	0	0	0	0	0	0	0	0	0	0	0	0	0	0	0	0	0	0	0	0
OTU1590	0	0	0	0	0	0	0	0	0	1	0	1	0	0	0	0	0	0	0	0	0	0	0	0	0	0	0	0	0	0	0	0	0	0	0	0	0	0	0	0	0	0	0	0	0	0	0	0	0	0	0	0	0	0	0	0	0	0	0	0	0	0	0	0	0
OTU1565	0	0	0	0	0	1	0	0	0	0	0	0	0	0	1	0	0	0	0	0	0	0	0	0	0	0	0	0	0	0	0	0	0	0	0	0	0	0	0	0	0	0	0	0	0	0	0	0	0	0	0	0	0	0	0	0	0	0	0	0	0	0	0	0	0
OTU1004	0	0	0	0	0	0	0	0	0	0	0	0	1	0	1	0	0	0	0	0	0	0	0	0	0	0	0	0	0	0	0	0	0	0	0	0	0	0	0	0	0	0	0	0	0	0	0	0	0	0	0	0	0	0	0	0	0	0	0	0	0	0	0	0	0
OTU4689	0	0	0	0	0	0	0	0	0	0	0	0	0	0	0	0	0	0	0	0	0	0	0	0	1	0	0	0	1	0	0	0	0	0	0	0	0	0	0	0	0	0	0	0	0	0	0	0	0	0	0	0	0	0	0	0	0	0	0	0	0	0	0	0	0
OTU5533	0	0	0	0	0	0	0	0	0	0	0	0	0	0	0	0	0	0	0	0	0	0	0	0	0	0	0	0	0	0	0	0	0	0	0	0	0	0	0	0	0	0	0	0	0	0	0	0	0	0	0	0	0	0	0	0	1	0	0	0	1	0	0	0	0
OTU5605	0	0	0	0	0	0	0	0	0	0	0	0	0	0	0	0	0	0	0	0	0	0	0	0	0	0	0	0	0	0	0	0	0	0	0	0	0	0	0	0	0	0	0	0	0	0	0	0	0	0	0	0	0	0	0	0	0	0	0	0	1	0	0	0	1
OTU1231	1	0	1	0	0	0	0	0	0	0	0	0	0	0	0	0	0	0	0	0	0	0	0	0	0	0	0	0	0	0	0	0	0	0	0	0	0	0	0	0	0	0	0	0	0	0	0	0	0	0	0	0	0	0	0	0	0	0	0	0	0	0	0	0	0
OTU3630	0	0	0	0	0	0	0	0	0	0	0	0	0	0	0	0	0	0	0	0	0	0	0	0	0	0	0	0	0	0	0	0	0	0	0	0	0	0	0	0	0	0	0	0	0	0	0	0	0	0	0	0	0	0	0	0	0	0	0	0	0	0	1	1	0
OTU1739	0	1	0	0	0	0	0	0	0	0	1	0	0	0	0	0	0	0	0	0	0	0	0	0	0	0	0	0	0	0	0	0	0	0	0	0	0	0	0	0	0	0	0	0	0	0	0	0	0	0	0	0	0	0	0	0	0	0	0	0	0	0	0	0	0
OTU1681	0	0	0	0	0	0	0	0	0	1	0	1	0	0	0	0	0	0	0	0	0	0	0	0	0	0	0	0	0	0	0	0	0	0	0	0	0	0	0	0	0	0	0	0	0	0	0	0	0	0	0	0	0	0	0	0	0	0	0	0	0	0	0	0	0
OTU1482	0	0	0	0	0	0	0	0	0	0	0	0	0	1	1	0	0	0	0	0	0	0	0	0	0	0	0	0	0	0	0	0	0	0	0	0	0	0	0	0	0	0	0	0	0	0	0	0	0	0	0	0	0	0	0	0	0	0	0	0	0	0	0	0	0
OTU1977	0	0	0	0	0	0	0	0	0	0	1	1	0	0	0	0	0	0	0	0	0	0	0	0	0	0	0	0	0	0	0	0	0	0	0	0	0	0	0	0	0	0	0	0	0	0	0	0	0	0	0	0	0	0	0	0	0	0	0	0	0	0	0	0	0
OTU1912	0	0	0	0	0	0	0	1	0	0	0	0	0	0	1	0	0	0	0	0	0	0	0	0	0	0	0	0	0	0	0	0	0	0	0	0	0	0	0	0	0	0	0	0	0	0	0	0	0	0	0	0	0	0	0	0	0	0	0	0	0	0	0	0	0
OTU1090	0	0	0	0	0	0	0	0	0	0	0	1	0	0	1	0	0	0	0	0	0	0	0	0	0	0	0	0	0	0	0	0	0	0	0	0	0	0	0	0	0	0	0	0	0	0	0	0	0	0	0	0	0	0	0	0	0	0	0	0	0	0	0	0	0
OTU1578	0	0	0	0	0	0	0	0	0	0	0	0	0	0	0	0	0	0	0	0	0	0	0	0	1	0	0	0	0	0	0	0	0	0	1	0	0	0	0	0	0	0	0	0	0	0	0	0	0	0	0	0	0	0	0	0	0	0	0	0	0	0	0	0	0
OTU2449	0	0	0	0	0	0	0	0	0	0	0	0	0	0	0	0	0	0	0	0	0	0	0	0	0	0	0	0	1	1	0	0	0	0	0	0	0	0	0	0	0	0	0	0	0	0	0	0	0	0	0	0	0	0	0	0	0	0	0	0	0	0	0	0	0
OTU4188	0	0	0	0	0	0	0	0	0	0	0	0	0	0	0	0	0	0	0	0	0	0	0	0	0	0	0	0	0	1	0	0	0	0	0	0	0	1	0	0	0	0	0	0	0	0	0	0	0	0	0	0	0	0	0	0	0	0	0	0	0	0	0	0	0
OTU1555	0	0	0	0	0	0	0	0	0	0	0	0	0	0	0	1	0	1	0	0	0	0	0	0	0	0	0	0	0	0	0	0	0	0	0	0	0	0	0	0	0	0	0	0	0	0	0	0	0	0	0	0	0	0	0	0	0	0	0	0	0	0	0	0	0
OTU1876	0	0	0	0	0	0	0	0	0	0	0	0	0	0	0	0	1	0	0	0	0	1	0	0	0	0	0	0	0	0	0	0	0	0	0	0	0	0	0	0	0	0	0	0	0	0	0	0	0	0	0	0	0	0	0	0	0	0	0	0	0	0	0	0	0
OTU2631	0	0	0	0	0	0	0	0	0	0	0	0	0	0	0	0	0	0	0	0	0	0	0	0	0	0	0	0	0	0	0	0	0	0	0	0	0	0	0	0	0	0	0	0	0	0	0	0	0	0	0	0	0	0	0	0	0	1	0	1	0	0	0	0	0
OTU5319	0	0	0	0	0	0	0	0	0	0	0	0	0	0	0	0	0	0	0	0	0	0	0	0	0	0	0	0	0	0	0	0	0	0	0	0	0	0	0	0	0	0	0	0	0	0	0	0	0	0	0	0	0	0	0	0	1	0	1	0	0	0	0	0	0
OTU1610	0	0	0	0	0	0	0	0	0	1	0	0	0	0	1	0	0	0	0	0	0	0	0	0	0	0	0	0	0	0	0	0	0	0	0	0	0	0	0	0	0	0	0	0	0	0	0	0	0	0	0	0	0	0	0	0	0	0	0	0	0	0	0	0	0
OTU2905	0	0	0	0	0	0	0	0	0	0	0	0	0	0	0	0	0	0	0	0	0	0	0	0	0	0	0	1	0	1	0	0	0	0	0	0	0	0	0	0	0	0	0	0	0	0	0	0	0	0	0	0	0	0	0	0	0	0	0	0	0	0	0	0	0
OTU2929	0	0	0	0	0	0	0	0	0	0	0	0	0	0	0	0	0	0	0	0	1	0	0	1	0	0	0	0	0	0	0	0	0	0	0	0	0	0	0	0	0	0	0	0	0	0	0	0	0	0	0	0	0	0	0	0	0	0	0	0	0	0	0	0	0
OTU4807	0	0	0	0	0	0	0	0	0	0	0	0	0	0	0	0	0	0	0	0	0	0	0	0	0	0	0	0	0	0	0	0	0	0	0	0	0	0	0	0	0	0	0	0	0	0	0	1	0	0	0	1	0	0	0	0	0	0	0	0	0	0	0	0	0
OTU1812	0	0	0	0	0	0	0	0	0	0	0	0	0	0	0	0	0	0	0	1	1	0	0	0	0	0	0	0	0	0	0	0	0	0	0	0	0	0	0	0	0	0	0	0	0	0	0	0	0	0	0	0	0	0	0	0	0	0	0	0	0	0	0	0	0
OTU1336	0	0	0	0	0	0	0	0	0	0	0	0	0	0	0	0	1	0	0	0	1	0	0	0	0	0	0	0	0	0	0	0	0	0	0	0	0	0	0	0	0	0	0	0	0	0	0	0	0	0	0	0	0	0	0	0	0	0	0	0	0	0	0	0	0
OTU1449	0	0	0	0	0	0	0	0	0	0	0	0	0	0	0	0	0	0	1	0	1	0	0	0	0	0	0	0	0	0	0	0	0	0	0	0	0	0	0	0	0	0	0	0	0	0	0	0	0	0	0	0	0	0	0	0	0	0	0	0	0	0	0	0	0
OTU1786	0	0	0	0	0	0	0	0	0	0	0	0	0	0	0	1	0	0	0	1	0	0	0	0	0	0	0	0	0	0	0	0	0	0	0	0	0	0	0	0	0	0	0	0	0	0	0	0	0	0	0	0	0	0	0	0	0	0	0	0	0	0	0	0	0
OTU1099	0	0	0	0	0	0	0	0	0	0	0	0	0	0	0	0	0	0	1	0	1	0	0	0	0	0	0	0	0	0	0	0	0	0	0	0	0	0	0	0	0	0	0	0	0	0	0	0	0	0	0	0	0	0	0	0	0	0	0	0	0	0	0	0	0
OTU1188	0	0	0	0	0	0	0	0	0	0	0	0	0	0	0	0	0	0	0	0	0	0	0	0	0	0	0	0	0	0	0	0	0	0	0	0	0	0	0	0	1	0	0	1	0	0	0	0	0	0	0	0	0	0	0	0	0	0	0	0	0	0	0	0	0
OTU1847	0	0	0	0	0	0	0	0	0	0	0	0	0	0	0	0	0	0	0	1	1	0	0	0	0	0	0	0	0	0	0	0	0	0	0	0	0	0	0	0	0	0	0	0	0	0	0	0	0	0	0	0	0	0	0	0	0	0	0	0	0	0	0	0	0
OTU1921	0	0	0	0	0	0	0	0	0	0	0	0	0	0	0	0	0	1	0	0	0	0	1	0	0	0	0	0	0	0	0	0	0	0	0	0	0	0	0	0	0	0	0	0	0	0	0	0	0	0	0	0	0	0	0	0	0	0	0	0	0	0	0	0	0
OTU2581	0	0	0	0	0	0	0	0	0	0	0	0	0	0	0	0	0	0	0	1	1	0	0	0	0	0	0	0	0	0	0	0	0	0	0	0	0	0	0	0	0	0	0	0	0	0	0	0	0	0	0	0	0	0	0	0	0	0	0	0	0	0	0	0	0
OTU2719	0	0	0	0	0	0	0	0	0	0	0	0	0	0	0	1	1	0	0	0	0	0	0	0	0	0	0	0	0	0	0	0	0	0	0	0	0	0	0	0	0	0	0	0	0	0	0	0	0	0	0	0	0	0	0	0	0	0	0	0	0	0	0	0	0
OTU1301	0	0	0	0	0	0	0	0	0	0	0	0	0	0	0	0	0	1	0	0	0	0	1	0	0	0	0	0	0	0	0	0	0	0	0	0	0	0	0	0	0	0	0	0	0	0	0	0	0	0	0	0	0	0	0	0	0	0	0	0	0	0	0	0	0
OTU1422	0	0	0	0	0	0	0	0	0	0	0	0	0	0	0	0	0	0	0	0	1	0	1	0	0	0	0	0	0	0	0	0	0	0	0	0	0	0	0	0	0	0	0	0	0	0	0	0	0	0	0	0	0	0	0	0	0	0	0	0	0	0	0	0	0
OTU1275	0	0	0	0	0	0	0	0	0	0	0	0	0	0	0	0	0	0	1	0	0	0	1	0	0	0	0	0	0	0	0	0	0	0	0	0	0	0	0	0	0	0	0	0	0	0	0	0	0	0	0	0	0	0	0	0	0	0	0	0	0	0	0	0	0
OTU1623	0	0	0	0	0	0	0	0	0	0	0	0	0	0	0	1	1	0	0	0	0	0	0	0	0	0	0	0	0	0	0	0	0	0	0	0	0	0	0	0	0	0	0	0	0	0	0	0	0	0	0	0	0	0	0	0	0	0	0	0	0	0	0	0	0
OTU1168	0	0	0	0	0	0	0	0	0	0	0	0	0	0	0	0	0	0	0	1	1	0	0	0	0	0	0	0	0	0	0	0	0	0	0	0	0	0	0	0	0	0	0	0	0	0	0	0	0	0	0	0	0	0	0	0	0	0	0	0	0	0	0	0	0
OTU1396	0	0	0	0	0	0	0	0	0	0	0	0	0	0	0	0	0	0	0	0	1	1	0	0	0	0	0	0	0	0	0	0	0	0	0	0	0	0	0	0	0	0	0	0	0	0	0	0	0	0	0	0	0	0	0	0	0	0	0	0	0	0	0	0	0
OTU1375	0	0	0	0	0	0	0	0	0	0	0	0	0	0	0	0	0	0	0	0	0	0	0	0	0	0	0	0	0	0	0	0	0	0	0	0	0	0	0	0	1	0	1	0	0	0	0	0	0	0	0	0	0	0	0	0	0	0	0	0	0	0	0	0	0
OTU1376	0	0	0	0	0	0	0	0	0	0	0	0	0	0	0	0	0	0	0	0	0	0	0	0	0	0	0	0	0	0	0	0	0	0	0	0	0	0	0	0	1	0	0	1	0	0	0	0	0	0	0	0	0	0	0	0	0	0	0	0	0	0	0	0	0
OTU1197	0	0	0	0	0	0	0	0	0	0	0	0	0	0	0	0	0	0	0	0	0	1	1	0	0	0	0	0	0	0	0	0	0	0	0	0	0	0	0	0	0	0	0	0	0	0	0	0	0	0	0	0	0	0	0	0	0	0	0	0	0	0	0	0	0
OTU1923	0	0	0	0	0	0	0	0	0	0	0	0	0	0	0	0	0	0	1	0	0	0	1	0	0	0	0	0	0	0	0	0	0	0	0	0	0	0	0	0	0	0	0	0	0	0	0	0	0	0	0	0	0	0	0	0	0	0	0	0	0	0	0	0	0
OTU1740	0	0	0	0	0	0	0	0	0	0	0	0	0	0	0	1	0	0	0	0	0	1	0	0	0	0	0	0	0	0	0	0	0	0	0	0	0	0	0	0	0	0	0	0	0	0	0	0	0	0	0	0	0	0	0	0	0	0	0	0	0	0	0	0	0
OTU1638	0	0	0	0	0	0	0	0	0	0	0	0	0	0	0	0	0	0	1	0	0	1	0	0	0	0	0	0	0	0	0	0	0	0	0	0	0	0	0	0	0	0	0	0	0	0	0	0	0	0	0	0	0	0	0	0	0	0	0	0	0	0	0	0	0
OTU3425	0	0	0	0	0	0	0	0	0	0	0	0	0	0	0	1	0	0	0	0	0	0	0	1	0	0	0	0	0	0	0	0	0	0	0	0	0	0	0	0	0	0	0	0	0	0	0	0	0	0	0	0	0	0	0	0	0	0	0	0	0	0	0	0	0
OTU3222	0	0	0	0	0	0	0	0	0	0	0	0	0	0	0	0	0	0	0	0	1	0	0	1	0	0	0	0	0	0	0	0	0	0	0	0	0	0	0	0	0	0	0	0	0	0	0	0	0	0	0	0	0	0	0	0	0	0	0	0	0	0	0	0	0
OTU2983	0	0	0	0	0	0	0	0	0	0	0	0	0	0	0	1	0	0	0	0	0	1	0	0	0	0	0	0	0	0	0	0	0	0	0	0	0	0	0	0	0	0	0	0	0	0	0	0	0	0	0	0	0	0	0	0	0	0	0	0	0	0	0	0	0
OTU1195	0	0	0	0	0	0	0	0	0	0	0	0	0	0	0	0	0	0	0	0	0	1	0	1	0	0	0	0	0	0	0	0	0	0	0	0	0	0	0	0	0	0	0	0	0	0	0	0	0	0	0	0	0	0	0	0	0	0	0	0	0	0	0	0	0
OTU2847	0	0	0	0	1	0	0	0	0	0	0	0	0	0	0	0	0	0	0	0	0	0	0	0	0	0	0	0	0	0	0	0	0	0	0	0	0	0	0	0	0	0	0	0	0	0	0	0	0	0	0	0	0	0	0	0	0	0	0	0	0	0	0	0	0
OTU858	0	0	0	0	0	0	0	0	0	0	0	0	0	0	0	0	0	0	0	0	0	0	0	0	0	0	0	0	0	0	0	0	0	0	0	0	0	0	0	0	0	0	0	0	0	0	0	0	0	0	0	0	0	0	0	1	0	0	0	0	0	0	0	0	0
OTU1085	0	0	0	0	0	0	0	0	0	0	1	0	0	0	0	0	0	0	0	0	0	0	0	0	0	0	0	0	0	0	0	0	0	0	0	0	0	0	0	0	0	0	0	0	0	0	0	0	0	0	0	0	0	0	0	0	0	0	0	0	0	0	0	0	0
OTU1523	0	0	0	0	0	0	0	0	0	0	0	0	0	0	0	0	0	0	0	0	0	0	0	0	0	0	0	0	0	0	0	0	0	0	0	0	0	0	0	0	0	0	0	0	0	0	0	0	0	0	0	0	0	0	0	0	0	0	0	0	0	1	0	0	0
OTU3550	0	0	0	0	0	0	0	0	0	0	0	0	0	0	0	0	0	0	0	0	0	0	0	0	0	0	0	0	0	0	0	0	0	0	0	0	0	0	0	0	0	0	0	0	0	0	0	0	0	0	0	0	0	1	0	0	0	0	0	0	0	0	0	0	0
OTU5520	0	0	0	0	0	0	0	0	0	0	0	0	0	0	0	0	0	0	0	0	0	0	0	0	0	0	0	0	0	0	0	0	0	0	0	0	0	0	0	0	0	0	0	0	0	0	0	0	0	0	0	0	0	1	0	0	0	0	0	0	0	0	0	0	0
OTU1247	0	0	0	0	0	0	0	0	0	0	0	0	1	0	0	0	0	0	0	0	0	0	0	0	0	0	0	0	0	0	0	0	0	0	0	0	0	0	0	0	0	0	0	0	0	0	0	0	0	0	0	0	0	0	0	0	0	0	0	0	0	0	0	0	0
OTU1457	0	0	0	0	0	0	0	0	0	0	0	0	0	0	0	0	0	0	0	0	0	0	0	0	0	0	0	0	0	0	0	0	0	0	1	0	0	0	0	0	0	0	0	0	0	0	0	0	0	0	0	0	0	0	0	0	0	0	0	0	0	0	0	0	0
OTU1185	0	0	0	0	0	0	0	1	0	0	0	0	0	0	0	0	0	0	0	0	0	0	0	0	0	0	0	0	0	0	0	0	0	0	0	0	0	0	0	0	0	0	0	0	0	0	0	0	0	0	0	0	0	0	0	0	0	0	0	0	0	0	0	0	0
OTU2094	0	0	0	0	0	0	0	0	0	0	0	0	0	0	0	0	0	0	0	0	0	0	0	0	0	0	0	0	0	0	0	0	0	0	0	0	0	0	0	0	0	0	0	0	0	0	0	0	0	0	0	0	0	0	0	0	0	0	0	0	0	0	0	0	1
OTU2850	0	0	0	0	0	0	0	0	0	0	0	0	0	0	0	0	0	0	0	0	0	0	0	0	0	0	0	0	0	0	0	0	0	0	0	0	0	0	0	0	0	0	0	0	0	0	0	0	0	0	0	0	0	0	0	0	1	0	0	0	0	0	0	0	0
OTU1665	0	0	0	0	0	0	0	0	0	0	0	0	0	0	1	0	0	0	0	0	0	0	0	0	0	0	0	0	0	0	0	0	0	0	0	0	0	0	0	0	0	0	0	0	0	0	0	0	0	0	0	0	0	0	0	0	0	0	0	0	0	0	0	0	0
OTU1821	0	0	1	0	0	0	0	0	0	0	0	0	0	0	0	0	0	0	0	0	0	0	0	0	0	0	0	0	0	0	0	0	0	0	0	0	0	0	0	0	0	0	0	0	0	0	0	0	0	0	0	0	0	0	0	0	0	0	0	0	0	0	0	0	0
OTU1031	0	0	0	0	0	0	0	0	0	0	0	0	0	0	1	0	0	0	0	0	0	0	0	0	0	0	0	0	0	0	0	0	0	0	0	0	0	0	0	0	0	0	0	0	0	0	0	0	0	0	0	0	0	0	0	0	0	0	0	0	0	0	0	0	0
OTU5207	0	0	0	0	0	1	0	0	0	0	0	0	0	0	0	0	0	0	0	0	0	0	0	0	0	0	0	0	0	0	0	0	0	0	0	0	0	0	0	0	0	0	0	0	0	0	0	0	0	0	0	0	0	0	0	0	0	0	0	0	0	0	0	0	0
OTU1776	0	1	0	0	0	0	0	0	0	0	0	0	0	0	0	0	0	0	0	0	0	0	0	0	0	0	0	0	0	0	0	0	0	0	0	0	0	0	0	0	0	0	0	0	0	0	0	0	0	0	0	0	0	0	0	0	0	0	0	0	0	0	0	0	0
OTU1496	0	0	0	1	0	0	0	0	0	0	0	0	0	0	0	0	0	0	0	0	0	0	0	0	0	0	0	0	0	0	0	0	0	0	0	0	0	0	0	0	0	0	0	0	0	0	0	0	0	0	0	0	0	0	0	0	0	0	0	0	0	0	0	0	0
OTU1162	0	0	0	0	0	0	0	0	0	0	0	0	1	0	0	0	0	0	0	0	0	0	0	0	0	0	0	0	0	0	0	0	0	0	0	0	0	0	0	0	0	0	0	0	0	0	0	0	0	0	0	0	0	0	0	0	0	0	0	0	0	0	0	0	0
OTU1278	0	0	0	0	0	0	0	0	0	0	0	0	0	0	1	0	0	0	0	0	0	0	0	0	0	0	0	0	0	0	0	0	0	0	0	0	0	0	0	0	0	0	0	0	0	0	0	0	0	0	0	0	0	0	0	0	0	0	0	0	0	0	0	0	0
OTU1009	0	0	0	0	0	0	0	0	0	0	0	0	0	1	0	0	0	0	0	0	0	0	0	0	0	0	0	0	0	0	0	0	0	0	0	0	0	0	0	0	0	0	0	0	0	0	0	0	0	0	0	0	0	0	0	0	0	0	0	0	0	0	0	0	0
OTU1398	0	0	0	0	0	0	0	1	0	0	0	0	0	0	0	0	0	0	0	0	0	0	0	0	0	0	0	0	0	0	0	0	0	0	0	0	0	0	0	0	0	0	0	0	0	0	0	0	0	0	0	0	0	0	0	0	0	0	0	0	0	0	0	0	0
OTU1465	0	0	0	0	1	0	0	0	0	0	0	0	0	0	0	0	0	0	0	0	0	0	0	0	0	0	0	0	0	0	0	0	0	0	0	0	0	0	0	0	0	0	0	0	0	0	0	0	0	0	0	0	0	0	0	0	0	0	0	0	0	0	0	0	0
OTU1480	0	0	0	0	0	0	0	0	0	0	0	0	0	0	0	0	0	0	0	0	0	0	0	0	0	0	0	0	0	0	0	0	0	0	0	0	0	0	0	0	0	0	0	0	0	0	0	0	0	0	0	0	0	0	0	1	0	0	0	0	0	0	0	0	0
OTU2286	0	0	0	0	0	0	0	0	0	0	0	1	0	0	0	0	0	0	0	0	0	0	0	0	0	0	0	0	0	0	0	0	0	0	0	0	0	0	0	0	0	0	0	0	0	0	0	0	0	0	0	0	0	0	0	0	0	0	0	0	0	0	0	0	0
OTU1929	0	0	0	0	0	0	0	0	0	0	0	0	0	0	0	0	0	0	0	0	0	0	0	0	0	0	0	0	0	0	0	0	0	0	0	0	0	0	0	0	0	0	0	0	0	0	0	0	0	0	0	0	0	0	0	0	0	0	0	0	0	1	0	0	0
OTU2245	0	0	0	0	0	0	0	0	0	0	0	0	0	0	0	0	0	0	0	0	0	0	0	0	0	0	0	0	0	0	0	0	0	0	0	0	0	0	0	0	0	0	0	0	0	0	0	0	0	0	0	0	0	0	0	0	1	0	0	0	0	0	0	0	0
OTU1171	0	0	0	0	0	0	0	0	0	0	0	0	0	0	0	0	0	0	0	0	0	0	0	0	0	0	0	0	0	0	0	0	0	0	0	0	0	0	0	0	0	0	0	0	0	0	0	0	0	0	0	0	0	0	0	1	0	0	0	0	0	0	0	0	0
OTU2434	0	0	0	0	0	0	0	0	0	0	0	0	0	0	1	0	0	0	0	0	0	0	0	0	0	0	0	0	0	0	0	0	0	0	0	0	0	0	0	0	0	0	0	0	0	0	0	0	0	0	0	0	0	0	0	0	0	0	0	0	0	0	0	0	0
OTU1854	0	0	0	0	0	0	0	0	0	0	0	0	0	0	0	0	0	0	0	0	0	0	0	0	0	0	0	0	0	0	0	0	0	0	0	0	0	0	0	0	0	0	0	0	0	0	0	0	0	0	0	0	0	0	0	0	0	0	0	0	1	0	0	0	0
OTU1204	0	0	0	0	0	0	0	0	0	0	0	0	0	0	1	0	0	0	0	0	0	0	0	0	0	0	0	0	0	0	0	0	0	0	0	0	0	0	0	0	0	0	0	0	0	0	0	0	0	0	0	0	0	0	0	0	0	0	0	0	0	0	0	0	0
OTU1063	0	0	0	0	0	0	0	0	0	0	0	0	0	0	0	0	0	0	1	0	0	0	0	0	0	0	0	0	0	0	0	0	0	0	0	0	0	0	0	0	0	0	0	0	0	0	0	0	0	0	0	0	0	0	0	0	0	0	0	0	0	0	0	0	0
OTU2188	0	0	0	0	0	0	0	0	0	0	0	0	0	0	0	0	0	0	0	0	0	0	0	0	0	0	0	0	0	0	0	0	0	0	0	0	0	0	0	0	0	0	0	0	0	0	0	0	0	0	0	0	0	0	0	0	0	1	0	0	0	0	0	0	0
OTU1867	0	0	0	0	0	0	0	0	0	0	0	1	0	0	0	0	0	0	0	0	0	0	0	0	0	0	0	0	0	0	0	0	0	0	0	0	0	0	0	0	0	0	0	0	0	0	0	0	0	0	0	0	0	0	0	0	0	0	0	0	0	0	0	0	0
OTU4019	0	0	0	0	0	0	0	0	0	0	0	0	0	0	0	0	0	0	0	0	0	0	0	0	0	0	0	0	0	0	0	0	0	0	0	0	0	0	0	0	0	0	0	0	0	0	0	0	0	0	0	0	0	0	0	1	0	0	0	0	0	0	0	0	0
OTU2651	0	0	0	0	0	0	0	0	0	0	0	0	0	0	0	0	0	0	0	0	0	0	0	0	0	0	0	0	0	0	0	0	0	0	0	0	0	0	0	0	0	0	0	0	0	0	0	0	0	0	0	0	0	0	0	0	0	0	1	0	0	0	0	0	0
OTU5161	0	0	0	0	0	0	0	0	0	0	0	0	0	1	0	0	0	0	0	0	0	0	0	0	0	0	0	0	0	0	0	0	0	0	0	0	0	0	0	0	0	0	0	0	0	0	0	0	0	0	0	0	0	0	0	0	0	0	0	0	0	0	0	0	0
OTU1352	0	0	0	0	0	0	0	0	0	0	0	0	0	0	1	0	0	0	0	0	0	0	0	0	0	0	0	0	0	0	0	0	0	0	0	0	0	0	0	0	0	0	0	0	0	0	0	0	0	0	0	0	0	0	0	0	0	0	0	0	0	0	0	0	0
OTU2194	0	0	0	0	0	0	0	0	0	0	0	0	0	0	0	0	0	0	0	0	0	0	0	0	0	0	0	0	0	0	0	0	0	0	0	0	0	0	0	0	0	0	0	0	0	0	0	0	0	0	0	0	0	1	0	0	0	0	0	0	0	0	0	0	0
OTU3197	0	0	0	0	0	0	0	0	0	0	0	0	0	0	0	0	0	0	0	0	0	0	0	0	0	0	0	0	0	0	0	0	0	0	0	0	0	0	0	0	0	0	0	0	0	0	0	0	0	0	0	0	0	0	0	0	0	0	0	0	0	0	1	0	0
OTU3125	0	0	0	0	0	0	0	0	0	0	0	0	0	0	0	0	0	0	0	0	0	0	0	0	0	0	0	0	0	0	0	0	0	0	0	0	0	0	0	0	0	0	0	0	0	0	0	0	0	0	0	0	0	0	0	0	0	0	0	0	0	0	0	0	1
OTU2214	0	0	0	0	0	0	0	0	0	0	0	0	0	0	0	0	0	0	0	0	0	0	0	0	0	0	0	0	0	0	0	0	0	0	0	0	0	0	0	0	0	0	0	0	0	0	0	0	0	0	0	0	0	0	0	1	0	0	0	0	0	0	0	0	0
OTU2263	0	0	0	0	0	0	0	0	0	0	0	0	0	0	0	0	0	0	0	0	0	0	0	0	0	0	0	0	0	0	0	0	0	0	0	0	0	0	0	0	0	0	0	0	0	0	0	0	0	0	0	0	0	0	0	0	0	0	0	0	0	1	0	0	0
OTU5250	0	0	0	0	0	0	0	0	0	0	0	0	0	0	0	0	0	0	0	0	0	0	0	0	0	0	0	0	0	0	0	0	0	0	0	0	0	0	0	0	0	0	0	0	0	0	0	0	0	0	0	0	0	0	0	0	0	0	0	0	0	0	0	1	0
OTU1844	0	0	0	0	0	0	0	1	0	0	0	0	0	0	0	0	0	0	0	0	0	0	0	0	0	0	0	0	0	0	0	0	0	0	0	0	0	0	0	0	0	0	0	0	0	0	0	0	0	0	0	0	0	0	0	0	0	0	0	0	0	0	0	0	0
OTU3905	0	0	0	0	0	0	0	0	1	0	0	0	0	0	0	0	0	0	0	0	0	0	0	0	0	0	0	0	0	0	0	0	0	0	0	0	0	0	0	0	0	0	0	0	0	0	0	0	0	0	0	0	0	0	0	0	0	0	0	0	0	0	0	0	0
OTU1437	0	0	0	0	0	0	0	0	0	0	0	0	0	0	0	0	0	0	0	0	0	0	0	0	0	0	0	0	0	0	0	0	0	0	0	0	0	0	0	0	0	0	0	0	0	0	0	0	0	0	0	0	1	0	0	0	0	0	0	0	0	0	0	0	0
OTU1356	0	0	0	0	0	0	0	0	0	0	0	0	0	0	0	0	0	0	0	0	0	0	1	0	0	0	0	0	0	0	0	0	0	0	0	0	0	0	0	0	0	0	0	0	0	0	0	0	0	0	0	0	0	0	0	0	0	0	0	0	0	0	0	0	0
OTU2822	0	0	0	0	0	0	0	0	0	0	0	0	0	0	0	0	0	0	0	0	0	0	0	0	0	0	0	0	0	0	0	0	0	0	0	0	0	0	0	0	0	0	0	0	0	0	0	0	0	0	0	0	0	0	0	0	0	0	1	0	0	0	0	0	0
OTU1631	0	0	0	0	0	0	0	0	0	0	0	0	0	0	0	0	0	0	0	0	0	0	0	0	0	0	0	0	0	0	0	0	0	0	0	0	0	0	0	0	0	0	0	0	0	0	0	0	0	0	0	0	0	0	0	0	0	0	0	0	0	1	0	0	0
OTU1491	0	0	0	0	0	0	0	0	0	0	0	0	0	0	0	0	0	0	0	0	0	0	0	0	0	0	0	0	0	0	0	0	0	0	0	0	0	0	0	0	0	0	0	0	0	0	0	0	0	0	0	0	0	0	0	0	0	1	0	0	0	0	0	0	0
OTU2933	0	0	0	0	0	0	0	0	0	0	0	0	0	0	0	0	0	0	0	0	0	0	0	0	0	0	0	0	0	0	0	0	0	0	0	0	0	0	0	0	0	0	0	0	0	0	0	0	0	0	0	0	0	0	0	0	0	0	0	0	0	0	1	0	0
OTU4338	1	0	0	0	0	0	0	0	0	0	0	0	0	0	0	0	0	0	0	0	0	0	0	0	0	0	0	0	0	0	0	0	0	0	0	0	0	0	0	0	0	0	0	0	0	0	0	0	0	0	0	0	0	0	0	0	0	0	0	0	0	0	0	0	0
OTU986	0	0	0	0	0	0	0	1	0	0	0	0	0	0	0	0	0	0	0	0	0	0	0	0	0	0	0	0	0	0	0	0	0	0	0	0	0	0	0	0	0	0	0	0	0	0	0	0	0	0	0	0	0	0	0	0	0	0	0	0	0	0	0	0	0
OTU1930	0	0	0	0	0	0	0	0	0	0	0	1	0	0	0	0	0	0	0	0	0	0	0	0	0	0	0	0	0	0	0	0	0	0	0	0	0	0	0	0	0	0	0	0	0	0	0	0	0	0	0	0	0	0	0	0	0	0	0	0	0	0	0	0	0
OTU4145	0	0	0	0	0	0	0	0	0	0	0	0	0	0	0	0	0	0	0	0	0	0	1	0	0	0	0	0	0	0	0	0	0	0	0	0	0	0	0	0	0	0	0	0	0	0	0	0	0	0	0	0	0	0	0	0	0	0	0	0	0	0	0	0	0
OTU2293	0	0	0	0	0	0	0	0	0	0	0	0	0	0	0	0	0	0	0	0	0	0	0	0	0	0	0	0	0	0	0	0	0	0	0	0	0	0	0	0	0	0	0	0	0	0	0	0	0	0	0	0	0	1	0	0	0	0	0	0	0	0	0	0	0
OTU2503	0	0	0	0	0	0	0	0	0	0	0	0	0	0	0	0	0	0	0	0	0	0	0	0	0	0	0	0	0	0	0	0	0	0	0	0	0	0	0	0	0	0	0	0	0	0	0	0	0	0	0	0	0	0	0	0	0	0	0	0	1	0	0	0	0
OTU2027	0	0	0	0	0	0	0	0	0	0	0	0	0	0	0	0	0	0	0	0	0	0	0	0	0	0	0	0	0	0	0	0	0	0	0	0	0	0	0	0	0	0	0	0	0	0	0	0	0	0	0	0	0	0	0	0	0	0	0	0	1	0	0	0	0
OTU1339	0	0	0	0	0	0	0	0	0	0	0	0	0	0	0	0	1	0	0	0	0	0	0	0	0	0	0	0	0	0	0	0	0	0	0	0	0	0	0	0	0	0	0	0	0	0	0	0	0	0	0	0	0	0	0	0	0	0	0	0	0	0	0	0	0
OTU1660	0	0	0	0	0	0	0	0	0	0	0	0	0	0	0	0	0	0	0	0	0	0	0	0	0	0	0	0	0	0	0	0	0	0	0	0	0	0	0	0	0	0	0	0	0	0	0	0	0	0	0	0	0	0	0	0	0	0	0	0	0	1	0	0	0
OTU1289	0	0	0	0	0	0	0	0	0	0	0	0	0	0	0	0	0	0	0	0	0	0	0	0	0	0	0	0	0	0	0	0	0	0	0	0	0	0	0	0	0	0	0	0	0	0	0	0	0	0	0	0	0	0	0	0	0	1	0	0	0	0	0	0	0
OTU3389	0	0	0	0	0	0	0	0	0	0	0	0	0	0	0	0	0	0	0	0	0	0	0	0	0	0	0	0	0	0	0	0	0	0	0	0	0	0	0	0	0	0	0	0	0	0	0	0	0	0	0	0	0	0	0	0	0	0	0	0	0	1	0	0	0
OTU1644	0	0	0	0	0	0	0	0	0	0	0	0	0	0	0	0	0	0	0	0	0	0	0	0	0	0	0	0	0	0	0	0	0	0	0	0	0	0	0	0	0	0	0	0	0	0	0	0	0	0	0	0	0	0	1	0	0	0	0	0	0	0	0	0	0
OTU1595	0	1	0	0	0	0	0	0	0	0	0	0	0	0	0	0	0	0	0	0	0	0	0	0	0	0	0	0	0	0	0	0	0	0	0	0	0	0	0	0	0	0	0	0	0	0	0	0	0	0	0	0	0	0	0	0	0	0	0	0	0	0	0	0	0
OTU1282	0	0	0	0	0	0	0	0	0	0	0	0	0	0	1	0	0	0	0	0	0	0	0	0	0	0	0	0	0	0	0	0	0	0	0	0	0	0	0	0	0	0	0	0	0	0	0	0	0	0	0	0	0	0	0	0	0	0	0	0	0	0	0	0	0
OTU4558	0	0	0	0	0	0	0	1	0	0	0	0	0	0	0	0	0	0	0	0	0	0	0	0	0	0	0	0	0	0	0	0	0	0	0	0	0	0	0	0	0	0	0	0	0	0	0	0	0	0	0	0	0	0	0	0	0	0	0	0	0	0	0	0	0
OTU1238	0	1	0	0	0	0	0	0	0	0	0	0	0	0	0	0	0	0	0	0	0	0	0	0	0	0	0	0	0	0	0	0	0	0	0	0	0	0	0	0	0	0	0	0	0	0	0	0	0	0	0	0	0	0	0	0	0	0	0	0	0	0	0	0	0
OTU3843	0	0	0	0	0	0	0	0	0	0	0	0	0	0	0	0	0	0	0	0	0	0	0	0	0	0	0	0	0	0	0	0	0	0	0	0	0	0	0	0	0	0	0	0	0	0	0	0	0	0	0	0	0	0	0	0	1	0	0	0	0	0	0	0	0
OTU1521	0	0	0	0	0	0	0	0	0	0	0	0	0	0	0	0	0	0	0	0	0	0	0	0	0	0	0	0	0	0	0	0	0	0	0	0	0	0	0	0	0	0	0	0	0	0	0	0	0	0	0	0	0	0	0	0	0	0	0	0	1	0	0	0	0
OTU3054	0	0	0	0	0	0	0	0	0	0	0	0	0	0	0	0	0	0	0	0	0	0	0	0	0	0	0	0	0	0	0	0	0	0	0	0	0	0	0	0	0	0	0	0	0	0	0	0	0	0	0	0	0	0	0	0	0	0	0	0	0	1	0	0	0
OTU1234	0	0	0	0	0	0	0	0	0	0	0	0	0	0	0	0	0	0	0	0	0	0	0	0	0	0	0	0	0	0	0	0	0	0	0	0	0	0	0	0	0	0	0	0	0	0	0	0	0	0	0	0	0	0	0	0	0	0	1	0	0	0	0	0	0
OTU1947	0	0	0	0	0	0	0	0	0	0	0	0	0	0	0	0	0	0	0	0	0	0	0	0	0	0	0	0	0	0	0	0	0	0	0	0	0	0	0	0	0	0	0	0	0	0	0	0	0	0	0	0	0	0	0	0	0	0	0	0	0	0	0	1	0
OTU2072	0	0	0	0	0	0	0	1	0	0	0	0	0	0	0	0	0	0	0	0	0	0	0	0	0	0	0	0	0	0	0	0	0	0	0	0	0	0	0	0	0	0	0	0	0	0	0	0	0	0	0	0	0	0	0	0	0	0	0	0	0	0	0	0	0
OTU1257	0	0	0	0	0	0	0	0	0	0	0	0	0	0	1	0	0	0	0	0	0	0	0	0	0	0	0	0	0	0	0	0	0	0	0	0	0	0	0	0	0	0	0	0	0	0	0	0	0	0	0	0	0	0	0	0	0	0	0	0	0	0	0	0	0
OTU1103	0	0	0	0	0	0	0	0	0	1	0	0	0	0	0	0	0	0	0	0	0	0	0	0	0	0	0	0	0	0	0	0	0	0	0	0	0	0	0	0	0	0	0	0	0	0	0	0	0	0	0	0	0	0	0	0	0	0	0	0	0	0	0	0	0
OTU5537	0	0	0	0	0	0	0	0	0	1	0	0	0	0	0	0	0	0	0	0	0	0	0	0	0	0	0	0	0	0	0	0	0	0	0	0	0	0	0	0	0	0	0	0	0	0	0	0	0	0	0	0	0	0	0	0	0	0	0	0	0	0	0	0	0
OTU1412	0	0	0	0	0	0	0	0	0	0	0	0	1	0	0	0	0	0	0	0	0	0	0	0	0	0	0	0	0	0	0	0	0	0	0	0	0	0	0	0	0	0	0	0	0	0	0	0	0	0	0	0	0	0	0	0	0	0	0	0	0	0	0	0	0
OTU1655	0	0	0	0	0	0	0	0	0	0	1	0	0	0	0	0	0	0	0	0	0	0	0	0	0	0	0	0	0	0	0	0	0	0	0	0	0	0	0	0	0	0	0	0	0	0	0	0	0	0	0	0	0	0	0	0	0	0	0	0	0	0	0	0	0
OTU4099	0	0	0	0	0	0	0	0	0	0	0	0	0	0	0	0	0	0	0	0	0	0	0	0	0	0	0	0	0	0	0	0	0	0	0	0	0	0	0	0	0	0	0	0	0	0	0	0	0	0	0	0	0	0	0	0	0	0	0	0	0	0	0	0	1
OTU2059	0	0	0	0	0	0	0	0	0	0	0	0	0	0	0	0	0	0	0	0	0	0	1	0	0	0	0	0	0	0	0	0	0	0	0	0	0	0	0	0	0	0	0	0	0	0	0	0	0	0	0	0	0	0	0	0	0	0	0	0	0	0	0	0	0
OTU1601	0	0	0	0	0	0	0	0	0	0	0	0	0	0	0	0	0	0	0	0	0	0	0	0	0	0	0	0	0	0	0	0	0	0	0	0	0	0	0	0	0	0	0	0	0	0	0	0	0	0	0	0	0	0	0	0	0	0	0	0	0	0	0	0	1
OTU1710	0	0	0	0	0	0	0	0	0	0	0	0	1	0	0	0	0	0	0	0	0	0	0	0	0	0	0	0	0	0	0	0	0	0	0	0	0	0	0	0	0	0	0	0	0	0	0	0	0	0	0	0	0	0	0	0	0	0	0	0	0	0	0	0	0
OTU1113	0	0	0	0	0	0	0	0	0	0	0	0	0	1	0	0	0	0	0	0	0	0	0	0	0	0	0	0	0	0	0	0	0	0	0	0	0	0	0	0	0	0	0	0	0	0	0	0	0	0	0	0	0	0	0	0	0	0	0	0	0	0	0	0	0
OTU1287	0	0	0	0	0	0	0	0	0	0	0	0	0	0	1	0	0	0	0	0	0	0	0	0	0	0	0	0	0	0	0	0	0	0	0	0	0	0	0	0	0	0	0	0	0	0	0	0	0	0	0	0	0	0	0	0	0	0	0	0	0	0	0	0	0
OTU1294	0	0	0	0	0	0	0	0	0	0	0	1	0	0	0	0	0	0	0	0	0	0	0	0	0	0	0	0	0	0	0	0	0	0	0	0	0	0	0	0	0	0	0	0	0	0	0	0	0	0	0	0	0	0	0	0	0	0	0	0	0	0	0	0	0
OTU2795	0	0	0	0	0	0	0	0	0	0	0	0	0	0	1	0	0	0	0	0	0	0	0	0	0	0	0	0	0	0	0	0	0	0	0	0	0	0	0	0	0	0	0	0	0	0	0	0	0	0	0	0	0	0	0	0	0	0	0	0	0	0	0	0	0
OTU4396	0	0	0	0	0	0	0	0	0	0	0	0	0	1	0	0	0	0	0	0	0	0	0	0	0	0	0	0	0	0	0	0	0	0	0	0	0	0	0	0	0	0	0	0	0	0	0	0	0	0	0	0	0	0	0	0	0	0	0	0	0	0	0	0	0
OTU2939	0	0	0	0	0	0	0	0	0	0	0	0	0	0	0	0	0	0	0	0	0	0	0	0	0	0	0	0	0	0	0	0	0	0	0	0	0	0	0	0	0	0	0	0	0	0	0	0	0	0	0	0	0	0	0	0	0	0	1	0	0	0	0	0	0
OTU5345	0	0	0	0	0	0	0	0	0	0	0	0	0	0	0	0	0	0	0	0	0	0	0	0	0	0	0	0	0	0	0	0	0	0	0	0	0	0	0	0	0	0	0	0	0	0	0	0	0	0	0	0	0	0	1	0	0	0	0	0	0	0	0	0	0
OTU1838	0	0	0	0	0	0	0	0	0	0	0	0	0	0	0	0	0	0	0	0	0	0	0	0	0	0	0	0	0	0	0	0	0	0	0	0	0	0	0	0	0	0	0	0	0	0	0	0	0	0	0	0	0	1	0	0	0	0	0	0	0	0	0	0	0
OTU5305	0	0	0	0	0	0	0	0	0	0	0	0	0	0	0	0	0	0	0	0	0	0	0	0	0	0	0	0	0	0	0	0	0	0	0	0	0	0	0	0	0	0	0	0	0	0	0	0	0	0	0	0	0	0	0	0	1	0	0	0	0	0	0	0	0
OTU2023	0	0	0	0	0	0	0	0	0	0	0	0	0	0	0	0	0	0	0	0	0	0	0	0	0	0	0	0	0	0	0	0	0	0	0	0	0	0	0	0	0	0	0	0	0	0	0	0	0	0	0	0	0	0	0	0	0	0	0	0	0	0	0	0	1
OTU2315	0	0	0	0	0	0	0	0	0	0	0	0	0	0	0	0	0	0	0	0	0	0	0	0	0	0	0	0	0	0	0	0	0	0	0	0	0	0	0	0	0	0	0	0	0	0	0	0	0	0	0	0	0	0	1	0	0	0	0	0	0	0	0	0	0
OTU3284	0	0	0	0	0	0	0	0	0	0	0	0	0	0	0	0	0	0	0	0	0	0	0	0	0	0	0	0	0	0	0	0	0	0	0	0	0	0	0	0	0	0	0	0	0	0	0	0	0	0	0	0	0	0	0	0	0	0	0	0	0	1	0	0	0
OTU1572	0	0	0	0	0	0	0	0	0	1	0	0	0	0	0	0	0	0	0	0	0	0	0	0	0	0	0	0	0	0	0	0	0	0	0	0	0	0	0	0	0	0	0	0	0	0	0	0	0	0	0	0	0	0	0	0	0	0	0	0	0	0	0	0	0
OTU1461	0	0	0	0	0	0	0	0	0	0	0	0	1	0	0	0	0	0	0	0	0	0	0	0	0	0	0	0	0	0	0	0	0	0	0	0	0	0	0	0	0	0	0	0	0	0	0	0	0	0	0	0	0	0	0	0	0	0	0	0	0	0	0	0	0
OTU1135	0	0	0	0	0	0	0	0	0	0	0	1	0	0	0	0	0	0	0	0	0	0	0	0	0	0	0	0	0	0	0	0	0	0	0	0	0	0	0	0	0	0	0	0	0	0	0	0	0	0	0	0	0	0	0	0	0	0	0	0	0	0	0	0	0
OTU1711	0	0	0	0	0	0	0	0	0	0	0	0	0	0	1	0	0	0	0	0	0	0	0	0	0	0	0	0	0	0	0	0	0	0	0	0	0	0	0	0	0	0	0	0	0	0	0	0	0	0	0	0	0	0	0	0	0	0	0	0	0	0	0	0	0
OTU1974	0	0	0	0	0	0	0	0	0	0	0	0	0	0	1	0	0	0	0	0	0	0	0	0	0	0	0	0	0	0	0	0	0	0	0	0	0	0	0	0	0	0	0	0	0	0	0	0	0	0	0	0	0	0	0	0	0	0	0	0	0	0	0	0	0
OTU2940	0	0	0	0	0	0	0	0	0	0	0	0	0	1	0	0	0	0	0	0	0	0	0	0	0	0	0	0	0	0	0	0	0	0	0	0	0	0	0	0	0	0	0	0	0	0	0	0	0	0	0	0	0	0	0	0	0	0	0	0	0	0	0	0	0
OTU2338	0	0	0	0	0	0	0	0	0	0	0	0	0	0	1	0	0	0	0	0	0	0	0	0	0	0	0	0	0	0	0	0	0	0	0	0	0	0	0	0	0	0	0	0	0	0	0	0	0	0	0	0	0	0	0	0	0	0	0	0	0	0	0	0	0
OTU2040	0	0	0	0	1	0	0	0	0	0	0	0	0	0	0	0	0	0	0	0	0	0	0	0	0	0	0	0	0	0	0	0	0	0	0	0	0	0	0	0	0	0	0	0	0	0	0	0	0	0	0	0	0	0	0	0	0	0	0	0	0	0	0	0	0
OTU1540	0	0	0	0	0	0	0	0	1	0	0	0	0	0	0	0	0	0	0	0	0	0	0	0	0	0	0	0	0	0	0	0	0	0	0	0	0	0	0	0	0	0	0	0	0	0	0	0	0	0	0	0	0	0	0	0	0	0	0	0	0	0	0	0	0
OTU2296	0	0	0	0	0	0	0	0	0	0	0	0	0	0	1	0	0	0	0	0	0	0	0	0	0	0	0	0	0	0	0	0	0	0	0	0	0	0	0	0	0	0	0	0	0	0	0	0	0	0	0	0	0	0	0	0	0	0	0	0	0	0	0	0	0
OTU1554	0	0	0	0	0	0	0	0	0	0	0	0	0	0	0	0	0	0	0	0	0	0	0	0	0	0	0	0	0	0	0	0	0	0	0	0	0	0	0	0	0	0	0	0	0	0	0	0	0	0	0	0	0	0	0	1	0	0	0	0	0	0	0	0	0
OTU2782	0	0	0	0	0	0	0	0	0	0	0	0	0	0	0	0	0	0	0	0	0	0	0	0	0	0	0	0	0	0	0	0	0	0	0	0	0	0	0	0	0	0	0	0	0	0	0	0	0	0	0	0	0	0	0	0	0	0	0	1	0	0	0	0	0
OTU1839	0	0	0	0	0	0	0	0	0	0	0	0	0	0	0	0	0	0	0	0	0	0	0	0	0	0	0	0	0	0	0	0	0	0	0	0	0	0	0	0	0	0	0	0	0	0	0	0	0	0	0	0	0	0	0	0	0	0	0	0	0	1	0	0	0
OTU2973	0	0	0	0	0	0	0	0	0	0	0	0	0	0	0	0	0	0	0	0	0	0	0	0	0	0	0	0	0	0	0	0	0	0	0	0	0	0	0	0	0	0	0	0	0	0	0	0	0	0	0	0	0	0	0	0	0	0	0	0	0	1	0	0	0
OTU2017	0	0	0	0	0	0	0	0	0	0	0	0	0	0	0	0	0	0	0	0	0	0	0	0	0	0	0	0	0	0	0	0	0	0	0	0	0	0	0	0	0	0	0	0	0	0	0	0	0	0	0	0	0	0	0	0	1	0	0	0	0	0	0	0	0
OTU4236	0	0	0	0	0	0	0	0	0	0	0	0	0	0	0	0	0	0	0	0	0	0	0	0	0	0	0	0	0	0	0	0	0	0	0	0	0	0	0	0	0	0	0	0	0	0	0	0	0	0	0	0	0	0	0	0	1	0	0	0	0	0	0	0	0
OTU2946	0	0	0	0	0	0	0	0	0	0	0	0	0	0	0	0	0	0	0	0	0	0	0	0	0	0	0	0	0	0	0	0	0	0	0	0	0	0	0	0	0	0	0	0	0	0	0	0	0	0	0	0	0	0	0	0	1	0	0	0	0	0	0	0	0
OTU3535	0	0	0	0	0	0	0	0	0	0	0	0	0	0	0	0	0	0	0	0	0	0	0	0	0	0	0	0	0	0	0	0	0	0	0	0	0	0	0	0	0	0	0	0	0	0	0	0	0	0	0	0	0	0	0	0	0	0	0	1	0	0	0	0	0
OTU3590	0	0	0	0	0	0	0	0	0	0	0	0	0	0	0	0	0	0	0	0	0	0	0	0	0	0	0	0	0	0	0	0	0	0	0	0	0	0	0	0	0	0	0	0	0	0	0	0	0	0	0	0	0	0	0	0	0	0	0	0	0	1	0	0	0
OTU5162	0	0	0	0	0	0	0	0	0	0	0	0	0	0	0	0	0	0	0	0	0	0	0	0	0	0	0	0	0	0	0	0	0	0	0	0	0	0	0	0	0	0	0	0	0	0	0	0	0	0	0	0	0	0	0	0	0	0	0	0	0	0	0	1	0
OTU2369	0	0	0	0	0	0	0	0	0	0	0	1	0	0	0	0	0	0	0	0	0	0	0	0	0	0	0	0	0	0	0	0	0	0	0	0	0	0	0	0	0	0	0	0	0	0	0	0	0	0	0	0	0	0	0	0	0	0	0	0	0	0	0	0	0
OTU1955	0	0	0	0	0	0	0	0	0	0	0	0	0	1	0	0	0	0	0	0	0	0	0	0	0	0	0	0	0	0	0	0	0	0	0	0	0	0	0	0	0	0	0	0	0	0	0	0	0	0	0	0	0	0	0	0	0	0	0	0	0	0	0	0	0
OTU2788	0	0	0	0	0	0	0	0	0	0	0	0	0	1	0	0	0	0	0	0	0	0	0	0	0	0	0	0	0	0	0	0	0	0	0	0	0	0	0	0	0	0	0	0	0	0	0	0	0	0	0	0	0	0	0	0	0	0	0	0	0	0	0	0	0
OTU2222	0	0	0	0	0	0	0	0	0	0	0	0	0	0	1	0	0	0	0	0	0	0	0	0	0	0	0	0	0	0	0	0	0	0	0	0	0	0	0	0	0	0	0	0	0	0	0	0	0	0	0	0	0	0	0	0	0	0	0	0	0	0	0	0	0
OTU1126	0	0	0	0	0	0	0	0	0	0	0	0	0	0	1	0	0	0	0	0	0	0	0	0	0	0	0	0	0	0	0	0	0	0	0	0	0	0	0	0	0	0	0	0	0	0	0	0	0	0	0	0	0	0	0	0	0	0	0	0	0	0	0	0	0
OTU3100	0	0	0	0	0	0	0	0	0	0	0	0	0	0	1	0	0	0	0	0	0	0	0	0	0	0	0	0	0	0	0	0	0	0	0	0	0	0	0	0	0	0	0	0	0	0	0	0	0	0	0	0	0	0	0	0	0	0	0	0	0	0	0	0	0
OTU1260	0	0	0	0	0	0	0	0	0	0	0	0	1	0	0	0	0	0	0	0	0	0	0	0	0	0	0	0	0	0	0	0	0	0	0	0	0	0	0	0	0	0	0	0	0	0	0	0	0	0	0	0	0	0	0	0	0	0	0	0	0	0	0	0	0
OTU3972	0	0	0	0	0	0	0	0	0	0	0	0	0	0	0	0	0	0	0	0	0	0	0	0	1	0	0	0	0	0	0	0	0	0	0	0	0	0	0	0	0	0	0	0	0	0	0	0	0	0	0	0	0	0	0	0	0	0	0	0	0	0	0	0	0
OTU1898	0	0	0	0	0	0	0	0	0	0	0	0	0	0	0	0	0	0	0	0	0	0	0	0	0	0	0	0	0	0	0	0	0	0	0	0	0	0	0	0	0	0	0	0	0	0	0	0	0	0	0	0	0	0	0	0	0	0	0	0	0	0	1	0	0
OTU1976	0	0	0	0	0	0	0	0	0	0	0	0	0	0	0	0	0	0	0	0	0	0	0	0	0	0	0	0	0	0	0	0	0	0	0	0	0	0	0	0	0	0	0	0	0	0	0	0	0	0	0	0	0	0	0	0	0	1	0	0	0	0	0	0	0
OTU4004	0	0	0	0	0	0	0	0	0	0	0	0	0	0	0	0	0	0	0	0	0	0	0	0	0	0	0	0	0	0	0	0	0	0	0	0	0	0	0	0	0	0	0	0	0	0	0	0	0	0	0	0	0	0	0	0	0	0	0	0	0	1	0	0	0
OTU5348	0	0	0	0	0	0	0	0	0	0	0	0	0	0	0	0	0	0	0	0	0	0	0	0	0	0	0	0	0	0	0	0	0	0	0	0	0	0	0	0	0	0	0	0	0	0	0	0	0	0	0	0	0	0	0	0	1	0	0	0	0	0	0	0	0
OTU2283	0	0	0	0	0	0	0	0	0	0	0	0	0	0	0	0	0	0	0	0	0	0	0	0	0	0	0	0	0	0	0	0	0	0	0	0	0	0	0	0	0	0	0	0	0	0	0	0	0	0	0	0	0	0	0	0	0	0	0	0	0	1	0	0	0
OTU3842	0	0	0	0	0	0	0	0	0	0	0	0	0	0	0	0	0	0	0	0	0	0	0	0	0	0	0	0	0	0	0	0	0	0	0	0	0	0	0	0	0	0	0	0	0	0	0	0	0	0	0	0	0	0	0	0	0	0	1	0	0	0	0	0	0
OTU1577	0	0	0	0	0	0	0	0	0	0	0	0	0	0	0	0	0	0	0	0	0	0	0	0	0	0	0	0	0	0	0	0	0	0	0	0	0	0	0	0	0	0	0	0	0	0	0	0	0	0	0	0	0	0	0	0	1	0	0	0	0	0	0	0	0
OTU1205	0	0	0	0	0	0	0	0	0	0	0	0	0	1	0	0	0	0	0	0	0	0	0	0	0	0	0	0	0	0	0	0	0	0	0	0	0	0	0	0	0	0	0	0	0	0	0	0	0	0	0	0	0	0	0	0	0	0	0	0	0	0	0	0	0
OTU1094	0	0	0	0	0	0	0	0	0	1	0	0	0	0	0	0	0	0	0	0	0	0	0	0	0	0	0	0	0	0	0	0	0	0	0	0	0	0	0	0	0	0	0	0	0	0	0	0	0	0	0	0	0	0	0	0	0	0	0	0	0	0	0	0	0
OTU1022	0	0	0	0	0	0	0	0	0	0	0	0	0	0	0	0	0	0	0	0	0	0	0	0	0	0	0	0	1	0	0	0	0	0	0	0	0	0	0	0	0	0	0	0	0	0	0	0	0	0	0	0	0	0	0	0	0	0	0	0	0	0	0	0	0
OTU4904	0	0	0	0	0	0	0	0	0	0	0	0	0	0	0	0	0	0	0	0	0	0	0	0	0	0	0	0	0	1	0	0	0	0	0	0	0	0	0	0	0	0	0	0	0	0	0	0	0	0	0	0	0	0	0	0	0	0	0	0	0	0	0	0	0
OTU3283	0	0	0	0	0	0	0	0	0	0	0	0	0	0	0	0	0	0	0	0	0	0	0	0	1	0	0	0	0	0	0	0	0	0	0	0	0	0	0	0	0	0	0	0	0	0	0	0	0	0	0	0	0	0	0	0	0	0	0	0	0	0	0	0	0
OTU2603	0	0	0	0	0	0	0	0	0	0	0	0	0	0	0	0	0	0	0	0	0	0	0	0	0	0	0	0	0	0	0	0	0	0	0	0	0	0	0	0	0	0	0	0	0	0	0	0	0	0	0	0	0	0	0	0	0	1	0	0	0	0	0	0	0
OTU2510	0	0	0	0	0	0	0	0	0	0	0	0	0	0	0	0	0	0	0	0	0	0	0	0	0	0	0	0	0	0	0	0	0	0	0	0	0	0	0	0	0	0	0	0	0	0	0	0	0	0	0	0	0	0	0	0	1	0	0	0	0	0	0	0	0
OTU2911	0	0	0	0	0	0	0	0	0	0	0	0	0	0	0	0	0	0	0	0	0	0	0	0	0	0	0	0	0	0	0	0	0	0	0	0	0	0	0	0	0	0	0	0	0	0	0	0	0	0	0	0	0	0	0	0	0	0	0	0	0	1	0	0	0
OTU3584	0	0	0	0	0	0	0	0	0	0	0	0	0	0	0	0	0	0	0	0	0	0	0	0	0	0	0	0	0	0	0	0	0	0	0	0	0	0	0	0	0	0	0	0	0	0	0	0	0	0	0	0	0	0	0	0	0	0	0	0	1	0	0	0	0
OTU2082	0	0	0	0	0	0	0	0	0	0	0	0	0	0	0	0	0	0	0	0	0	0	0	0	0	0	0	0	0	0	0	0	0	0	0	0	0	0	0	0	0	0	0	0	0	0	0	0	0	0	0	0	0	0	0	0	0	0	0	1	0	0	0	0	0
OTU5474	0	0	0	0	0	0	0	0	0	0	0	0	0	0	0	0	0	0	0	0	0	0	0	0	0	0	0	0	0	0	0	0	0	0	0	0	0	0	0	0	0	0	0	0	0	0	0	0	0	0	0	0	0	0	0	0	0	0	0	0	0	1	0	0	0
OTU4134	0	0	0	0	0	0	0	0	0	0	0	0	0	0	0	0	0	0	0	0	0	0	0	0	0	0	0	0	0	0	0	0	0	0	0	0	0	0	0	0	0	0	0	0	0	0	0	0	0	0	0	0	0	0	0	0	0	0	0	0	0	1	0	0	0
OTU2034	0	0	0	0	0	0	0	0	0	1	0	0	0	0	0	0	0	0	0	0	0	0	0	0	0	0	0	0	0	0	0	0	0	0	0	0	0	0	0	0	0	0	0	0	0	0	0	0	0	0	0	0	0	0	0	0	0	0	0	0	0	0	0	0	0
OTU1586	0	0	0	0	0	0	0	0	0	0	0	0	0	0	1	0	0	0	0	0	0	0	0	0	0	0	0	0	0	0	0	0	0	0	0	0	0	0	0	0	0	0	0	0	0	0	0	0	0	0	0	0	0	0	0	0	0	0	0	0	0	0	0	0	0
OTU2117	0	0	0	0	0	0	0	0	0	0	1	0	0	0	0	0	0	0	0	0	0	0	0	0	0	0	0	0	0	0	0	0	0	0	0	0	0	0	0	0	0	0	0	0	0	0	0	0	0	0	0	0	0	0	0	0	0	0	0	0	0	0	0	0	0
OTU4864	0	0	0	0	0	0	0	0	0	0	0	1	0	0	0	0	0	0	0	0	0	0	0	0	0	0	0	0	0	0	0	0	0	0	0	0	0	0	0	0	0	0	0	0	0	0	0	0	0	0	0	0	0	0	0	0	0	0	0	0	0	0	0	0	0
OTU1803	0	0	0	0	0	0	0	0	0	0	0	0	0	0	0	1	0	0	0	0	0	0	0	0	0	0	0	0	0	0	0	0	0	0	0	0	0	0	0	0	0	0	0	0	0	0	0	0	0	0	0	0	0	0	0	0	0	0	0	0	0	0	0	0	0
OTU1175	0	0	0	0	0	0	0	0	0	0	0	0	0	0	0	0	0	0	0	0	0	0	0	0	0	0	0	0	0	0	0	0	0	0	0	0	0	0	0	0	0	0	0	0	0	0	0	0	0	0	0	1	0	0	0	0	0	0	0	0	0	0	0	0	0
OTU2766	0	0	0	0	0	0	0	0	0	0	0	0	0	0	0	0	0	0	0	0	0	0	0	0	0	0	0	0	0	0	0	0	0	0	0	0	0	0	0	0	0	0	0	0	0	0	0	0	0	0	0	0	0	0	0	0	0	0	1	0	0	0	0	0	0
OTU1227	0	0	0	0	0	0	0	0	0	0	0	0	0	0	0	0	0	0	0	0	0	0	0	0	0	0	0	0	0	0	0	0	0	0	0	0	0	0	0	0	0	0	0	0	0	0	0	0	0	0	0	0	0	0	0	0	0	0	0	0	0	0	0	1	0
OTU1562	0	0	0	0	0	0	0	0	0	0	0	0	0	0	0	0	0	0	0	0	0	0	0	0	0	0	0	0	0	0	0	0	0	0	0	0	0	0	0	0	0	0	0	0	0	0	0	0	0	0	0	0	0	0	0	0	0	0	0	0	0	1	0	0	0
OTU3637	0	0	0	0	0	0	0	0	0	0	0	0	0	0	0	0	0	0	0	0	0	0	0	0	0	0	0	0	0	0	0	0	0	0	0	0	0	0	0	0	0	0	0	0	0	0	0	0	0	0	0	0	0	0	0	0	0	0	0	0	0	1	0	0	0
OTU1950	0	0	0	0	0	0	0	0	0	0	0	1	0	0	0	0	0	0	0	0	0	0	0	0	0	0	0	0	0	0	0	0	0	0	0	0	0	0	0	0	0	0	0	0	0	0	0	0	0	0	0	0	0	0	0	0	0	0	0	0	0	0	0	0	0
OTU4111	0	0	0	0	0	0	0	0	0	0	0	0	0	0	0	0	0	0	0	0	0	0	0	0	0	0	0	0	0	0	0	0	0	0	0	0	0	0	0	0	0	0	0	0	0	0	0	1	0	0	0	0	0	0	0	0	0	0	0	0	0	0	0	0	0
OTU4971	0	0	0	0	0	0	0	0	0	0	0	0	0	0	0	0	0	0	0	0	0	0	0	0	0	0	0	0	0	0	0	0	0	0	0	0	0	0	0	0	0	0	0	0	0	0	0	0	0	0	0	0	0	0	0	0	0	1	0	0	0	0	0	0	0
OTU4123	0	0	0	0	0	0	0	0	0	0	0	0	0	0	0	0	0	0	0	0	0	0	0	0	0	0	0	0	0	0	0	0	0	0	0	0	0	0	0	0	0	0	0	0	0	0	0	0	0	0	0	0	0	0	0	0	1	0	0	0	0	0	0	0	0
OTU1570	0	0	0	0	0	0	0	0	0	0	0	0	0	0	0	0	0	0	0	0	0	0	0	0	0	0	0	0	0	0	0	0	0	0	0	0	0	0	0	0	0	0	0	0	0	0	0	0	0	0	0	0	0	0	0	0	0	0	0	0	0	1	0	0	0
OTU1695	0	0	0	0	0	0	0	0	0	0	0	0	0	0	0	0	0	0	0	0	0	0	0	0	0	0	0	0	0	0	0	0	0	0	0	0	0	0	0	0	0	0	0	0	0	0	0	0	0	0	0	0	0	0	0	0	0	0	0	1	0	0	0	0	0
OTU1225	0	0	0	0	0	0	0	0	0	0	0	0	0	0	0	0	0	0	0	0	0	0	0	0	0	0	0	0	0	0	0	0	0	0	0	0	0	0	0	0	0	0	0	0	0	0	0	0	0	0	0	0	0	0	0	0	1	0	0	0	0	0	0	0	0
OTU1970	0	0	0	0	0	0	0	0	0	0	0	0	0	0	1	0	0	0	0	0	0	0	0	0	0	0	0	0	0	0	0	0	0	0	0	0	0	0	0	0	0	0	0	0	0	0	0	0	0	0	0	0	0	0	0	0	0	0	0	0	0	0	0	0	0
OTU2711	0	0	0	0	0	0	0	0	0	0	0	0	0	0	0	0	0	0	0	0	0	0	0	0	0	0	0	0	0	0	0	0	0	0	0	0	0	0	0	0	0	0	0	0	0	0	0	0	0	0	0	0	0	0	0	0	0	1	0	0	0	0	0	0	0
OTU1714	0	0	0	0	0	0	0	0	0	0	0	0	0	0	0	0	0	0	0	0	0	0	0	0	0	0	0	0	0	0	0	0	0	0	0	0	0	0	0	0	0	0	0	0	0	0	0	0	0	0	0	0	0	0	0	1	0	0	0	0	0	0	0	0	0
OTU1563	0	0	0	0	0	0	0	0	0	0	0	0	0	0	0	0	0	0	0	0	0	0	0	0	0	0	0	0	0	0	0	0	0	0	0	0	0	0	0	0	0	0	0	0	0	0	0	0	0	0	0	0	0	0	0	0	1	0	0	0	0	0	0	0	0
OTU1745	0	0	0	0	0	0	0	0	0	0	0	0	0	0	0	0	0	1	0	0	0	0	0	0	0	0	0	0	0	0	0	0	0	0	0	0	0	0	0	0	0	0	0	0	0	0	0	0	0	0	0	0	0	0	0	0	0	0	0	0	0	0	0	0	0
OTU1524	0	0	0	0	0	0	0	0	0	0	0	0	0	0	0	0	0	0	0	0	0	0	0	1	0	0	0	0	0	0	0	0	0	0	0	0	0	0	0	0	0	0	0	0	0	0	0	0	0	0	0	0	0	0	0	0	0	0	0	0	0	0	0	0	0
OTU1817	0	0	0	0	0	0	0	0	0	0	0	0	0	0	0	0	0	0	0	0	0	0	0	1	0	0	0	0	0	0	0	0	0	0	0	0	0	0	0	0	0	0	0	0	0	0	0	0	0	0	0	0	0	0	0	0	0	0	0	0	0	0	0	0	0
OTU3380	0	0	0	0	0	0	0	0	0	0	0	0	0	0	0	0	0	0	0	0	0	0	0	0	0	0	0	0	0	0	0	0	0	0	0	0	0	0	0	0	0	0	0	0	0	1	0	0	0	0	0	0	0	0	0	0	0	0	0	0	0	0	0	0	0
OTU1062	0	0	0	0	0	0	0	0	0	0	0	0	0	0	0	0	0	0	0	0	0	0	0	0	0	0	0	0	0	0	0	0	0	0	0	0	0	0	0	0	1	0	0	0	0	0	0	0	0	0	0	0	0	0	0	0	0	0	0	0	0	0	0	0	0
OTU3138	0	0	0	0	0	0	0	0	0	0	0	0	0	0	0	1	0	0	0	0	0	0	0	0	0	0	0	0	0	0	0	0	0	0	0	0	0	0	0	0	0	0	0	0	0	0	0	0	0	0	0	0	0	0	0	0	0	0	0	0	0	0	0	0	0
OTU2284	0	0	0	0	0	0	0	0	0	0	0	0	0	0	0	0	0	0	0	0	0	1	0	0	0	0	0	0	0	0	0	0	0	0	0	0	0	0	0	0	0	0	0	0	0	0	0	0	0	0	0	0	0	0	0	0	0	0	0	0	0	0	0	0	0
OTU1891	0	0	0	0	0	0	0	0	0	0	0	0	0	0	0	0	1	0	0	0	0	0	0	0	0	0	0	0	0	0	0	0	0	0	0	0	0	0	0	0	0	0	0	0	0	0	0	0	0	0	0	0	0	0	0	0	0	0	0	0	0	0	0	0	0
OTU3073	0	0	0	0	0	0	0	0	0	0	0	0	0	0	0	1	0	0	0	0	0	0	0	0	0	0	0	0	0	0	0	0	0	0	0	0	0	0	0	0	0	0	0	0	0	0	0	0	0	0	0	0	0	0	0	0	0	0	0	0	0	0	0	0	0
