Sample ID	a1	A1	a2	A2	a3	A3	a4	a5	a6	b1	B1	b2	B2	b3	B3	b4	b5	b6	c1	C1	c2	C2	c3	C3	c4	c5	c6	ck1	CK1	ck2	CK2	ck3	CK3	ck4	CK4	ck5	CK5	ck6	CK6	d1	D1	d2	D2	d3	D3	d4	d5	d6
Uniq95	11	19	27	11	9	12	12	13	3	1	32	1	25	2	19	2	40	7	3	2	4	7	4	31	3	0	1	0	16	1	13	0	41	0	15	0	3	1	9	1	1	1	0	1	0	1	2	2
Uniq233	36	0	14	0	15	0	25	18	32	30	0	9	0	21	0	18	13	18	2	0	13	0	22	0	11	15	6	44	0	36	0	41	0	43	0	41	0	29	0	18	0	3	0	3	0	5	10	14
Uniq182	10	0	5	0	11	0	13	10	9	7	0	7	0	7	0	14	12	9	5	0	6	0	3	0	3	5	7	8	0	12	0	8	0	8	0	10	0	11	0	7	0	5	0	5	0	4	3	8
Uniq407	11	0	20	0	19	0	10	19	11	5	0	10	0	7	0	17	4	8	10	0	4	0	2	0	2	1	1	13	0	9	0	15	0	15	0	14	0	20	0	4	0	4	0	8	0	4	5	7
Uniq983	6	0	6	0	10	0	5	8	3	1	0	1	0	0	0	1	2	2	1	0	1	0	0	0	1	0	0	1	0	1	0	0	0	1	0	1	0	1	0	1	0	1	0	3	0	1	0	1
Uniq1464	4	0	6	0	8	0	2	4	2	0	0	1	0	0	0	0	1	1	0	0	1	0	0	0	0	0	0	1	0	0	0	1	0	0	0	0	0	1	0	1	0	0	0	2	0	1	1	1
Uniq62	124	0	35	0	44	0	72	68	104	84	0	27	0	60	0	56	40	71	7	0	38	0	67	0	33	53	19	131	0	124	0	128	0	140	0	131	0	92	0	56	0	10	0	12	0	14	34	41
Uniq1362	2	0	2	0	2	0	2	3	2	0	0	0	0	0	0	0	0	1	1	0	0	0	0	0	0	0	0	2	0	3	0	4	0	2	0	3	0	2	0	1	0	1	0	1	0	1	2	2
Uniq1938	4	0	4	0	4	0	7	5	7	1	0	1	0	2	0	1	1	1	0	0	1	0	0	0	2	1	0	4	0	2	0	2	0	2	0	2	0	4	0	1	0	1	0	1	0	3	1	3
Uniq236	33	0	9	0	11	0	23	21	27	27	0	6	0	16	0	20	12	19	2	0	10	0	19	0	9	14	4	35	0	34	0	35	0	38	0	40	0	25	0	17	0	3	0	4	0	5	11	15
Uniq119	63	0	19	0	21	0	44	34	55	42	0	12	0	29	0	31	22	39	4	0	21	0	38	0	16	26	9	63	0	67	0	70	0	76	0	64	0	45	0	35	0	5	0	6	0	8	16	25
Uniq846	4	0	4	0	4	0	4	4	4	3	0	3	0	3	0	4	4	4	1	0	2	0	1	0	1	1	2	5	0	5	0	3	0	3	0	2	0	2	0	2	0	1	0	2	0	2	2	3
Uniq2122	4	0	2	0	2	0	1	2	3	0	0	1	0	0	0	0	1	0	0	0	0	0	0	0	0	0	0	4	0	2	0	2	0	1	0	2	0	2	0	1	0	2	0	1	0	1	0	1
Uniq298	18	0	30	0	33	0	14	26	14	3	0	5	0	1	0	5	5	5	3	0	3	0	1	0	5	1	2	3	0	5	0	2	0	2	0	3	0	2	0	2	0	5	0	5	0	3	2	4
Uniq1438	2	0	2	0	3	0	3	1	3	2	0	1	0	0	0	2	3	1	1	0	2	0	0	0	2	0	2	3	0	3	0	0	0	0	0	1	0	1	0	2	0	2	0	1	0	1	2	2
Uniq591	11	0	11	0	18	0	5	14	7	2	0	3	0	0	0	3	3	3	2	0	1	0	0	0	3	0	0	1	0	2	0	2	0	1	0	1	0	1	0	1	0	2	0	4	0	1	0	3
Uniq397	12	0	17	0	24	0	11	16	12	6	0	9	0	8	0	18	6	9	8	0	5	0	2	0	2	1	2	11	0	10	0	14	0	13	0	14	0	18	0	3	0	4	0	8	0	5	4	8
Uniq459	8	0	8	0	19	0	11	12	11	12	0	11	0	8	0	17	13	14	2	0	4	0	3	0	4	5	4	8	0	12	0	6	0	9	0	6	0	8	0	6	0	6	0	7	0	3	7	11
Uniq140	18	0	13	0	21	0	15	18	18	10	0	10	0	10	0	23	20	14	7	0	9	0	4	0	5	7	12	16	0	19	0	16	0	22	0	16	0	20	0	11	0	10	0	7	0	6	8	15
Uniq2773	1	0	1	0	0	0	0	1	0	1	1	0	0	0	0	0	1	0	0	0	0	0	0	0	0	0	0	0	0	1	0	1	0	1	0	0	0	1	0	0	0	1	0	0	0	0	0	0
Uniq1177	4	0	7	0	6	0	3	5	3	1	0	3	0	4	0	6	1	2	3	0	2	0	1	0	1	1	0	6	0	2	0	4	0	4	0	4	0	6	0	1	0	2	0	2	0	3	2	3
Uniq666	7	0	9	0	14	0	6	12	2	1	0	3	0	0	0	1	1	2	0	0	0	0	1	0	2	0	1	1	0	2	0	0	0	1	0	1	0	2	0	0	0	1	0	2	0	1	0	2
Uniq1998	0	0	0	0	0	0	0	0	0	0	0	0	0	0	0	0	0	0	0	0	0	0	0	0	0	0	0	0	0	0	0	0	0	0	0	0	0	0	0	0	0	0	0	1	0	0	0	0
Uniq53	159	0	44	0	65	0	100	90	140	121	0	33	0	77	0	78	56	100	10	0	54	0	81	0	41	76	25	173	0	170	0	168	0	176	0	170	0	123	0	86	0	15	0	20	0	17	42	59
Uniq1240	5	0	7	0	4	0	6	6	2	1	0	1	0	0	0	2	1	1	1	0	2	0	1	0	0	1	0	5	0	4	0	5	0	6	0	4	0	9	0	4	0	2	0	2	0	2	3	4
Uniq180	54	0	16	0	20	0	36	32	44	42	0	8	0	27	0	25	18	30	2	0	17	0	30	0	16	22	8	54	0	54	0	55	0	55	0	57	0	41	0	25	0	4	0	6	0	6	14	18
Uniq59	130	0	37	0	42	0	73	70	108	91	0	23	0	59	0	61	48	69	8	0	41	0	63	0	34	50	16	124	0	121	0	136	0	142	0	132	0	97	0	60	0	15	0	14	0	16	38	44
Uniq534	7	0	6	0	13	0	9	7	5	7	0	7	0	5	0	13	9	7	2	0	3	0	2	0	2	2	3	6	0	7	0	5	0	4	0	4	0	4	0	3	0	4	0	2	0	3	2	7
Uniq142	13	0	14	0	26	0	18	17	18	11	0	9	0	11	0	23	20	15	7	0	11	0	4	0	7	9	10	16	0	22	0	15	0	17	0	19	0	21	0	11	0	8	0	6	0	6	6	17
Uniq2946	2	0	1	0	1	0	0	1	1	0	0	0	0	0	0	0	1	0	0	0	0	0	0	0	0	0	0	1	0	1	0	1	0	1	0	1	0	1	0	0	0	1	0	0	0	0	0	0
Uniq160	58	0	13	0	21	0	34	33	42	41	0	11	0	28	0	28	18	33	3	0	19	0	29	0	15	22	9	64	0	55	0	64	0	64	0	64	0	42	0	29	0	5	0	6	0	6	13	23
Uniq475	12	0	16	0	19	0	10	18	7	2	0	4	0	0	0	4	2	2	3	0	1	0	1	0	3	0	1	2	0	4	0	2	0	2	0	1	0	1	0	2	0	3	0	3	0	2	2	2
Uniq1370	3	0	2	0	4	0	4	6	3	2	0	2	0	2	0	3	3	1	2	0	1	0	0	0	1	1	1	2	0	2	0	2	0	3	0	2	0	2	0	3	0	1	0	2	0	2	1	4
Uniq538	7	0	9	0	12	0	5	11	8	4	0	5	0	5	0	12	2	5	5	0	2	0	3	0	2	0	1	8	0	6	0	11	0	8	0	9	0	14	0	1	0	3	0	6	0	5	2	4
Uniq58	142	0	45	0	48	0	81	70	116	96	0	24	0	70	0	64	47	80	9	0	41	0	72	0	33	56	20	148	0	134	0	147	0	151	0	150	0	104	0	70	0	10	0	14	0	13	37	57
Uniq131	55	0	20	0	16	0	35	29	42	44	0	11	0	26	0	28	19	32	4	0	17	0	31	0	15	23	9	58	0	54	0	60	0	68	0	59	0	41	0	33	0	4	0	7	0	5	16	24
Uniq101	79	0	21	0	36	0	48	46	68	53	0	15	0	39	0	39	29	44	6	0	31	0	42	0	23	29	12	80	0	79	0	82	0	83	0	90	0	59	0	43	0	8	0	10	0	9	21	33
Uniq900	4	0	5	0	9	0	2	5	5	1	0	3	0	3	0	5	2	2	2	0	1	0	1	0	1	0	0	4	0	3	0	5	0	4	0	4	0	5	0	1	0	2	0	2	0	2	2	3
Uniq303	31	0	9	0	13	0	20	17	28	21	0	8	0	16	0	13	11	20	2	0	9	0	16	0	9	12	7	37	0	33	0	33	0	39	0	32	0	25	0	18	0	4	0	3	0	3	9	12
Uniq1021	9	0	11	0	7	1	10	8	8	0	0	0	0	0	0	2	2	1	1	0	2	0	1	0	1	1	0	11	0	7	0	9	0	8	0	7	0	13	0	4	0	4	0	5	0	4	3	7
Uniq2053	1	0	4	0	3	0	2	2	2	1	0	1	0	1	0	1	1	1	1	0	0	0	0	0	0	0	0	1	0	1	0	1	0	1	0	1	0	1	0	2	0	0	0	1	0	1	1	3
Uniq1909	6	0	3	0	6	0	3	4	5	1	0	1	0	1	0	1	3	2	1	0	1	0	1	0	1	0	0	5	0	5	0	12	0	9	0	9	0	12	0	1	0	4	0	1	0	1	3	2
Uniq2695	5	0	5	0	5	0	3	5	3	0	0	1	0	0	0	1	1	1	1	0	1	0	0	0	0	0	0	7	0	3	0	5	0	4	0	4	0	6	0	3	0	1	0	2	0	1	1	3
Uniq1749	2	0	2	0	3	0	2	2	1	1	0	1	0	2	0	1	1	1	0	0	0	0	0	0	0	0	0	2	0	1	0	0	0	1	0	1	0	1	0	1	0	0	0	0	0	0	0	2
Uniq107	75	0	18	0	25	0	43	38	61	60	0	13	0	33	0	32	26	39	4	0	26	0	37	0	21	30	10	71	0	71	0	71	0	84	0	77	0	59	0	34	0	7	0	8	0	7	19	31
Uniq1717	1	0	2	0	2	0	2	1	3	0	0	0	0	0	0	0	1	0	0	0	0	0	0	0	0	0	0	2	0	1	0	1	0	2	0	1	0	1	0	1	0	1	0	0	0	0	0	1
Uniq650	11	0	15	0	18	0	6	11	8	1	0	3	0	1	0	2	2	3	2	0	1	0	1	0	2	1	0	1	0	3	0	1	0	1	0	1	0	1	0	1	0	3	0	4	0	2	1	2
Uniq611	5	0	7	0	3	0	9	9	7	1	0	0	0	0	0	1	1	1	2	0	2	0	2	0	1	1	0	8	0	8	0	9	0	7	0	10	0	12	0	4	0	3	0	2	0	2	4	7
Uniq1907	3	0	3	0	2	0	4	3	3	0	0	0	0	1	0	1	0	0	0	0	1	0	0	0	0	0	0	5	0	4	0	3	0	4	0	4	0	4	0	2	0	1	0	1	0	1	1	2
Uniq220	41	0	12	0	12	0	23	21	27	30	0	8	0	18	0	16	13	20	2	0	9	0	19	0	10	14	7	38	0	33	0	40	0	42	0	40	0	31	0	18	0	3	0	4	0	4	10	15
Uniq113	66	0	24	0	31	0	43	35	59	48	0	14	0	37	0	32	22	38	4	0	22	0	37	0	19	28	13	70	0	74	0	67	0	75	0	70	0	50	0	33	0	6	0	8	0	8	21	26
Uniq1793	4	0	10	0	3	0	6	4	2	0	0	2	0	0	0	2	1	12	1	0	1	1	1	0	4	3	0	0	0	0	0	0	0	0	0	0	0	0	0	0	0	0	0	1	0	1	3	1
Uniq1498	3	0	2	0	3	0	4	3	2	1	0	1	0	2	0	1	2	4	1	0	2	0	0	0	2	0	0	3	0	1	0	2	0	1	0	2	0	2	0	1	0	1	0	2	0	1	1	3
Uniq109	88	0	27	0	29	0	56	52	78	64	0	20	0	44	0	41	27	45	6	0	29	0	49	0	26	41	16	96	0	98	0	103	0	108	0	91	0	68	0	44	0	10	0	9	0	8	25	34
Uniq645	12	0	23	0	12	0	17	23	14	2	0	2	0	2	0	3	5	1	3	0	3	0	2	0	1	2	0	25	1	18	1	23	0	23	1	20	0	24	0	8	0	9	0	8	0	7	7	14
Uniq112	6	14	21	14	10	8	7	12	5	0	25	0	21	1	21	2	25	7	2	2	3	6	3	30	4	0	1	0	18	0	12	0	38	1	10	0	2	0	10	0	1	1	0	1	0	1	2	1
Uniq1003	3	0	5	0	9	0	4	6	4	0	0	0	0	0	0	1	1	2	1	0	1	0	0	0	1	0	0	0	0	0	0	0	0	0	0	0	0	1	0	1	0	1	0	2	0	1	1	1
Uniq4021	0	0	0	0	0	0	0	0	0	0	0	0	0	0	0	0	1	0	2	0	0	0	0	0	0	0	0	0	0	0	0	0	0	1	0	0	0	0	0	0	0	0	0	0	0	0	0	0
Uniq2176	10	0	7	0	6	0	7	5	10	1	0	1	0	1	0	3	3	0	2	0	1	0	1	0	1	1	0	11	0	10	0	10	0	7	0	5	0	7	0	8	0	3	0	7	0	5	3	9
Uniq178	46	0	13	0	22	0	29	26	39	31	0	12	0	20	0	22	17	27	4	0	19	0	27	0	14	22	8	55	0	45	0	44	0	51	0	45	0	39	0	26	0	4	0	6	0	5	12	19
Uniq241	50	0	16	0	20	0	34	35	51	38	0	9	0	26	0	26	21	35	3	0	19	0	27	0	16	24	9	63	0	61	0	61	0	64	0	59	0	39	0	33	0	5	0	5	0	5	14	21
Uniq2330	1	0	1	0	0	0	2	2	2	0	2	0	0	0	0	0	1	0	1	0	1	0	0	0	0	0	0	1	0	1	0	1	0	1	0	0	0	1	0	1	0	1	0	0	0	1	0	2
Uniq1108	3	0	4	0	9	0	3	5	3	0	0	1	0	0	0	1	1	2	1	0	1	0	0	0	1	0	0	1	0	0	0	0	0	0	0	1	0	1	0	0	0	1	0	1	0	0	0	0
Uniq115	70	0	18	0	22	0	42	38	62	51	0	17	0	31	0	31	23	39	5	0	24	0	39	0	18	28	9	74	0	67	0	76	0	74	0	69	0	50	0	41	0	5	0	8	0	6	17	25
Uniq231	14	0	14	0	31	0	21	19	18	21	0	17	0	13	0	30	21	19	7	0	9	0	2	0	5	7	8	16	0	20	0	13	0	12	0	8	0	17	0	9	0	7	0	11	0	8	8	15
Uniq1139	4	0	10	0	3	0	8	8	6	1	0	1	0	0	0	1	1	1	3	0	1	0	1	0	1	1	0	8	0	8	0	13	0	7	0	7	0	12	0	4	0	4	0	6	0	2	3	6
Uniq193	28	0	43	0	46	0	28	42	37	14	0	19	0	22	0	42	11	21	24	0	9	0	4	0	7	4	3	30	0	24	0	33	0	27	0	35	0	47	0	12	0	11	0	23	0	16	10	23
Uniq3878	0	0	0	0	0	0	1	1	0	1	1	0	0	0	0	0	1	0	0	0	0	0	0	0	0	0	0	0	0	1	0	0	0	0	0	0	0	1	0	0	0	1	0	0	0	0	0	1
Uniq1043	5	0	9	0	10	0	7	8	5	0	0	2	0	0	0	1	1	1	1	0	1	0	1	0	1	0	0	0	0	1	0	0	0	1	0	1	0	1	0	0	0	1	0	2	0	1	0	1
Uniq213	7	0	9	0	14	0	12	13	10	8	0	6	0	8	0	14	15	8	5	0	8	0	2	0	4	4	8	11	0	14	0	10	0	15	0	12	0	16	0	4	0	6	0	5	0	4	4	13
Uniq187	4	9	20	6	6	6	8	10	5	1	15	1	14	1	9	1	24	6	3	2	2	3	3	16	3	0	1	0	10	0	7	0	22	0	9	0	2	1	5	0	1	1	0	1	0	1	1	1
Uniq656	5	0	10	0	9	0	5	8	6	3	0	6	0	4	0	9	4	3	5	0	1	0	1	0	2	1	0	8	0	5	0	6	0	6	0	8	0	12	0	1	0	2	0	6	0	4	2	4
Uniq243	35	0	13	0	10	0	22	22	36	27	0	6	0	19	0	18	10	22	3	0	12	0	19	0	11	16	5	40	0	36	0	45	0	42	0	38	0	25	0	18	0	2	0	3	0	6	11	18
Uniq255	11	0	12	0	24	0	15	12	12	14	0	12	0	11	0	21	17	15	5	0	7	0	3	0	5	5	6	14	0	16	0	10	0	13	0	8	0	12	0	9	0	6	0	6	0	6	7	13
Uniq82	24	0	21	0	46	0	34	30	31	22	0	15	0	18	0	40	37	25	12	0	21	0	4	0	11	14	21	26	0	40	0	27	0	35	0	32	0	39	0	20	0	13	0	15	0	12	12	37
Uniq4430	1	0	1	0	0	0	0	1	1	0	0	0	0	0	0	0	0	0	0	0	0	0	0	0	0	0	0	2	0	1	0	2	0	1	0	1	0	1	0	0	0	0	0	0	0	0	0	1
Uniq269	6	7	10	6	4	6	4	5	2	0	12	0	12	1	8	1	17	3	1	1	2	3	2	11	1	0	1	0	9	0	5	0	21	0	4	0	1	1	3	1	0	0	0	0	0	0	0	1
Uniq3314	3	4	1	0	1	1	1	1	4	8	0	7	17	1	1	2	2	3	2	1	4	1	2	0	3	7	0	4	1	3	4	2	5	0	2	2	1	2	0	3	0	4	0	1	0	1	0	3
Uniq586	1	0	2	0	3	0	5	3	1	0	0	11	0	1	0	0	11	0	0	0	2	0	0	0	6	2	0	0	0	0	0	0	0	0	0	0	0	0	0	1	0	36	0	16	0	2	0	2
Uniq1077	9	0	14	0	9	1	10	12	10	1	0	1	0	1	0	2	2	1	3	0	2	0	1	0	1	2	0	15	0	13	0	14	0	13	0	13	0	17	0	5	0	7	0	6	0	6	6	8
Uniq239	4	10	11	5	6	6	5	7	2	0	16	0	11	1	8	1	19	4	2	1	2	4	1	15	2	1	0	1	7	0	6	0	18	0	7	0	2	0	5	1	1	1	0	1	0	1	1	2
Uniq66	29	0	31	0	49	0	39	38	40	32	0	19	0	26	0	49	44	34	18	0	24	0	9	0	13	16	23	31	0	51	0	37	0	50	0	34	0	50	0	23	0	18	0	15	0	14	18	40
Uniq192	46	0	13	0	18	0	24	23	41	30	0	9	0	19	0	24	14	28	3	0	16	0	26	0	13	17	6	43	0	48	0	49	0	54	0	47	0	34	0	25	0	4	0	4	0	4	14	15
Uniq159	8	15	19	10	8	8	9	11	5	1	19	1	16	1	13	1	26	7	2	1	3	3	4	19	3	1	1	1	11	0	6	0	29	0	9	0	2	1	5	1	0	1	0	1	0	1	1	2
Uniq525	12	0	15	0	28	0	14	20	12	1	0	3	0	1	0	4	3	3	2	0	1	0	1	0	3	1	1	2	0	3	0	2	0	1	0	1	0	2	0	2	0	3	0	7	0	1	1	4
Uniq1106	2	0	3	0	4	0	4	4	3	0	0	0	0	0	0	1	1	0	1	0	0	0	0	0	0	0	0	4	0	7	0	5	0	2	0	4	0	4	0	1	0	2	0	1	0	1	1	4
Uniq2139	1	0	1	0	2	0	3	2	2	4	0	1	0	3	0	0	15	7	1	0	3	0	3	0	2	1	1	0	0	0	0	0	0	1	0	0	0	0	0	1	0	2	0	2	0	1	1	2
Uniq300	10	0	12	0	20	0	15	16	11	15	0	13	0	9	0	21	16	14	4	0	6	0	3	0	4	6	8	14	0	15	0	9	0	13	0	7	0	10	0	7	0	6	0	7	0	7	6	12
Uniq1511	1	0	0	0	0	0	0	1	1	0	0	0	0	0	0	0	0	0	0	0	0	0	0	0	0	0	0	1	0	0	0	0	0	0	0	0	0	1	0	1	0	0	0	0	0	0	0	0
Uniq483	6	0	6	0	10	0	6	9	8	4	0	4	0	6	0	10	9	7	2	0	5	0	2	0	2	4	5	6	0	10	0	8	0	9	0	7	0	9	0	5	0	5	0	4	0	5	4	8
Uniq1655	2	0	4	0	5	0	2	6	3	2	0	2	0	3	0	3	1	1	1	0	1	0	0	0	0	0	1	2	0	2	0	1	0	2	0	1	0	2	0	1	0	1	0	2	0	1	1	2
Uniq118	4	13	19	13	7	11	10	11	4	0	27	1	19	1	18	1	26	5	2	2	2	4	3	23	3	1	1	1	18	0	12	0	37	1	13	0	3	1	10	0	1	0	0	1	0	1	2	1
Uniq1675	4	0	7	0	6	0	6	7	4	1	0	0	0	0	0	1	1	1	1	0	1	0	0	0	0	1	0	11	0	5	0	7	0	5	0	5	0	10	0	3	0	1	0	3	0	3	2	4
Uniq3277	2	0	0	0	1	0	1	0	0	0	0	0	0	0	0	0	0	0	0	0	0	0	0	0	0	0	0	1	0	1	0	2	0	2	0	2	0	3	0	0	0	1	0	0	0	0	0	0
Uniq864	6	0	11	0	8	0	4	8	5	2	0	5	0	2	0	8	2	3	4	0	2	0	1	0	1	1	0	5	0	4	0	6	0	4	0	7	0	10	0	1	0	2	0	3	0	4	1	4
Uniq200	6	10	12	6	5	8	6	9	3	1	16	0	13	0	13	1	22	5	2	1	2	4	2	19	2	0	1	0	11	1	7	0	27	0	8	1	2	0	6	0	1	1	0	1	0	1	1	1
Uniq128	60	0	17	0	23	0	42	35	52	43	0	11	0	33	0	31	24	40	3	0	24	0	40	0	19	28	10	67	0	69	0	69	0	71	0	65	0	47	0	30	0	6	0	8	0	7	18	27
Uniq230	10	0	11	0	13	0	11	11	9	7	0	6	0	7	0	12	14	9	4	0	5	0	2	0	5	4	7	10	0	17	0	10	0	15	0	11	0	14	0	5	0	5	0	4	0	3	4	10
Uniq2502	6	0	7	0	9	0	5	11	12	3	0	3	0	0	0	3	3	2	2	0	2	0	1	0	1	0	0	16	0	6	0	12	0	8	0	10	0	10	0	3	0	4	0	6	0	2	4	5
Uniq1165	1	0	2	0	2	0	4	1	0	0	0	6	0	1	0	0	7	0	0	0	1	0	0	0	5	1	0	0	0	0	0	0	0	0	0	0	0	0	0	1	0	20	0	9	0	2	0	2
Uniq153	3	0	5	0	14	0	1	3	8	45	1	107	1	89	1	59	58	94	32	3	30	0	12	1	37	21	34	4	0	7	0	3	2	2	0	12	0	9	0	1	0	4	0	14	0	8	2	6
Uniq1644	2	0	3	0	2	0	2	3	2	0	0	1	0	0	0	0	1	0	1	0	0	0	0	0	0	0	0	3	0	4	0	4	0	3	0	3	0	3	0	1	0	1	0	2	0	1	1	1
Uniq210	47	0	13	0	20	0	26	26	34	30	0	9	0	24	0	19	14	25	3	0	17	0	25	0	12	20	6	49	0	50	0	44	0	49	0	48	0	36	0	25	0	4	0	5	0	5	13	15
Uniq620	19	0	4	0	8	0	11	10	14	14	0	4	0	9	0	8	6	11	1	0	5	0	9	0	5	7	3	20	0	16	0	20	0	24	0	22	0	16	0	10	0	3	0	3	0	3	4	7
Uniq3094	5	1	7	0	5	2	7	5	3	0	0	0	0	0	0	1	2	1	1	0	2	0	2	0	1	1	0	4	6	4	2	5	2	4	0	3	1	6	1	4	0	5	0	3	0	4	2	3
Uniq3833	1	0	1	0	1	0	2	2	1	1	0	1	0	0	0	0	0	0	0	0	0	0	0	0	0	0	0	1	0	1	0	3	0	1	0	2	0	1	0	0	0	0	0	1	0	1	0	1
Uniq1066	3	2	2	3	1	3	7	2	2	1	2	1	1	1	1	0	5	1	1	0	1	1	0	0	3	3	3	1	10	2	4	1	5	1	2	0	1	1	1	1	2	3	2	0	1	1	2	2
Uniq96	76	0	21	0	28	0	43	42	71	50	0	13	0	36	0	35	23	38	5	0	25	0	36	0	21	29	11	80	0	81	0	80	0	79	0	82	0	51	0	42	0	7	0	8	0	9	18	22
Uniq4358	0	0	0	0	0	0	0	0	1	0	1	1	0	0	0	0	1	0	0	0	0	0	0	0	1	0	0	0	1	0	1	0	0	0	0	0	0	0	0	0	0	0	0	0	0	1	0	1
Uniq1347	2	0	2	0	3	0	2	3	1	0	0	0	0	0	0	0	0	0	1	0	1	0	0	0	0	0	0	5	0	4	0	4	0	3	0	2	0	3	0	0	0	1	0	2	0	1	1	1
Uniq2306	2	0	2	0	4	0	1	2	2	1	0	1	0	0	0	1	5	1	0	0	1	0	0	0	1	1	1	3	0	3	0	1	0	1	0	2	0	2	0	2	0	1	0	1	0	0	1	2
Uniq489	7	0	6	0	14	0	6	11	6	8	0	8	0	6	0	12	9	9	2	0	3	0	2	0	2	4	4	8	0	10	0	7	0	8	0	3	0	8	0	5	0	4	0	3	0	4	4	8
Uniq4349	1	0	2	0	3	0	1	1	0	1	0	1	0	0	0	2	0	0	1	0	0	0	1	0	0	0	0	1	0	0	0	0	0	1	0	0	0	1	0	0	0	0	0	1	0	0	0	0
Uniq1365	1	0	1	0	1	0	1	1	1	0	1	0	0	0	0	1	1	1	3	0	0	0	0	0	1	1	4	0	4	0	2	0	2	0	0	0	1	0	0	0	0	1	0	0	0	0	0	1
Uniq1188	8	0	4	0	6	0	4	4	7	1	0	1	0	1	0	0	1	1	1	0	1	0	0	0	0	1	1	4	0	5	0	6	0	4	0	3	0	6	0	2	0	4	0	3	0	1	2	3
Uniq521	5	0	6	0	7	0	10	9	6	0	0	1	0	1	0	2	2	2	2	0	2	0	1	0	1	1	0	11	0	12	0	8	0	6	0	11	0	11	0	7	0	4	0	4	0	4	4	5
Uniq147	8	8	21	5	9	5	13	12	5	1	16	1	14	1	11	1	29	6	4	1	4	3	4	18	3	1	1	0	9	0	9	0	20	0	8	0	2	1	5	1	1	1	0	1	0	2	1	1
Uniq87	88	0	22	0	30	0	51	44	60	57	0	18	0	36	0	33	24	48	4	0	26	0	45	0	23	32	10	80	0	81	0	80	0	90	0	86	0	58	0	45	0	7	0	7	0	9	20	26
Uniq184	45	0	12	0	17	0	29	28	34	29	0	10	0	20	0	22	15	28	2	0	18	0	25	0	10	18	7	45	0	42	0	49	0	46	0	47	0	33	0	22	0	4	0	5	0	4	14	19
Uniq166	5	11	17	8	7	9	7	10	3	1	23	1	18	1	16	1	22	4	1	2	3	5	3	24	2	0	0	0	12	0	8	0	31	1	11	0	2	0	6	0	1	1	0	1	0	0	1	1
Uniq163	29	0	46	0	43	0	22	39	34	14	0	17	0	19	0	37	11	15	21	0	8	0	5	0	5	3	3	27	0	23	0	32	0	22	0	40	0	46	0	12	0	13	0	17	0	16	9	19
Uniq91	21	0	20	0	36	0	30	32	26	22	0	17	0	20	0	34	31	22	11	0	19	0	6	0	9	10	19	27	0	39	0	23	0	32	0	24	0	33	0	16	0	14	0	12	0	12	13	24
Uniq2180	2	0	1	0	2	0	1	3	1	1	0	2	0	2	0	1	1	2	2	0	1	0	0	0	0	1	0	2	0	2	0	1	0	1	0	1	0	1	0	1	0	0	0	0	0	1	1	2
Uniq1553	2	0	2	0	1	0	1	2	2	0	0	0	0	0	0	0	1	0	1	0	0	0	0	0	0	0	0	2	0	2	0	4	0	2	0	3	0	4	0	0	0	1	0	1	0	1	1	1
Uniq299	18	0	28	0	35	0	15	24	13	3	0	8	0	0	0	8	6	4	4	0	3	0	1	0	5	1	0	3	0	3	0	1	0	2	0	2	0	3	0	2	0	4	0	5	0	4	1	2
Uniq48	12	42	44	28	16	27	18	28	8	2	72	2	63	4	53	3	64	12	6	4	5	20	9	74	7	1	2	2	42	0	30	0	108	1	30	1	8	1	22	1	3	1	1	3	0	2	4	2
Uniq425	1	0	1	0	4	0	1	2	4	12	1	25	0	25	0	15	15	28	9	1	8	0	3	0	6	6	8	1	0	3	0	1	1	0	0	2	0	1	0	1	0	1	0	3	0	2	1	1
Uniq771	5	0	3	4	3	2	12	4	3	1	1	1	1	1	1	0	7	2	1	0	1	1	1	0	3	3	3	2	12	3	5	0	4	0	1	1	1	0	0	1	1	6	1	1	0	1	3	2
Uniq2991	2	0	1	0	2	0	2	1	2	0	0	0	0	0	0	0	1	0	0	0	0	0	0	0	0	0	0	0	0	1	0	2	0	1	0	1	0	1	0	1	0	1	0	0	0	1	0	1
Uniq1372	3	0	7	0	7	0	8	6	5	1	0	0	0	0	0	1	2	1	2	0	1	0	1	0	0	1	1	5	0	3	0	7	0	4	0	5	0	6	0	4	0	1	0	3	0	2	2	3
Uniq385	7	0	6	0	10	0	9	7	6	4	0	5	0	6	0	12	9	7	3	0	6	0	1	0	2	4	4	9	0	9	0	9	0	10	0	7	0	8	0	5	0	4	0	3	0	4	4	8
Uniq3662	1	2	2	4	1	1	2	3	2	2	2	2	0	0	1	5	1	1	0	0	2	0	0	0	0	0	0	3	5	1	3	1	3	1	0	2	0	2	0	2	0	1	0	2	0	1	1	1
Uniq114	14	0	13	0	28	0	21	22	17	12	0	8	0	13	0	26	24	15	6	0	13	0	3	0	5	9	11	20	0	22	0	18	0	24	0	19	0	25	0	13	0	10	0	9	0	8	7	24
Uniq356	28	0	8	0	11	0	19	14	23	21	0	3	0	16	0	15	9	17	2	0	11	0	17	0	6	14	3	30	0	30	0	30	0	36	0	31	0	21	0	16	0	3	0	2	0	2	8	12
Uniq1098	6	0	5	0	6	0	4	3	3	0	0	1	0	0	0	1	2	2	1	0	0	0	1	0	0	0	0	4	0	4	0	6	0	4	0	3	0	4	0	2	0	3	0	1	0	2	2	4
Uniq1304	3	0	4	0	2	0	4	3	3	0	0	0	0	0	0	0	1	0	1	0	1	0	0	0	0	0	0	3	0	2	0	4	0	4	0	3	0	4	0	1	0	3	0	3	0	1	1	2
Uniq698	6	0	10	0	8	0	6	7	6	1	0	5	0	4	0	8	3	2	3	0	3	0	2	0	1	1	1	5	0	6	0	8	0	5	0	8	0	11	0	3	0	3	0	6	0	3	2	5
Uniq2382	7	0	11	0	5	2	11	9	5	2	0	1	0	0	0	2	2	1	1	0	2	0	0	0	0	1	0	4	3	4	1	3	1	5	0	2	0	7	0	6	0	4	0	6	0	4	4	5
Uniq4397	1	0	1	0	2	0	1	2	1	0	0	0	0	1	0	5	1	0	0	0	0	0	0	0	0	0	0	1	0	1	0	0	0	1	0	1	0	1	0	1	0	1	0	0	0	0	0	1
Uniq1518	3	0	15	0	3	0	7	6	4	0	0	2	0	0	0	3	1	17	1	0	1	1	1	0	6	3	1	0	0	0	0	0	0	0	0	0	0	0	0	0	0	0	0	2	0	2	3	1
Uniq110	43	0	12	0	16	0	29	30	35	31	0	9	0	23	0	21	14	25	3	0	15	0	25	0	12	19	7	45	0	49	0	52	0	51	0	45	0	33	0	21	0	4	0	5	0	5	11	18
Uniq643	4	0	8	0	11	0	9	6	7	6	0	6	0	6	0	12	6	6	2	0	3	0	2	0	2	2	3	6	0	10	0	5	0	6	0	3	0	6	0	5	0	3	0	3	0	2	3	5
Uniq375	25	0	7	0	10	0	17	14	18	18	0	5	0	11	0	12	10	17	1	0	7	0	13	0	7	10	3	27	0	25	0	28	0	27	0	26	0	17	0	13	0	3	0	2	0	4	7	9
Uniq623	14	0	25	0	21	0	10	17	12	7	0	9	0	9	0	17	6	10	11	0	4	0	2	0	1	2	0	12	0	12	0	17	0	16	0	16	0	24	0	3	0	6	0	9	0	7	4	11
Uniq3716	8	1	13	0	7	2	14	7	10	2	0	1	0	1	0	3	2	1	1	0	3	0	2	0	2	1	1	5	9	5	3	5	5	7	0	5	1	12	1	5	0	5	0	5	0	4	5	4
Uniq2810	2	0	2	0	2	0	1	2	8	4	1	6	0	0	1	0	8	2	1	0	0	0	1	0	7	1	3	1	6	1	3	1	0	1	0	4	0	1	0	1	0	3	0	2	0	1	1	2
Uniq595	9	0	13	0	20	0	9	16	9	1	0	4	0	0	0	3	2	2	2	0	1	0	0	0	2	0	1	2	0	1	0	1	0	1	0	1	0	2	0	1	0	2	0	3	0	2	0	3
Uniq4461	3	0	3	0	2	1	3	3	2	1	0	0	0	0	0	0	0	0	0	0	1	0	1	0	1	0	0	2	0	2	0	3	0	2	0	2	0	3	0	1	0	1	0	1	0	1	1	2
Uniq2294	1	0	1	0	0	0	0	1	0	0	0	0	0	0	0	0	0	0	0	0	0	0	0	0	0	0	0	1	0	0	0	0	0	0	0	0	0	1	0	0	0	0	0	0	0	0	0	0
Uniq597	4	0	4	0	5	0	3	5	5	3	0	3	0	4	0	7	6	5	2	0	4	0	1	0	2	2	2	5	0	5	0	3	0	6	0	6	0	6	0	3	0	1	0	3	0	2	2	5
Uniq1097	4	0	2	0	5	0	3	4	4	3	0	1	0	2	0	3	4	2	1	0	3	0	0	0	2	1	3	5	0	4	0	1	0	2	0	3	0	1	0	2	0	2	0	2	0	1	1	3
Uniq1720	2	0	3	0	3	0	1	3	2	1	0	1	0	2	0	2	1	0	0	0	0	0	0	0	1	0	0	2	0	1	0	1	0	2	0	1	0	1	0	1	0	1	0	1	0	1	0	1
Uniq1316	9	0	13	0	11	0	8	13	10	2	0	1	0	1	0	4	3	1	2	0	1	0	1	0	1	1	0	20	0	12	0	16	0	13	0	14	0	21	0	8	0	3	0	5	0	7	10	10
Uniq1572	4	0	1	0	3	0	0	2	2	2	0	1	0	0	0	1	2	1	1	0	2	0	0	0	1	1	1	3	0	2	0	0	0	1	0	1	0	2	0	2	0	1	0	1	0	0	2	1
Uniq2608	4	0	4	0	4	0	3	3	4	0	0	0	0	0	0	0	1	0	1	0	1	0	0	0	0	0	0	5	0	4	0	6	0	5	0	3	0	5	0	2	0	0	0	2	0	2	2	3
Uniq212	11	0	11	0	15	0	15	14	13	7	0	8	0	9	0	20	15	13	4	0	10	0	3	0	4	7	10	13	0	16	0	14	0	15	0	13	0	15	0	7	0	6	0	7	0	7	5	16
Uniq2889	1	0	1	0	1	0	2	2	3	0	0	0	0	0	0	0	1	0	0	0	0	0	0	0	0	0	0	3	0	2	0	2	0	1	0	2	0	3	0	1	0	1	0	0	0	0	0	1
Uniq1280	2	0	5	0	5	0	3	4	5	3	0	2	0	2	0	3	2	1	2	0	2	0	0	0	1	1	1	3	0	1	0	1	0	3	0	2	0	1	0	2	0	1	0	2	0	1	0	2
Uniq265	7	0	7	0	15	0	15	10	12	8	0	5	0	7	0	13	12	9	4	0	7	0	4	0	3	5	6	11	0	15	0	10	0	10	0	10	0	12	0	6	0	4	0	5	0	5	4	11
Uniq165	4	14	13	10	6	8	8	11	3	1	17	0	20	0	17	1	19	5	3	1	2	5	4	18	3	0	0	0	14	0	12	0	27	0	10	0	2	1	6	1	1	1	0	0	0	0	1	1
Uniq739	4	1	2	3	3	2	9	3	4	1	1	1	1	1	1	0	7	3	2	0	1	0	0	0	3	4	5	2	10	2	4	0	5	1	3	1	1	1	1	3	1	4	1	1	1	2	2	3
Uniq1055	5	0	4	0	4	0	3	3	5	1	0	1	0	1	0	1	2	1	0	0	1	0	1	0	0	1	0	6	0	4	0	4	0	4	0	2	0	4	0	3	0	2	0	2	0	2	1	3
Uniq823	3	0	4	0	3	0	4	4	4	0	0	0	0	1	0	1	1	0	0	0	1	0	1	0	0	0	0	4	0	5	0	4	0	3	0	3	0	3	0	2	0	2	0	2	0	1	1	3
Uniq404	11	0	15	0	20	0	10	18	11	6	0	8	0	8	0	20	5	6	7	0	3	0	3	0	2	2	1	9	0	9	0	15	0	10	0	16	0	21	0	5	0	5	0	10	0	5	4	8
Uniq1073	2	0	2	0	4	0	2	3	1	1	0	2	0	2	0	3	4	3	1	0	1	0	0	0	0	2	1	3	0	3	0	2	0	2	0	2	0	2	0	1	0	1	0	2	0	1	0	2
Uniq3544	2	0	3	0	2	0	4	3	2	0	0	0	0	0	0	1	1	0	1	0	0	0	1	0	0	0	0	2	0	1	0	2	0	2	0	1	0	2	0	1	0	0	0	1	0	1	1	1
Uniq410	8	0	12	0	13	0	7	9	8	3	0	6	0	5	0	10	2	6	7	0	3	0	2	0	2	2	1	6	0	7	0	8	0	9	0	10	0	13	0	3	0	3	0	5	0	5	3	4
Uniq962	4	0	5	0	7	0	3	5	3	3	0	2	0	4	0	3	3	2	1	0	1	0	0	0	1	1	1	3	0	3	0	2	0	3	0	2	0	3	0	4	0	2	0	3	0	2	2	5
Uniq244	25	0	6	0	9	0	16	10	19	17	0	5	0	12	0	14	8	12	2	0	9	0	12	0	8	10	3	27	0	22	0	21	0	27	0	27	0	18	0	14	0	2	0	2	0	2	7	10
Uniq832	7	0	10	0	14	0	5	12	5	1	0	2	0	0	0	3	2	1	1	0	1	0	1	0	2	0	0	1	0	2	0	1	0	1	0	1	0	1	0	1	0	1	0	3	0	1	1	2
Uniq570	11	0	14	0	19	0	10	16	9	0	0	5	0	0	0	5	3	2	2	0	2	0	0	0	3	1	1	1	0	2	0	1	0	2	0	2	0	2	0	1	0	2	0	3	0	2	0	3
Uniq809	3	0	4	0	4	0	6	7	5	3	0	2	0	4	0	6	4	6	4	0	4	0	1	0	1	2	2	3	0	4	0	2	0	2	0	4	0	3	0	4	0	2	0	4	0	3	2	7
Uniq1855	2	0	1	0	1	0	2	2	1	0	0	0	0	0	0	0	1	0	1	0	0	0	0	0	1	0	0	2	0	2	0	1	0	2	0	4	0	4	0	0	0	1	0	2	0	0	1	1
Uniq1358	2	0	1	0	2	0	1	3	2	2	0	1	0	1	0	3	1	4	1	0	1	0	0	0	0	0	0	2	0	1	0	1	0	1	0	2	0	3	0	2	0	1	0	2	0	1	1	2
Uniq861	3	0	6	0	4	0	5	6	4	0	0	1	0	0	0	2	1	1	1	0	1	0	1	0	0	0	0	6	0	6	0	5	0	6	0	5	0	8	0	2	0	3	0	3	0	1	2	6
Uniq4513	0	0	0	0	0	0	0	0	1	0	0	1	0	1	0	1	4	6	3	0	4	0	8	0	3	3	1	0	0	0	0	1	0	2	0	0	0	1	0	1	0	1	0	2	0	5	2	0
Uniq2761	7	0	3	0	4	0	3	5	2	1	0	0	0	0	0	0	1	0	3	0	0	0	0	0	0	0	0	14	0	14	0	17	0	13	0	7	0	15	0	1	0	3	0	4	0	3	1	1
Uniq3015	1	5	0	5	0	8	0	1	1	0	1	1	0	0	1	1	1	0	0	0	0	0	0	0	0	0	0	0	6	0	5	0	2	0	2	0	1	0	1	2	1	1	0	0	1	1	1	1
Uniq172	9	0	8	0	15	0	9	13	11	9	0	5	0	6	0	16	12	7	4	0	9	0	2	0	3	5	6	10	0	11	0	11	0	14	0	10	0	11	0	7	0	5	0	5	0	5	4	11
Uniq558	10	0	17	0	21	0	8	16	7	0	0	3	0	1	0	3	3	2	2	0	1	0	1	0	3	0	1	1	0	3	0	1	0	1	0	1	0	1	0	1	0	2	0	3	0	3	1	2
Uniq803	4	0	8	0	3	0	4	6	4	1	0	1	0	0	0	1	1	1	2	0	1	0	0	0	1	0	0	7	0	5	0	8	0	3	0	6	0	9	0	3	0	2	0	2	0	2	3	6
Uniq1189	3	0	4	0	5	0	4	2	3	2	0	4	0	2	0	5	3	3	1	0	1	0	1	0	1	1	1	3	0	4	0	3	0	2	0	2	0	3	0	2	0	1	0	1	0	2	1	2
Uniq399	23	0	6	0	10	0	11	14	21	15	0	5	0	11	0	9	9	14	1	0	7	0	13	0	7	8	3	20	0	21	0	24	0	27	0	22	0	17	0	14	0	2	0	2	0	1	6	9
Uniq145	45	0	14	0	14	0	30	27	40	34	0	11	0	29	0	23	18	32	2	0	13	0	26	0	11	22	8	55	0	54	0	60	0	56	0	55	0	39	0	27	0	5	0	5	0	5	14	19
Uniq1663	2	0	3	0	2	0	2	3	1	0	0	1	0	0	0	0	1	0	0	0	0	0	0	0	0	0	0	3	0	2	0	3	0	3	0	3	0	4	0	0	0	1	0	1	0	1	0	1
Uniq812	4	0	10	0	4	0	6	9	2	1	0	1	0	1	0	1	1	1	2	0	1	0	0	0	0	1	1	6	1	7	0	10	1	6	0	7	0	9	0	2	0	3	0	1	0	3	4	5
Uniq457	8	0	12	0	15	0	6	14	11	3	0	6	0	7	0	14	3	8	8	0	3	0	2	0	2	2	1	9	0	7	0	13	0	11	0	11	0	18	0	3	0	4	0	6	0	5	3	7
Uniq3872	2	1	4	0	1	0	4	2	3	1	0	0	0	0	0	1	1	1	0	0	1	0	2	0	1	1	0	2	4	4	2	2	3	1	0	2	1	4	0	0	0	2	0	2	0	2	1	1
Uniq1521	2	0	4	0	4	0	2	3	3	4	0	2	0	2	0	2	1	1	1	0	0	0	0	0	0	0	1	3	0	2	0	1	0	1	0	2	0	2	0	1	0	0	0	2	0	1	1	2
Uniq344	18	0	25	0	33	0	15	22	15	2	0	7	0	1	0	9	5	3	3	0	3	0	1	0	4	1	0	2	0	3	0	1	0	2	0	2	0	3	0	2	0	3	0	5	0	3	1	4
Uniq268	14	0	9	0	17	0	15	14	12	10	0	8	0	9	0	17	16	15	4	0	10	0	3	0	4	5	11	13	0	17	0	12	0	17	0	11	0	18	0	7	0	7	0	6	0	7	5	14
Uniq396	13	0	25	0	25	0	13	19	17	7	0	11	0	11	0	22	7	12	12	0	5	0	4	0	3	1	2	15	0	15	0	19	0	20	0	16	0	28	0	6	0	7	0	8	0	9	5	10
Uniq2220	1	0	2	0	2	0	0	2	1	1	0	0	0	1	0	1	1	1	0	0	0	0	0	0	1	1	1	0	0	1	0	0	0	1	0	1	0	0	0	2	0	1	0	0	0	1	0	0
Uniq979	4	0	4	0	10	0	5	6	4	6	0	5	0	3	0	9	5	6	1	0	2	0	1	0	1	1	2	4	0	5	0	3	0	5	0	3	0	3	0	4	0	2	0	4	0	3	2	3
Uniq653	12	0	21	0	16	1	20	19	14	2	0	1	0	1	0	4	4	3	4	0	3	0	1	0	2	1	0	18	0	15	0	20	0	13	0	13	0	28	0	10	0	8	0	11	0	5	8	14
Uniq1361	2	1	1	2	1	1	4	1	1	1	1	0	1	1	1	0	3	1	1	0	0	0	0	0	1	1	2	0	9	0	3	0	4	0	1	0	0	0	1	1	1	1	1	0	0	0	0	1
Uniq88	13	24	40	14	16	14	14	22	7	3	31	1	29	2	24	3	52	11	3	3	5	6	6	36	6	1	1	1	19	1	15	0	48	0	16	0	4	1	10	1	1	1	0	2	0	1	2	2
Uniq1972	2	0	1	1	1	0	1	0	0	0	0	0	0	0	1	0	1	0	2	0	1	0	0	0	1	1	3	0	2	0	1	1	3	0	0	0	0	0	0	1	0	1	0	0	0	0	0	2
Uniq170	3	14	13	8	4	7	6	5	2	0	21	0	15	0	14	1	17	4	1	1	1	5	2	23	2	0	0	1	11	0	9	0	33	0	10	0	2	0	8	0	1	0	0	1	0	0	1	1
Uniq217	5	10	9	7	3	8	3	5	3	0	17	0	15	0	12	1	15	5	2	1	2	3	1	21	2	0	1	1	10	0	9	0	22	0	9	0	2	0	4	0	0	0	0	1	0	1	1	1
Uniq2376	0	0	0	0	0	0	0	0	1	1	0	0	0	1	0	0	0	0	0	0	0	0	0	0	1	1	0	3	0	2	0	2	0	1	0	2	0	4	0	0	0	1	0	0	0	0	0	0
Uniq320	7	0	5	0	13	0	10	8	7	5	0	5	0	4	0	10	11	7	2	0	3	0	2	0	2	3	5	11	0	10	0	7	0	11	0	7	0	10	0	4	0	3	0	5	0	3	2	11
Uniq168	11	0	14	0	18	0	16	20	16	11	0	7	0	10	0	18	18	14	6	0	9	0	3	0	4	9	11	15	0	20	0	18	0	17	0	17	0	21	0	10	0	9	0	7	0	7	8	16
Uniq978	6	0	11	0	7	1	8	10	8	1	0	1	0	0	0	3	1	2	2	0	3	0	0	0	0	1	0	8	0	7	0	12	0	11	0	8	0	13	0	5	0	5	0	6	0	3	3	7
Uniq462	8	0	11	0	9	0	19	12	9	1	0	1	0	0	0	3	3	2	4	0	2	0	2	0	1	2	0	13	0	13	0	14	0	10	0	14	0	14	0	7	0	7	0	6	0	5	7	9
Uniq1981	2	0	4	0	1	0	2	2	1	4	0	1	0	1	0	0	0	0	0	0	0	0	1	0	1	1	0	8	0	10	0	6	0	5	0	7	0	7	0	3	0	2	0	0	0	0	0	3
Uniq76	19	22	49	16	18	12	24	27	9	4	35	2	31	1	29	2	62	17	4	3	7	8	8	38	7	2	1	1	17	1	16	1	50	1	18	0	4	2	10	2	1	1	1	3	0	2	4	3
Uniq3233	1	0	1	0	1	0	3	1	2	0	0	0	0	0	0	0	0	0	0	0	0	0	0	0	0	0	0	1	0	0	0	1	0	0	0	1	0	2	0	1	0	0	0	1	0	1	0	1
Uniq759	9	0	17	0	9	0	16	16	11	1	0	2	0	2	0	2	4	1	2	0	3	0	3	0	1	1	1	17	1	17	1	20	0	14	0	15	0	22	0	5	0	7	0	8	0	5	7	11
Uniq203	9	0	11	0	20	0	15	13	13	13	0	7	0	9	0	15	16	9	5	0	9	0	3	0	5	6	7	14	0	16	0	10	0	14	0	12	0	16	0	10	0	7	0	5	0	4	5	12
Uniq1206	2	0	3	0	4	0	6	3	3	0	0	0	0	0	0	1	1	0	1	0	2	0	1	0	0	0	0	5	0	5	0	6	0	3	0	6	0	6	0	2	0	2	0	2	0	2	2	2
Uniq1959	1	0	2	0	1	0	2	2	3	0	0	0	0	0	0	0	1	0	1	0	0	0	0	0	0	0	0	2	0	1	0	3	0	1	0	1	0	3	0	0	0	1	0	1	0	1	0	1
Uniq862	7	0	13	0	15	0	4	11	4	1	0	2	0	1	0	2	2	1	1	0	1	0	1	0	2	0	1	1	0	1	0	1	0	1	0	1	0	1	0	1	0	2	0	2	0	1	0	1
Uniq429	7	0	12	0	15	0	6	13	10	2	0	6	0	5	0	11	4	4	7	0	3	0	2	0	2	2	1	6	0	8	0	12	0	9	0	9	0	14	0	3	0	3	0	5	0	3	2	7
Uniq807	7	0	10	0	11	0	5	10	6	0	0	1	0	0	0	1	2	2	2	0	1	0	0	0	2	1	0	1	0	1	0	1	0	1	0	1	0	1	0	0	0	1	0	3	0	2	0	2
Uniq1132	2	0	3	0	3	0	2	2	2	0	0	0	0	0	0	0	1	0	1	0	0	0	0	0	0	1	0	3	0	1	0	5	0	3	0	2	0	4	0	1	0	2	0	1	0	0	0	1
Uniq997	2	0	3	0	5	0	4	3	3	3	0	3	0	2	0	5	4	4	2	0	3	0	1	0	1	3	2	5	0	4	0	3	0	2	0	2	0	3	0	2	0	2	0	2	0	2	1	4
Uniq2181	1	0	0	0	0	0	0	0	0	8	0	0	0	1	0	0	3	2	0	0	0	0	1	0	2	1	1	0	0	0	0	0	0	0	0	0	0	0	0	0	0	0	0	1	0	1	0	0
Uniq377	10	0	15	0	19	0	6	12	13	5	0	8	0	8	0	19	5	7	9	0	3	0	2	0	2	2	1	11	0	9	0	12	0	8	0	15	0	13	0	4	0	4	0	5	0	6	4	9
Uniq1127	2	0	3	0	4	0	3	3	3	2	0	2	0	1	0	3	3	3	2	0	1	0	0	0	0	1	0	2	0	3	0	1	0	1	0	1	0	1	0	1	0	1	0	1	0	1	1	4
Uniq1063	5	0	4	0	7	0	3	5	5	3	0	1	0	2	0	3	5	3	1	0	3	0	1	0	2	1	3	3	0	5	0	2	0	4	0	3	0	2	0	3	0	3	0	2	0	2	2	2
Uniq1836	3	0	3	0	3	0	2	4	1	0	0	0	0	0	0	0	1	0	0	0	1	0	0	0	0	0	0	4	0	3	0	5	0	4	0	3	0	6	0	1	0	2	0	2	0	1	1	1
Uniq4481	0	0	0	0	0	0	0	0	0	0	0	0	0	0	0	0	1	0	3	0	0	0	0	0	0	0	0	1	0	1	0	0	0	0	0	1	0	0	0	0	0	0	0	0	0	0	0	0
Uniq3792	1	0	1	0	1	0	2	1	1	0	0	0	0	0	0	0	1	0	0	0	0	0	0	0	0	0	0	2	0	1	0	0	0	1	0	1	0	1	0	0	0	1	0	0	0	1	0	1
Uniq190	11	0	11	0	16	0	14	13	13	9	0	7	0	11	0	18	16	10	4	0	7	0	3	0	4	7	9	12	0	19	0	11	0	20	0	12	0	19	0	8	0	7	0	5	0	6	6	13
Uniq763	5	0	9	0	7	0	4	7	6	2	0	6	0	4	0	8	2	2	5	0	1	0	1	0	1	0	0	4	0	6	0	8	0	5	0	7	0	9	0	2	0	2	0	4	0	2	2	3
Uniq312	11	0	20	0	25	0	11	18	15	7	0	8	0	7	0	19	7	9	11	0	5	0	2	0	3	2	1	14	0	10	0	14	0	16	0	19	0	22	0	7	0	6	0	12	0	6	6	9
Uniq405	7	0	6	0	12	0	8	8	10	4	0	4	0	7	0	10	11	8	4	0	6	0	2	0	2	4	5	7	0	9	0	7	0	10	0	8	0	9	0	5	0	4	0	5	0	4	4	9
Uniq2344	2	0	3	0	1	0	3	2	2	0	0	0	0	0	0	0	0	0	0	0	0	0	0	0	0	0	0	1	0	1	0	3	0	1	0	2	0	1	0	1	0	1	0	0	0	0	0	1
Uniq1858	4	0	4	0	3	0	2	1	2	0	0	0	0	0	0	0	1	1	0	0	0	0	0	0	0	0	0	1	0	2	0	2	0	2	0	1	0	2	0	1	0	2	0	1	0	0	1	1
Uniq640	8	0	15	0	20	0	8	11	7	0	0	4	0	0	0	3	2	2	1	0	2	0	0	0	2	0	1	1	0	1	0	1	0	1	0	1	0	1	0	1	0	1	0	3	0	1	1	2
Uniq234	20	0	30	0	35	0	16	27	20	8	0	13	0	11	0	30	10	13	15	0	7	0	4	0	4	3	3	23	0	16	0	25	0	21	0	20	0	31	0	8	0	8	0	10	0	9	8	14
Uniq1854	4	0	3	0	4	0	2	2	3	1	0	0	0	0	0	1	1	0	0	0	0	0	0	0	0	0	0	2	0	4	0	3	0	2	0	1	0	3	0	1	0	2	0	1	0	1	1	2
Uniq1905	6	0	6	0	5	0	5	4	5	1	0	1	0	2	0	1	1	1	0	0	1	0	0	0	1	1	0	3	0	3	0	2	0	2	0	4	0	3	0	0	0	1	0	2	0	3	1	3
Uniq263	21	0	32	0	49	0	17	36	18	2	0	6	0	1	0	8	6	6	3	0	4	0	3	0	6	2	2	4	0	5	0	2	0	3	0	4	0	4	0	2	0	8	0	8	0	3	1	5
Uniq519	8	0	7	0	15	0	10	8	9	7	0	7	0	6	0	12	9	7	2	0	3	0	1	0	3	3	3	8	0	8	0	5	0	5	0	3	0	6	0	4	0	3	0	4	0	3	2	6
Uniq380	12	0	20	0	23	0	12	20	18	8	0	10	0	12	0	25	7	9	13	0	7	0	3	0	3	2	1	15	0	13	0	19	0	17	0	22	0	23	0	7	0	5	0	12	0	8	5	10
Uniq1041	2	1	1	2	1	2	4	1	1	0	1	1	1	0	1	0	3	1	1	0	1	0	0	0	1	1	3	0	8	1	3	0	4	1	1	0	1	0	0	0	2	2	1	0	1	0	1	1
Uniq596	7	0	13	0	13	0	6	12	7	3	0	5	0	5	0	10	3	4	7	0	3	0	1	0	1	1	1	6	0	6	0	11	0	10	0	8	0	13	0	5	0	3	0	5	0	4	2	6
Uniq1026	3	1	1	1	1	1	2	2	2	0	1	0	0	0	1	0	2	1	4	0	1	0	1	0	2	2	7	0	12	0	3	1	8	1	0	0	1	0	1	2	0	3	0	0	1	2	1	2
Uniq3709	2	0	3	0	1	0	1	1	1	0	0	0	0	0	0	0	0	0	0	0	0	0	0	0	0	0	0	2	0	1	0	2	0	2	0	2	0	2	0	0	0	0	0	0	0	1	1	1
Uniq90	24	0	23	0	39	0	36	32	28	21	0	16	0	19	0	40	36	27	12	0	21	0	6	0	9	12	18	28	0	36	0	24	0	33	0	29	0	40	0	18	0	16	0	16	0	12	12	35
Uniq901	2	0	4	0	8	0	2	5	3	0	0	1	0	0	0	1	1	0	1	0	0	0	0	0	1	0	0	0	0	1	0	0	0	0	0	1	0	1	0	1	0	0	0	1	0	1	0	1
Uniq4306	1	1	1	0	1	0	0	0	2	0	0	0	0	0	0	1	1	0	0	0	0	0	0	0	0	0	0	0	1	1	0	0	0	0	0	1	0	1	0	0	0	0	0	0	0	0	0	0
Uniq248	2	10	9	4	5	5	5	4	3	0	17	0	11	0	9	1	16	3	1	1	2	2	2	17	1	0	0	0	9	0	7	0	18	0	8	0	2	0	6	0	0	0	0	0	0	1	1	1
Uniq3868	1	0	2	0	0	0	0	2	1	0	0	0	0	0	0	0	0	0	0	0	0	0	0	0	0	0	0	2	0	1	0	2	0	1	0	1	0	2	0	1	0	0	0	0	0	0	1	1
Uniq882	3	0	6	0	2	0	5	4	2	0	0	0	0	0	0	0	1	0	1	0	1	0	0	0	1	0	0	5	0	3	0	5	0	4	0	4	0	5	0	2	0	2	0	2	0	1	2	3
Uniq1244	4	0	8	0	3	1	8	6	3	2	0	1	0	0	0	2	1	0	1	0	1	0	0	0	0	1	0	3	0	5	0	9	0	5	0	4	0	6	0	3	0	3	0	3	0	3	3	3
Uniq658	7	0	6	0	10	0	7	7	5	8	0	4	0	3	0	10	8	6	2	0	3	0	1	0	2	3	4	6	0	6	0	5	0	5	0	2	0	6	0	3	0	4	0	3	0	4	3	6
Uniq512	1	0	2	0	1	0	0	3	4	20	0	89	0	44	0	87	8	25	12	0	2	0	4	0	18	5	16	1	0	1	0	0	0	1	0	4	0	1	0	1	0	2	0	10	0	4	2	1
Uniq634	15	0	29	0	15	1	21	20	17	2	0	2	0	1	0	4	4	2	4	0	4	0	2	0	1	3	0	19	0	16	0	28	0	18	0	16	0	30	0	11	0	9	0	10	0	8	7	15
Uniq208	12	0	25	0	22	0	14	23	15	6	0	10	0	9	0	19	6	8	11	0	4	0	3	0	5	2	2	16	0	13	0	16	0	13	0	16	0	26	0	4	0	5	0	9	0	9	5	9
Uniq1286	5	0	11	0	6	0	7	10	7	1	0	1	0	1	0	1	2	2	2	0	2	0	1	0	0	1	0	11	0	7	0	9	0	9	0	6	0	9	0	3	0	4	0	5	0	3	4	6
Uniq4177	8	0	7	0	2	0	6	3	4	0	0	1	0	1	0	1	0	0	9	0	1	0	1	0	4	1	0	0	0	0	0	11	0	4	0	0	0	8	0	2	0	9	0	3	0	4	5	5
Uniq772	5	0	14	0	17	0	6	10	4	1	0	2	0	0	0	2	1	2	1	0	1	0	1	0	2	0	0	1	0	2	0	1	0	1	0	1	0	0	0	0	0	1	0	2	0	1	1	1
Uniq4197	2	0	8	0	2	0	4	4	3	0	0	2	0	0	0	2	2	8	0	0	0	1	0	0	4	1	0	0	0	0	0	0	0	0	0	0	0	0	0	0	0	0	0	1	0	1	3	0
Uniq649	6	0	4	0	11	0	6	6	7	6	0	7	0	5	0	10	7	6	1	0	3	0	2	0	2	3	3	7	0	7	0	3	0	6	0	4	0	5	0	4	0	4	0	3	0	3	3	5
Uniq3443	2	0	2	0	1	0	0	2	2	0	0	0	0	0	0	0	0	0	0	0	0	0	0	0	0	0	0	1	0	1	0	2	0	1	0	2	0	3	0	0	0	0	0	0	0	1	0	1
Uniq4409	2	0	2	0	2	0	1	1	2	0	0	0	0	0	0	1	0	0	0	0	0	0	0	0	0	0	0	1	0	2	0	0	0	1	0	1	0	1	0	0	0	0	0	1	0	0	0	1
Uniq743	4	0	7	0	7	0	8	6	4	0	0	0	0	1	0	1	1	0	1	0	1	0	1	0	1	1	0	7	0	8	0	9	0	4	0	6	0	8	0	4	0	3	0	3	0	3	2	6
Uniq169	17	0	13	0	23	0	21	21	19	14	0	10	0	12	0	24	24	20	7	0	11	0	6	0	7	9	15	17	0	24	0	16	0	24	0	21	0	31	0	14	0	9	0	11	0	9	9	21
Uniq2501	2	0	3	0	3	0	3	2	2	2	0	0	0	0	0	0	0	0	0	0	1	0	0	0	2	0	0	1	0	2	0	2	0	2	0	2	0	2	0	1	0	0	0	0	0	2	0	1
Uniq1133	3	0	5	0	3	0	4	4	2	0	0	1	0	0	0	1	1	0	1	0	0	0	0	0	0	0	0	4	0	4	0	5	0	4	0	4	0	4	0	2	0	2	0	2	0	1	1	4
Uniq133	15	0	14	0	25	0	21	19	17	15	0	11	0	11	0	24	22	14	8	0	9	0	4	0	5	7	11	18	0	24	0	15	0	24	0	18	0	20	0	9	0	8	0	9	0	7	7	20
Uniq839	9	0	14	0	17	0	7	12	9	1	0	1	0	2	0	2	2	2	2	0	0	0	1	0	2	0	0	1	0	1	0	1	0	2	0	2	0	1	0	1	0	1	0	4	0	2	0	2
Uniq3687	1	0	3	0	1	0	1	1	1	0	0	0	0	0	0	0	0	2	0	0	0	0	0	0	1	0	0	0	0	0	0	0	0	0	0	0	0	0	0	0	0	0	0	0	0	0	1	0
Uniq3827	3	0	4	0	1	0	0	0	0	12	0	14	22	10	3	4	4	30	6	0	9	1	17	0	7	9	0	0	0	0	0	1	1	0	2	0	0	0	0	0	0	1	0	1	0	1	0	0
Uniq3023	0	0	0	0	0	0	0	1	0	0	0	0	0	0	0	0	3	1	0	0	0	0	1	0	0	0	0	0	0	0	0	0	0	0	0	0	0	0	0	0	0	0	0	0	0	0	0	1
Uniq2464	5	0	5	0	4	0	4	2	3	1	0	0	0	0	0	1	1	0	0	0	0	0	0	0	0	0	0	5	0	5	0	5	0	4	0	5	0	5	0	2	0	2	0	2	0	2	2	2
Uniq949	4	0	5	0	10	0	5	5	5	6	0	2	0	3	0	3	2	3	2	0	1	0	1	0	1	1	1	3	0	3	0	2	0	2	0	3	0	3	0	3	0	1	0	3	0	2	1	5
Uniq232	10	0	11	0	20	0	16	14	12	7	0	7	0	11	0	19	21	9	4	0	9	0	3	0	6	5	10	12	0	18	0	13	0	16	0	16	0	19	0	9	0	8	0	6	0	6	5	12
Uniq2323	1	0	2	0	2	0	1	2	2	0	0	1	0	1	0	1	1	1	1	0	1	0	0	0	0	0	0	1	0	1	0	1	0	1	0	1	0	1	0	0	0	0	0	1	0	1	1	1
Uniq3485	2	4	2	2	1	2	1	1	1	0	1	0	0	1	0	2	0	1	0	0	0	0	0	0	0	0	0	0	4	1	2	0	3	1	0	1	0	0	0	1	0	0	0	1	0	0	0	1
Uniq531	6	0	10	0	6	0	12	12	7	1	0	0	0	0	0	2	1	2	3	0	2	0	1	0	1	1	0	12	0	12	0	11	0	9	0	9	0	11	0	4	0	5	0	5	0	2	4	6
Uniq2780	3	0	4	0	1	0	2	3	3	0	0	0	0	0	0	0	1	0	1	0	0	0	0	0	0	0	0	5	0	4	0	5	0	1	0	2	0	4	0	1	0	1	0	1	0	3	2	1
Uniq4162	1	0	4	0	3	0	2	4	2	0	0	0	0	0	0	0	0	0	1	0	1	0	0	0	0	0	0	2	0	2	0	5	0	4	0	3	0	5	0	0	0	1	0	1	0	1	1	1
Uniq1217	3	0	6	0	2	0	5	5	5	0	0	0	0	0	0	1	1	0	1	0	0	0	0	0	0	1	0	4	0	4	0	8	0	4	0	4	0	7	0	3	0	2	0	3	0	3	1	3
Uniq181	10	0	12	0	17	0	11	12	10	10	0	4	0	8	0	19	17	11	4	0	8	0	3	0	5	6	9	12	0	15	0	10	0	16	0	14	0	14	0	9	0	5	0	5	0	7	4	14
Uniq1386	0	0	0	0	0	0	0	1	0	3	0	0	0	2	0	0	1	1	0	0	1	0	0	0	1	1	0	2	0	2	0	2	0	2	0	3	0	2	0	0	0	0	0	0	0	0	0	0
Uniq3640	1	0	1	0	0	0	1	1	0	0	1	0	0	0	0	0	0	0	0	0	0	0	0	0	0	0	0	0	0	1	0	0	0	0	0	0	0	1	0	0	0	0	0	0	0	0	0	0
Uniq786	4	0	4	0	9	0	7	5	3	6	0	5	0	4	0	9	6	5	1	0	2	0	1	0	1	1	2	5	0	5	0	3	0	3	0	2	0	6	0	2	0	1	0	1	0	3	2	6
Uniq866	4	0	7	0	9	0	6	6	3	0	0	2	0	0	0	1	2	1	1	0	0	0	0	0	1	0	0	0	0	2	0	1	0	1	0	1	0	1	0	0	0	1	0	2	0	1	0	1
Uniq161	52	0	16	0	20	0	31	28	47	36	0	10	0	27	0	26	18	30	2	0	17	0	24	0	12	24	11	54	0	51	0	53	0	58	0	57	0	39	0	26	0	3	0	5	0	6	15	18
Uniq2104	1	0	1	0	3	0	1	1	2	0	0	0	0	0	0	0	1	0	1	0	0	0	0	0	0	0	0	2	0	2	0	1	0	1	0	0	0	2	0	1	0	1	0	1	0	1	1	1
Uniq502	6	0	9	0	7	0	12	10	5	1	0	1	0	0	0	2	3	2	2	0	3	0	1	0	1	1	0	11	0	11	0	10	0	9	0	11	0	12	0	5	0	6	0	4	0	4	4	7
Uniq2068	2	0	2	0	1	0	2	2	2	0	0	0	0	0	0	1	1	0	1	0	1	0	0	0	0	0	0	3	0	1	0	3	0	1	0	1	0	2	0	1	0	1	0	1	0	1	1	2
Uniq1016	5	0	11	0	10	0	6	11	8	2	0	5	0	6	0	7	3	3	4	0	2	0	2	0	1	1	0	4	0	5	0	8	0	7	0	5	0	8	0	3	0	3	0	3	0	3	2	5
Uniq606	6	0	9	0	9	0	5	11	6	4	0	4	0	5	0	11	3	5	5	0	3	0	2	0	2	1	1	6	0	5	0	9	0	8	0	8	0	13	0	2	0	2	0	5	0	3	2	4
Uniq3211	1	0	1	0	0	0	0	1	0	2	0	0	0	0	0	0	0	0	0	0	0	0	0	0	0	0	0	2	0	1	0	1	0	1	0	1	0	2	0	1	0	1	0	0	0	0	0	0
Uniq3089	1	4	2	3	1	2	1	1	1	0	2	1	0	0	1	4	0	2	0	0	0	0	0	1	0	0	0	2	5	0	3	1	4	1	0	2	0	2	0	1	0	0	0	1	0	1	1	1
Uniq1007	0	0	0	0	1	0	0	1	1	0	0	0	0	0	0	0	0	0	0	0	0	0	0	0	0	0	0	0	0	0	0	0	0	0	0	0	0	0	0	0	0	0	0	0	0	0	0	0
Uniq1890	1	0	2	0	2	0	1	2	1	1	0	1	0	1	0	1	2	2	1	0	1	0	0	0	0	1	0	2	0	1	0	1	0	1	0	1	0	1	0	2	0	0	0	2	0	1	1	2
Uniq156	8	13	21	8	7	8	11	15	5	0	16	0	14	1	13	2	34	8	2	1	3	5	5	21	3	0	1	1	12	1	9	0	25	0	9	0	2	1	7	1	1	1	0	2	0	1	2	2
Uniq505	8	0	14	0	12	0	8	13	9	5	0	7	0	4	0	11	3	5	5	0	4	0	1	0	3	2	0	9	0	6	0	11	0	11	0	14	0	16	0	4	0	3	0	4	0	5	3	7
Uniq3016	1	0	1	0	1	0	0	2	0	1	2	0	0	0	0	0	1	0	1	0	0	0	0	0	0	1	0	0	0	1	0	0	0	1	0	0	0	0	0	0	0	1	0	0	0	0	0	1
Uniq3114	2	0	1	0	1	0	1	1	1	0	0	1	0	0	0	0	1	0	0	0	0	0	0	0	0	0	0	2	0	2	0	5	0	5	0	4	0	3	0	0	0	1	0	1	0	0	0	1
Uniq1403	2	0	3	0	4	0	3	4	3	2	0	2	0	4	0	2	2	1	1	0	0	0	0	0	0	0	0	2	0	3	0	1	0	1	0	1	0	2	0	3	0	1	0	2	0	1	0	3
Uniq1092	7	0	13	0	7	1	9	10	5	1	0	2	0	1	0	2	2	1	1	0	3	0	1	0	1	1	0	14	1	11	0	11	0	9	0	9	0	14	0	4	0	5	0	6	0	5	5	7
Uniq2369	1	9	3	9	2	20	3	2	2	0	0	0	0	0	1	0	0	0	1	0	0	0	0	0	0	3	1	0	11	1	8	1	4	1	4	1	6	2	2	1	0	3	0	2	0	2	2	1
Uniq817	2	0	4	0	7	0	4	6	4	4	0	5	0	4	0	8	6	5	2	0	2	0	1	0	1	2	2	5	0	7	0	2	0	4	0	1	0	3	0	2	0	2	0	2	0	3	2	4
Uniq2609	2	0	4	0	5	0	1	5	2	0	0	1	0	1	0	1	0	0	1	0	1	0	0	0	0	1	0	3	0	2	0	4	0	5	0	4	0	5	0	0	0	3	0	3	0	2	1	2
Uniq2836	1	0	2	0	1	0	1	3	2	0	0	1	0	0	0	1	0	0	1	0	0	0	0	0	0	1	0	1	0	1	0	3	0	3	0	3	0	3	0	0	0	2	0	2	0	1	0	2
Uniq1792	3	7	4	8	4	5	3	4	4	3	4	3	0	1	1	12	1	3	1	0	1	1	0	1	1	1	0	3	14	2	6	1	8	2	0	3	0	6	0	3	0	2	0	4	0	2	2	3
Uniq1812	2	0	13	0	3	0	5	4	4	0	0	2	0	0	0	2	1	10	1	0	0	1	0	0	6	2	1	0	0	0	0	0	0	0	0	0	0	0	0	0	0	0	0	1	0	1	2	1
Uniq1349	3	2	2	0	1	1	2	2	2	3	4	0	0	0	0	0	3	0	0	0	0	0	1	0	0	1	0	1	0	4	0	2	0	3	0	1	0	2	0	1	0	1	0	0	0	1	1	3
Uniq2327	3	0	3	0	3	0	1	2	2	1	0	1	0	1	0	1	2	1	1	0	0	0	0	0	1	1	2	2	0	3	0	0	0	1	0	1	0	1	0	1	0	1	0	0	0	0	1	1
Uniq2737	1	0	1	0	1	0	0	0	1	0	0	0	0	0	0	0	0	0	0	0	0	0	0	0	0	0	0	2	0	1	0	3	0	1	0	1	0	3	0	1	0	1	0	0	0	0	0	0
Uniq138	17	0	20	0	29	0	27	21	18	15	0	11	0	15	0	28	27	19	8	0	17	0	4	0	6	11	15	24	0	28	0	18	0	31	0	21	0	30	0	15	0	11	0	10	0	8	11	23
Uniq3611	4	0	1	0	1	0	1	1	2	1	0	0	0	0	0	1	2	1	1	0	0	0	0	0	0	0	1	2	0	2	0	5	0	4	0	4	0	4	0	1	0	1	0	1	0	0	1	1
Uniq1218	2	0	5	0	6	0	2	4	4	4	0	3	0	2	0	2	2	2	1	0	1	0	0	0	1	0	1	2	0	2	0	1	0	2	0	1	0	3	0	3	0	1	0	2	0	1	1	2
Uniq423	14	0	20	0	20	0	12	17	15	6	0	9	0	8	0	16	6	7	10	0	4	0	2	0	1	2	1	12	0	9	0	14	0	12	0	14	0	24	0	6	0	5	0	8	0	6	3	8
Uniq3979	1	4	1	6	1	10	1	1	1	0	0	0	0	0	1	0	0	0	0	0	0	0	0	0	0	2	0	0	5	0	5	0	3	0	2	0	4	1	1	1	0	1	0	0	0	1	1	0
Uniq4065	1	0	1	0	2	0	2	0	1	1	0	1	0	1	0	0	2	9	1	0	0	0	0	0	0	0	0	0	0	2	0	1	0	1	0	1	0	2	0	1	0	2	0	1	0	0	1	2
Uniq801	5	0	8	0	3	0	5	6	4	1	0	0	0	0	0	1	1	1	2	0	1	0	1	0	1	0	0	7	0	4	0	8	0	5	0	6	0	7	0	2	0	3	0	4	0	3	3	6
Uniq573	13	0	19	0	29	0	10	19	11	0	0	4	0	0	0	5	4	3	2	0	1	0	1	0	3	1	0	3	0	1	0	1	0	1	0	1	0	3	0	1	0	3	0	4	0	2	1	3
Uniq3706	1	0	1	0	1	0	1	1	0	0	0	0	0	0	0	0	0	0	0	0	0	0	0	0	0	0	0	2	0	1	0	1	0	1	0	1	0	1	0	0	0	1	0	2	0	0	1	1
Uniq2720	3	0	1	0	2	0	1	1	3	1	0	0	0	0	0	0	1	1	1	0	0	0	0	0	0	0	0	2	0	3	0	5	0	3	0	4	0	3	0	1	0	2	0	1	0	0	1	1
Uniq294	1	0	1	0	4	0	1	1	3	14	0	33	0	29	0	15	18	33	12	1	11	0	4	0	12	5	12	1	0	4	0	0	1	1	0	3	0	2	0	0	0	1	0	3	0	4	1	1
Uniq996	2	0	1	0	2	0	2	2	2	2	0	1	0	2	0	2	2	2	2	0	1	0	0	0	1	1	0	2	0	2	0	1	0	2	0	2	0	1	0	1	0	0	0	1	0	1	1	2
Uniq3862	1	0	1	0	0	0	1	1	1	0	0	0	0	0	0	0	1	0	0	0	0	0	0	0	0	0	0	1	0	1	0	1	0	0	0	1	0	1	0	0	0	1	0	0	0	0	0	0
Uniq3257	1	0	3	0	4	0	1	2	1	0	0	1	0	0	0	2	0	1	2	0	1	0	0	0	0	0	0	1	0	1	0	1	0	2	0	2	0	1	0	1	0	0	0	1	0	1	0	0
Uniq1614	1	0	4	0	1	0	2	3	2	0	0	0	0	0	0	1	0	0	1	0	0	0	1	0	0	0	0	2	0	3	0	2	0	2	0	2	0	3	0	1	0	1	0	1	0	1	1	2
Uniq822	4	0	3	0	5	0	7	5	4	5	0	5	0	5	0	7	7	7	2	0	2	0	0	0	1	3	3	6	0	6	0	3	0	5	0	2	0	5	0	4	0	2	0	3	0	2	3	4
Uniq1676	1	0	2	0	0	0	1	2	1	0	0	0	0	0	0	0	0	0	0	0	0	0	0	0	0	0	0	0	0	2	0	4	0	2	0	2	0	4	0	1	0	0	0	1	0	0	1	1
Uniq3339	1	0	0	0	1	0	0	1	0	0	0	1	0	1	0	1	0	0	0	0	0	0	0	0	0	0	0	1	0	1	0	1	0	1	0	1	0	0	0	1	0	0	0	1	0	0	0	1
Uniq307	6	0	3	0	8	0	6	5	6	1	0	3	0	4	0	8	7	4	1	0	3	0	2	0	2	4	4	8	0	7	0	5	0	6	0	8	0	7	0	4	0	2	0	3	0	3	2	6
Uniq717	5	0	12	0	6	0	9	9	6	1	0	1	0	0	0	1	2	1	2	0	2	0	3	0	1	1	0	11	0	11	0	9	0	9	0	9	0	14	0	2	0	4	0	4	0	4	5	6
Uniq216	0	0	0	0	0	0	0	0	0	0	0	0	0	0	0	0	0	0	0	0	0	0	0	0	0	0	0	0	0	0	0	0	0	0	0	0	0	0	0	0	0	0	0	0	0	0	0	0
Uniq328	6	0	4	0	14	0	7	5	8	5	0	4	0	5	0	9	11	7	4	0	4	0	2	0	2	4	6	6	0	9	0	7	0	9	0	5	0	10	0	5	0	4	0	5	0	3	4	9
Uniq3438	0	1	1	1	1	1	1	0	1	0	1	0	0	0	1	0	1	1	0	0	0	0	0	0	1	1	1	0	2	0	1	0	1	0	0	0	0	1	0	1	0	1	0	0	0	1	1	1
Uniq532	0	0	0	0	0	0	0	0	0	0	0	0	0	0	0	0	0	0	0	0	0	0	0	0	0	0	0	0	0	0	0	0	0	0	0	0	0	0	0	0	0	0	0	0	0	0	0	0
Uniq1116	2	1	1	1	1	1	4	0	2	0	0	0	0	0	0	0	2	0	1	0	0	0	0	0	2	1	1	0	4	1	2	0	2	0	1	1	0	0	0	1	0	1	1	0	0	0	1	1
Uniq2002	2	0	3	0	4	0	2	2	3	2	0	2	0	2	0	2	1	0	1	0	1	0	0	0	1	0	1	2	0	1	0	1	0	1	0	2	0	2	0	2	0	1	0	1	0	2	1	3
Uniq2074	2	0	3	0	2	0	4	1	2	0	0	0	0	0	0	1	1	0	1	0	0	0	0	0	0	0	0	3	0	1	0	4	0	1	0	2	0	2	0	0	0	0	0	1	0	1	1	2
Uniq1190	3	0	7	0	4	0	7	8	6	0	0	0	0	1	0	1	1	0	2	0	1	0	2	0	0	1	0	4	0	3	0	5	0	5	0	4	0	5	0	1	0	1	0	3	0	3	3	4
Uniq3201	0	0	1	0	2	0	1	1	0	0	0	0	0	0	0	0	1	0	0	0	0	0	0	0	0	0	0	1	0	1	0	0	0	0	0	0	0	1	0	0	0	0	0	0	0	1	1	1
Uniq2758	6	0	5	0	5	0	6	3	8	5	0	3	0	2	0	2	7	41	5	0	2	0	1	0	1	0	2	1	0	7	0	3	0	2	0	2	0	8	0	3	0	3	0	5	0	2	2	5
Uniq143	8	17	19	11	6	6	6	11	4	1	23	1	19	0	15	1	23	7	2	1	2	5	2	22	2	0	1	0	14	0	10	0	31	0	10	0	3	1	6	0	1	0	0	1	0	0	1	2
Uniq3995	0	0	0	0	1	0	1	0	0	0	0	0	0	0	0	0	1	0	5	0	0	0	0	0	0	0	0	1	0	2	0	1	0	1	0	1	0	1	0	0	0	0	0	0	0	0	0	0
Uniq2206	1	1	1	0	1	0	0	1	1	0	2	0	0	0	0	0	1	0	1	0	0	0	0	0	0	0	0	0	0	1	0	0	0	0	0	0	0	1	0	0	0	1	0	0	0	0	0	1
Uniq674	7	0	12	0	11	0	7	11	4	5	0	6	0	5	0	10	4	6	4	0	2	0	1	0	3	1	0	7	0	6	0	11	0	8	0	9	0	17	0	3	0	3	0	5	0	5	3	5
Uniq174	8	13	19	9	9	8	7	13	6	2	16	0	17	1	13	2	31	7	2	1	3	4	4	17	2	0	1	1	11	0	9	0	26	1	9	0	1	1	5	1	1	1	0	1	0	0	1	1
Uniq266	28	0	10	0	16	0	21	15	24	24	0	8	0	19	0	17	10	23	1	0	11	0	18	0	7	16	3	37	0	29	0	35	0	38	0	32	0	24	0	16	0	3	0	3	0	3	8	9
Uniq792	5	0	8	0	5	0	6	7	6	1	0	1	0	0	0	2	1	1	1	0	1	0	0	0	1	1	0	10	0	7	0	9	0	10	0	6	0	11	0	5	0	3	0	4	0	3	3	7
Uniq1727	2	0	5	0	6	0	3	4	1	1	0	0	0	0	0	0	1	0	0	0	0	0	0	0	0	0	0	1	0	1	0	0	0	1	0	1	0	0	0	0	0	0	0	1	0	0	0	1
Uniq981	3	0	3	0	6	0	5	4	2	3	0	5	0	3	0	4	6	4	2	0	1	0	1	0	1	2	2	5	0	5	0	3	0	3	0	1	0	4	0	3	0	2	0	2	0	2	1	3
Uniq2380	2	0	1	0	1	0	1	2	1	0	0	0	0	0	0	1	0	0	1	0	0	0	1	0	0	0	0	1	0	1	0	2	0	1	0	1	0	2	0	1	0	1	0	0	0	1	1	1
Uniq622	5	0	5	0	8	0	6	6	6	4	0	5	0	5	0	10	6	6	1	0	1	0	0	0	2	1	3	6	0	7	0	4	0	6	0	4	0	4	0	3	0	3	0	4	0	3	3	5
Uniq2741	1	0	1	0	1	0	2	1	0	1	0	4	0	5	0	3	8	16	11	0	8	0	17	0	6	7	1	0	1	0	0	3	0	3	0	1	0	4	0	2	0	4	0	8	0	13	5	0
Uniq3222	1	0	1	0	1	0	1	1	1	2	0	0	0	1	0	0	0	0	0	0	0	0	0	0	1	0	0	3	0	4	0	5	0	2	0	2	0	4	0	1	0	1	0	0	0	0	0	1
Uniq270	5	0	5	0	8	0	8	7	5	5	0	4	0	4	0	10	9	6	3	0	4	0	2	0	2	3	4	6	0	9	0	5	0	7	0	7	0	8	0	6	0	2	0	3	0	3	3	7
Uniq126	7	15	15	10	9	9	5	9	3	1	19	1	19	0	19	1	24	5	2	2	3	4	2	26	2	0	0	0	12	1	11	0	33	0	11	0	3	0	7	1	1	0	0	1	0	1	1	1
Uniq1117	3	0	5	0	2	0	3	5	4	0	0	1	0	0	0	0	1	0	0	0	1	0	0	0	1	0	0	4	0	4	0	7	0	5	0	6	0	6	0	2	0	2	0	3	0	1	2	1
Uniq12	0	2	0	1	0	1	0	0	0	0	0	0	0	0	0	0	0	0	95	35	83	59	94	37	79	77	103	0	0	0	0	0	0	0	0	0	0	0	0	79	53	93	59	96	54	118	106	59
Uniq1734	7	0	12	0	6	0	9	11	9	2	0	1	0	1	0	2	3	1	2	0	3	0	2	0	1	1	0	12	1	12	1	13	0	11	0	12	0	13	0	3	0	5	0	6	0	5	5	7
Uniq685	3	0	4	0	8	0	5	5	5	6	0	5	0	5	0	9	6	5	1	0	3	0	0	0	1	1	3	6	0	6	0	3	0	6	0	2	0	4	0	4	0	2	0	3	0	2	3	5
Uniq2444	4	0	2	0	3	0	4	1	2	0	0	0	0	0	0	0	1	0	0	0	0	0	0	0	0	0	0	1	0	2	0	2	0	2	0	2	0	2	0	1	0	1	0	1	0	1	0	1
Uniq229	35	0	10	0	12	0	21	21	32	24	0	9	0	19	0	18	13	19	2	0	14	0	20	0	10	12	5	40	0	36	0	40	0	38	0	38	0	27	0	21	0	5	0	4	0	6	9	10
Uniq2185	1	0	1	0	3	0	1	1	1	1	0	1	0	1	0	2	2	1	0	0	2	0	0	0	1	1	1	3	0	1	0	1	0	2	0	1	0	1	0	0	0	1	0	0	0	1	1	1
Uniq1840	0	0	0	0	1	0	1	0	1	0	1	0	0	0	0	0	0	0	2	0	1	0	0	0	1	0	2	0	2	0	0	0	1	0	0	0	1	0	0	0	0	0	0	0	0	0	0	1
Uniq1107	2	0	5	0	5	0	3	5	4	2	0	3	0	2	0	6	1	2	3	0	0	0	1	0	0	0	0	3	0	3	0	3	0	3	0	4	0	6	0	2	0	1	0	1	0	1	1	2
Uniq1650	4	0	4	0	3	0	3	4	2	0	0	0	0	0	0	1	2	0	0	0	0	0	0	0	0	0	0	4	0	3	0	3	0	3	0	2	0	3	0	1	0	2	0	2	0	2	1	1
Uniq2446	2	0	1	0	2	0	0	0	1	0	0	0	0	0	0	0	1	0	0	0	1	0	0	0	0	0	0	2	0	2	0	4	0	4	0	4	0	5	0	1	0	1	0	0	0	1	1	1
Uniq1467	3	0	4	0	2	0	4	3	2	0	0	0	0	0	0	1	1	0	1	0	0	0	0	0	0	0	0	2	0	1	0	4	0	2	0	2	0	4	0	1	0	1	0	1	0	1	1	1
Uniq2073	1	1	2	0	2	0	1	1	5	3	1	6	0	1	1	0	8	3	1	0	1	0	2	0	8	3	3	0	6	1	5	0	0	1	0	5	0	2	0	1	0	1	0	2	0	2	0	1
Uniq2298	2	0	2	0	1	0	1	1	0	0	0	0	0	0	0	1	1	0	1	0	1	0	0	0	1	0	1	2	0	1	0	0	0	1	0	1	0	1	0	1	0	1	0	0	0	1	0	1
Uniq790	4	0	5	0	8	0	6	4	5	4	0	6	0	4	0	6	7	5	1	0	1	0	1	0	2	2	3	4	0	5	0	3	0	6	0	2	0	3	0	2	0	2	0	2	0	2	3	4
Uniq2569	1	0	2	0	1	0	1	2	1	0	0	0	0	0	0	0	0	0	0	0	1	0	0	0	0	0	0	2	0	2	0	2	0	1	0	1	0	3	0	0	0	1	0	1	0	0	1	1
Uniq2747	0	5	0	5	0	7	0	0	1	0	0	0	0	1	2	0	0	0	0	0	0	0	0	0	1	0	0	0	3	0	4	0	3	0	1	0	1	0	1	1	0	1	0	0	0	0	1	1
Uniq2912	1	0	1	0	1	0	1	2	3	0	0	0	0	0	0	0	0	0	0	0	0	0	1	0	0	0	0	2	0	2	0	3	0	3	0	2	0	2	0	1	0	0	0	2	0	0	0	2
Uniq1070	7	0	15	0	8	0	11	11	9	0	0	2	0	1	0	1	3	2	3	0	3	0	2	0	1	1	0	12	1	11	0	15	0	11	0	10	0	15	0	4	0	6	0	7	0	3	4	7
Uniq1237	0	0	1	0	2	0	3	1	0	0	0	4	0	0	0	0	3	0	0	0	0	0	0	0	3	0	0	0	0	0	0	0	0	0	0	0	0	0	0	1	0	10	0	5	0	1	0	1
Uniq1197	3	0	3	0	4	0	2	3	2	2	0	2	0	3	0	3	4	2	1	0	1	0	1	0	0	1	1	3	0	3	0	3	0	2	0	1	0	3	0	2	0	0	0	1	0	2	1	2
Uniq1787	2	0	3	0	4	0	3	3	2	3	0	1	0	1	0	1	2	2	1	0	0	0	1	0	1	0	2	3	0	3	0	1	0	2	0	1	0	2	0	2	0	0	0	0	0	1	1	1
Uniq1268	5	0	5	0	4	0	6	7	4	1	0	1	0	1	0	1	1	0	2	0	0	0	1	0	0	0	0	6	0	5	0	8	0	7	0	5	0	7	0	2	0	2	0	2	0	1	2	3
Uniq2964	7	0	11	0	4	0	6	9	10	0	0	1	0	1	0	1	1	1	1	0	3	0	2	0	2	0	0	3	0	4	0	6	0	5	0	6	0	5	0	5	0	6	0	5	0	4	6	6
Uniq342	0	0	1	0	1	0	0	1	1	5	0	37	0	12	0	39	3	10	4	0	1	0	2	0	6	3	6	0	0	0	0	0	0	1	0	1	0	1	0	0	0	1	0	5	0	1	0	1
Uniq1838	1	10	1	9	0	17	0	1	0	0	2	0	0	0	3	0	0	0	0	0	0	1	0	1	0	0	0	0	9	0	10	0	6	0	3	0	4	0	2	1	1	1	1	1	1	1	0	1
Uniq226	3	11	9	6	4	7	4	6	2	1	14	0	16	0	16	1	15	3	1	2	1	4	1	17	1	0	1	0	9	0	7	0	23	0	9	0	2	0	5	0	1	0	0	0	0	0	1	1
Uniq2237	5	1	7	0	4	1	6	7	4	0	0	1	0	1	0	1	2	1	2	0	1	0	0	0	0	1	0	8	0	7	0	6	0	6	0	5	0	8	0	2	0	3	0	3	0	3	2	4
Uniq1670	0	0	1	0	0	0	1	1	1	0	0	0	0	0	0	0	0	0	0	0	0	0	0	0	0	0	0	1	0	1	0	1	0	1	0	0	0	1	0	0	0	0	0	0	0	0	0	1
Uniq3341	0	0	1	0	1	0	1	1	1	0	0	0	0	0	0	0	0	0	0	0	0	0	0	0	0	0	0	0	0	1	0	1	0	0	0	1	0	1	0	0	0	0	0	0	0	1	0	1
Uniq1399	4	0	5	0	3	0	8	4	3	0	0	0	0	0	0	1	1	0	2	0	1	0	0	0	1	0	0	4	0	6	0	5	0	4	0	4	0	5	0	2	0	2	0	2	0	2	2	5
Uniq2436	2	0	1	0	2	0	0	1	1	2	0	1	0	1	0	1	2	1	0	0	1	0	0	0	1	0	0	1	0	2	0	0	0	1	0	1	0	0	0	1	0	1	0	1	0	1	1	0
Uniq3240	2	0	2	0	1	0	1	1	2	0	0	0	0	1	0	0	1	0	1	0	0	0	0	0	0	0	0	1	0	1	0	1	0	1	0	1	0	1	0	0	0	0	0	0	0	0	0	1
Uniq4041	1	0	1	0	0	0	1	1	1	0	0	0	0	0	0	0	0	0	0	0	0	0	0	0	0	0	0	1	0	1	0	1	0	1	0	1	0	2	0	0	0	0	0	1	0	0	0	1
Uniq4009	3	1	1	0	1	1	2	3	2	2	4	0	0	0	0	0	1	0	1	0	0	0	1	0	0	2	1	1	0	4	0	1	0	1	0	0	0	1	0	0	0	1	0	0	0	1	1	2
Uniq2592	1	0	1	0	0	0	0	1	2	1	0	1	0	0	0	1	2	1	1	0	0	0	0	0	1	0	1	2	0	2	0	0	0	1	0	0	0	1	0	1	0	0	0	0	0	0	1	1
Uniq783	6	0	9	0	11	0	4	10	9	2	0	2	0	0	0	2	2	2	0	0	0	0	1	0	1	0	0	2	0	0	0	1	0	0	0	1	0	1	0	0	0	1	0	3	0	1	0	1
Uniq1167	1	0	2	0	1	0	3	1	2	1	0	1	0	1	0	1	1	2	1	0	0	0	0	0	0	1	1	1	0	2	0	1	0	1	0	1	0	2	0	1	0	1	0	1	0	0	1	2
Uniq2766	3	0	1	0	2	0	1	1	3	1	0	0	0	0	0	0	1	0	1	0	1	0	1	0	0	1	0	2	0	2	0	4	0	5	0	5	0	6	0	1	0	2	0	0	0	0	2	1
Uniq2687	2	5	3	3	3	3	1	3	2	2	2	1	1	0	1	6	1	1	0	0	1	1	0	1	0	0	0	2	8	1	4	1	3	1	0	3	0	1	0	1	0	1	0	2	0	1	1	2
Uniq1458	2	0	0	1	2	1	1	1	1	0	1	0	0	0	0	0	2	0	2	0	0	0	1	0	0	1	3	0	3	0	0	1	3	0	0	0	1	0	0	1	0	1	0	0	0	1	0	1
Uniq123	7	9	24	9	8	6	12	12	4	1	21	1	16	0	16	1	32	5	4	2	3	5	6	19	4	1	1	0	14	0	8	0	29	0	11	0	2	1	6	1	1	1	0	1	0	1	1	1
Uniq3112	2	0	2	0	1	0	1	1	0	2	0	0	0	1	0	0	0	0	0	0	0	0	0	0	1	0	0	4	0	3	0	3	0	3	0	3	0	4	0	1	0	1	0	0	0	0	0	1
Uniq937	2	1	1	2	1	3	5	1	2	1	1	1	1	1	1	0	4	1	1	0	1	1	0	0	2	2	3	1	8	1	4	1	5	0	1	0	1	0	0	1	1	2	1	0	1	1	2	2
Uniq238	5	9	12	6	6	5	5	6	5	0	15	0	12	1	10	1	14	3	2	1	2	3	2	13	1	0	1	1	8	0	5	0	21	0	6	0	2	0	5	1	1	0	0	1	0	1	1	1
Uniq636	4	1	3	4	2	3	7	3	4	1	2	1	1	2	1	0	8	2	1	0	1	1	0	0	2	4	3	2	17	2	7	2	7	1	2	1	2	1	1	1	2	4	2	1	1	1	2	2
Uniq227	4	9	8	7	4	6	3	5	1	0	18	0	15	0	12	1	11	3	1	1	0	3	1	14	2	0	1	0	9	0	9	0	22	1	7	0	1	0	5	1	0	0	0	0	0	0	1	1
Uniq1452	1	0	3	0	2	0	2	3	1	0	0	0	0	0	0	0	0	0	1	0	0	0	1	0	0	0	0	3	0	2	0	5	0	2	0	2	0	5	0	1	0	1	0	1	0	1	1	0
Uniq3326	5	0	4	0	8	0	6	7	5	1	0	1	0	1	0	12	3	2	1	0	0	0	1	0	1	0	0	3	0	3	0	2	0	2	0	3	0	4	0	1	0	2	0	2	0	1	1	6
Uniq64	14	33	41	21	16	19	17	21	10	3	53	1	42	2	37	3	57	13	5	4	5	10	7	50	4	1	1	2	29	1	19	0	65	1	26	1	6	1	17	1	1	1	1	2	0	2	4	3
Uniq4214	1	3	1	3	1	3	2	1	2	0	3	1	1	0	1	4	0	2	0	0	1	0	0	1	0	0	0	1	6	1	3	1	4	1	0	1	0	2	0	1	0	1	0	1	0	1	1	1
Uniq3149	1	0	2	0	2	0	2	3	2	0	0	1	0	0	0	0	0	1	1	0	0	0	0	0	0	0	0	1	0	2	0	3	0	3	0	4	0	3	0	0	0	2	0	2	0	1	1	2
Uniq2471	1	0	2	0	1	0	1	1	2	0	0	0	0	0	0	0	0	0	0	0	0	0	0	0	0	0	0	1	0	1	0	3	0	2	0	1	0	3	0	0	0	1	0	1	0	0	1	0
Uniq1442	3	0	2	0	1	0	4	3	3	3	0	2	0	0	0	2	2	2	1	0	1	0	0	0	2	1	2	2	0	3	0	1	0	1	0	2	0	1	0	2	0	1	0	2	0	2	1	1
Uniq607	1	0	1	0	3	0	0	1	1	10	0	19	0	17	0	9	10	19	12	1	7	0	2	0	6	4	7	1	0	1	0	1	1	1	0	3	0	3	0	0	0	1	0	2	0	1	1	1
Uniq4484	1	0	2	0	1	0	1	1	0	0	0	0	0	0	0	0	0	0	0	0	0	0	0	0	1	0	0	3	0	3	0	2	0	2	0	2	0	3	0	0	0	1	0	0	0	0	0	0
Uniq2229	0	0	1	0	0	0	0	0	0	0	0	0	0	0	0	0	0	0	0	0	0	0	0	0	0	0	0	0	0	0	0	0	0	1	0	1	0	1	0	0	0	0	0	0	0	0	0	0
Uniq3824	4	0	5	0	2	0	3	2	0	1	0	2	0	0	0	0	1	2	0	0	0	0	0	0	2	1	0	1	0	1	0	0	0	0	0	0	0	0	0	1	0	2	0	1	0	2	0	2
Uniq92	11	20	26	14	9	14	10	15	6	2	34	1	27	0	25	2	28	7	3	2	4	7	3	31	4	1	1	1	19	0	13	1	43	0	15	1	4	1	10	1	1	0	0	1	0	1	2	1
Uniq2393	4	0	4	0	4	0	3	3	3	0	0	0	0	1	0	2	1	0	1	0	1	0	0	0	0	1	0	8	0	5	0	7	0	4	0	5	0	8	0	2	0	2	0	2	0	2	3	3
Uniq3501	0	0	2	0	2	0	0	1	1	0	0	0	0	0	0	0	0	0	0	0	0	0	0	0	0	0	0	1	0	1	0	1	0	2	0	2	0	1	0	0	0	0	0	0	0	0	0	0
Uniq1060	6	0	7	0	7	0	5	7	3	1	0	2	0	0	0	1	1	1	1	0	1	0	0	0	1	0	0	8	0	5	0	9	0	5	0	7	0	12	0	1	0	2	0	4	0	2	2	3
Uniq2866	9	0	9	0	3	0	5	8	3	4	0	7	0	3	0	2	1	3	2	0	2	0	3	0	4	1	1	4	0	2	0	1	0	1	0	1	0	2	0	3	0	3	0	2	0	4	2	7
Uniq960	7	0	5	0	10	0	7	3	4	1	0	1	0	1	0	1	3	2	0	0	1	0	2	0	0	0	0	6	0	6	0	8	0	4	0	3	0	6	0	3	0	4	0	2	0	2	2	4
Uniq780	4	0	5	0	4	0	6	5	5	3	0	2	0	2	0	5	3	6	4	0	2	0	0	0	1	2	0	4	0	4	0	4	0	2	0	2	0	4	0	3	0	1	0	3	0	2	2	3
Uniq4129	4	1	3	1	6	2	3	3	4	1	0	0	0	1	0	2	1	1	0	0	1	0	0	0	1	0	1	1	2	1	1	1	2	2	0	2	0	2	0	2	0	2	0	1	0	1	1	2
Uniq1449	2	0	4	0	4	0	2	2	3	2	0	1	0	3	0	2	2	1	1	0	0	0	0	0	1	0	1	3	0	1	0	1	0	2	0	1	0	1	0	2	0	1	0	2	0	1	1	2
Uniq774	3	0	5	0	6	0	4	5	2	4	0	4	0	3	0	9	4	5	1	0	2	0	0	0	1	3	1	4	0	5	0	1	0	5	0	4	0	4	0	1	0	1	0	1	0	2	2	3
Uniq469	11	0	16	0	21	0	11	16	8	1	0	3	0	1	0	5	2	2	2	0	1	0	1	0	2	1	1	2	0	2	0	2	0	2	0	2	0	1	0	1	0	2	0	5	0	1	1	3
Uniq824	5	0	5	0	9	0	6	7	4	8	0	5	0	6	0	8	8	6	2	0	3	0	2	0	2	3	2	7	0	9	0	4	0	6	0	4	0	4	0	5	0	4	0	4	0	4	3	5
Uniq2295	0	0	4	0	2	0	2	2	1	0	0	0	0	0	0	1	1	4	0	0	0	0	0	0	3	1	0	0	0	0	0	0	0	0	0	0	0	0	0	0	0	0	0	1	0	1	1	0
Uniq1604	2	0	2	0	2	0	3	3	2	1	0	1	0	1	0	2	3	2	1	0	1	0	0	0	1	1	1	3	0	3	0	1	0	1	0	2	0	2	0	1	0	1	0	1	0	1	1	2
Uniq106	7	21	18	12	7	12	9	11	5	0	29	0	24	0	21	1	25	5	2	1	4	7	4	27	3	0	1	1	19	0	12	0	43	0	16	0	4	1	9	1	1	0	0	1	0	1	1	1
Uniq3686	0	2	0	1	0	3	0	0	0	0	1	0	0	0	0	0	0	0	0	0	0	0	0	0	0	0	0	0	2	0	2	0	1	0	1	0	1	0	1	0	0	0	0	0	0	0	0	1
Uniq3426	1	0	1	0	1	0	1	1	1	0	0	0	0	0	0	0	0	0	0	0	0	0	0	0	0	0	0	1	0	2	0	1	0	1	0	0	0	2	0	1	0	0	0	0	0	0	1	1
Uniq1242	2	0	4	0	2	0	2	3	2	0	0	1	0	0	0	0	1	1	1	0	0	0	0	0	0	0	0	3	0	3	0	2	0	1	0	3	0	4	0	2	0	1	0	1	0	1	1	2
Uniq463	8	0	8	0	10	0	8	6	8	6	0	7	0	5	0	14	11	9	3	0	3	0	2	0	3	3	3	7	0	9	0	7	0	6	0	3	0	8	0	5	0	3	0	3	0	4	4	8
Uniq1584	2	0	2	0	3	0	3	3	1	2	0	1	0	1	0	1	1	4	2	0	1	0	0	0	1	1	0	2	0	2	0	0	0	1	0	2	0	1	0	1	0	1	0	1	0	1	1	1
Uniq1416	1	0	1	0	0	0	1	2	0	0	0	0	0	0	0	0	0	0	0	0	0	0	0	0	0	0	0	1	0	1	0	2	0	1	0	0	0	1	0	0	0	0	0	0	0	0	0	1
Uniq3301	1	0	0	0	1	0	0	0	1	0	0	0	0	0	0	0	0	0	0	0	0	0	0	0	0	0	0	0	0	1	0	1	0	1	0	1	0	2	0	1	0	0	0	0	0	0	0	1
Uniq1395	3	0	4	0	3	0	4	3	4	0	0	0	0	0	0	0	1	1	1	0	1	0	1	0	0	0	0	4	0	2	0	2	0	2	0	3	0	4	0	1	0	1	0	1	0	1	1	2
Uniq1805	0	0	3	0	2	0	1	3	3	2	0	2	0	1	0	1	0	1	0	0	0	0	0	0	0	0	0	1	0	2	0	2	0	1	0	1	0	2	0	1	0	1	0	0	0	0	0	2
Uniq1348	2	0	3	0	2	0	1	3	1	0	0	0	0	0	0	0	1	0	0	0	0	0	0	0	0	0	0	3	0	2	0	3	0	4	0	4	0	3	0	1	0	2	0	1	0	1	1	2
Uniq2315	2	0	1	0	1	0	1	0	1	0	0	1	0	2	0	0	4	0	14	0	0	0	1	0	0	1	0	2	0	2	0	1	0	3	0	3	0	2	0	0	0	0	0	0	0	1	0	1
Uniq836	2	1	2	3	2	3	3	2	2	1	1	1	1	1	1	0	3	2	1	0	1	1	0	0	2	3	3	0	10	1	3	0	4	1	1	1	1	1	0	2	2	2	1	0	1	1	2	2
Uniq262	5	8	13	5	7	5	7	7	3	2	16	0	9	0	12	2	18	3	1	1	1	3	2	14	2	0	1	0	10	0	6	0	18	0	6	0	1	1	3	0	1	0	0	1	0	1	1	1
Uniq1030	2	2	1	3	1	1	4	1	2	0	1	1	1	1	2	0	3	0	1	0	0	0	1	0	2	3	2	1	14	2	3	0	4	1	2	0	1	0	0	1	1	3	1	1	1	1	2	2
Uniq1404	4	0	4	0	5	0	4	3	3	0	0	0	0	0	0	0	1	1	1	0	2	0	0	0	0	0	0	5	0	4	0	5	0	5	0	4	0	4	0	2	0	2	0	1	0	2	2	4
Uniq1810	1	0	0	0	2	0	2	1	1	0	0	0	0	0	0	0	1	0	2	0	0	0	0	0	1	1	2	0	2	0	1	1	2	0	0	1	0	0	0	1	0	1	0	0	0	0	0	1
Uniq2175	3	0	4	0	3	0	5	7	0	0	0	2	0	0	0	3	0	1	2	0	0	0	1	0	1	1	0	4	0	4	0	6	0	5	0	7	0	7	0	2	0	3	0	4	0	2	1	3
Uniq1200	2	0	4	0	3	0	5	4	2	0	0	1	0	1	0	0	1	0	1	0	0	0	0	0	0	0	0	5	0	5	0	5	0	4	0	5	0	5	0	2	0	3	0	1	0	1	2	2
Uniq321	3	8	5	4	2	3	4	3	2	0	11	0	14	0	10	1	8	2	1	2	1	4	1	12	1	0	0	0	5	0	6	0	19	0	6	0	1	0	2	0	0	0	0	0	0	0	1	1
Uniq4161	3	1	2	0	4	1	1	2	3	0	0	0	0	0	0	1	1	0	1	0	1	0	0	0	0	1	0	2	1	2	0	1	1	2	0	1	0	2	0	2	0	1	0	1	0	1	1	2
Uniq1324	4	2	1	0	1	1	2	3	1	2	5	0	0	0	0	0	3	1	1	0	1	0	0	0	0	2	0	2	0	3	1	1	0	2	0	1	0	1	0	1	0	2	0	0	0	1	1	1
Uniq1550	1	0	4	0	2	0	3	4	2	0	0	0	0	0	0	1	1	0	1	0	1	0	0	0	0	0	0	3	0	2	0	4	0	2	0	2	0	3	0	1	0	1	0	1	0	0	1	3
Uniq2467	3	1	2	0	4	0	4	2	2	2	0	1	0	1	0	2	4	3	2	0	2	0	1	0	1	4	3	1	3	1	1	0	1	2	0	1	0	1	0	5	0	4	1	1	0	4	4	2
Uniq860	4	0	5	0	4	0	8	7	4	0	0	0	0	1	0	1	1	2	1	0	1	0	1	0	1	0	0	7	0	7	0	7	0	3	0	7	0	6	0	2	0	2	0	3	0	2	3	4
Uniq2250	1	15	1	12	0	16	0	1	1	0	1	0	0	0	3	0	1	0	1	1	1	1	1	0	0	0	0	0	10	0	10	0	7	0	3	0	4	0	2	0	1	1	1	1	1	1	2	1
Uniq3394	2	0	4	0	2	0	1	3	3	1	0	1	0	0	0	0	0	0	0	0	1	0	0	0	0	0	0	1	0	0	0	3	0	1	0	2	0	2	0	0	0	0	0	1	0	1	1	1
Uniq3036	0	1	0	0	1	0	1	0	0	0	0	0	0	0	0	0	1	0	3	0	0	0	0	0	0	0	2	0	4	0	1	0	2	0	0	0	1	0	0	0	0	1	0	0	0	1	0	1
Uniq1056	6	0	7	0	10	0	3	5	5	1	0	3	0	0	0	2	1	1	1	0	0	0	0	0	1	1	0	1	0	1	0	0	0	1	0	0	0	1	0	1	0	1	0	2	0	1	0	1
Uniq1820	0	0	0	0	0	0	1	0	0	2	0	1	0	2	0	1	0	1	0	0	1	0	0	0	1	0	0	2	0	1	0	2	0	2	0	1	0	2	0	0	0	0	0	0	0	0	0	0
Uniq925	5	0	6	0	13	0	4	7	5	0	0	1	0	0	0	2	1	1	1	0	0	0	0	0	1	1	0	2	0	1	0	1	0	1	0	1	0	1	0	0	0	1	0	2	0	1	0	1
Uniq3624	1	0	2	0	3	0	1	3	2	0	0	2	0	1	0	3	0	1	1	0	1	0	0	0	0	0	0	2	0	1	0	1	0	2	0	2	0	2	0	1	0	0	0	2	0	1	0	1
Uniq1930	3	0	4	0	1	0	5	6	4	0	0	0	0	0	0	2	1	1	1	0	0	0	1	0	0	0	0	3	0	4	0	5	0	3	0	3	0	4	0	1	0	1	0	2	0	2	1	3
Uniq316	6	0	4	0	10	0	8	9	9	4	0	5	0	5	0	12	9	7	3	0	5	0	2	0	3	4	6	8	0	10	0	7	0	9	0	7	0	11	0	4	0	5	0	4	0	4	4	8
Uniq3392	3	0	3	0	2	0	3	2	1	0	0	0	0	0	0	0	1	0	0	0	0	0	1	0	0	1	0	4	0	4	0	4	0	2	0	3	0	4	0	2	0	1	0	1	0	1	2	2
Uniq837	0	0	1	0	1	0	0	1	3	11	0	57	0	27	0	58	6	19	8	0	1	0	2	0	11	3	10	1	0	0	0	0	0	0	0	2	0	3	0	1	0	1	0	4	0	2	1	1
Uniq105	8	19	21	12	8	12	9	11	5	1	28	1	29	2	23	1	31	7	3	1	4	5	5	32	2	1	1	1	16	0	15	0	44	0	13	0	3	1	9	1	1	1	0	1	0	1	1	1
Uniq2808	0	0	0	3	0	0	2	0	0	0	3	0	12	3	1	0	0	3	6	9	4	1	4	1	3	12	4	0	2	0	2	0	0	0	4	0	1	0	4	0	1	0	1	0	1	0	0	0
Uniq2947	1	0	2	0	3	0	1	2	1	0	0	3	0	2	0	2	0	0	1	0	0	0	1	0	0	0	0	1	0	1	0	1	0	2	0	1	0	2	0	1	0	1	0	1	0	1	1	0
Uniq3708	0	0	0	0	0	0	0	0	0	17	0	3	0	2	0	3	0	2	1	0	0	0	0	0	0	1	1	0	0	0	0	0	0	1	0	0	0	0	0	0	0	0	0	0	0	0	0	0
Uniq1477	0	0	2	0	1	0	3	1	0	0	0	3	0	0	0	0	3	0	0	0	0	0	0	0	2	1	0	0	0	0	0	0	0	0	0	0	0	0	0	0	0	10	0	4	0	1	0	1
Uniq751	3	0	4	0	7	0	3	6	5	3	0	3	0	3	0	7	2	3	2	0	2	0	1	0	1	0	0	4	0	4	0	4	0	5	0	5	0	8	0	2	0	2	0	3	0	2	1	2
Uniq1534	3	0	2	0	3	0	2	4	1	2	0	1	0	1	0	2	2	4	2	0	1	0	0	0	1	1	0	2	0	2	0	1	0	2	0	2	0	1	0	1	0	1	0	3	0	1	2	2
Uniq2573	0	0	0	0	1	0	1	1	0	0	0	0	0	1	0	0	1	1	1	0	0	0	0	0	0	0	0	1	0	1	0	0	0	0	0	0	0	0	0	0	0	0	0	0	0	1	0	1
Uniq179	5	11	11	10	6	6	5	8	3	0	18	0	17	0	14	1	16	4	1	2	2	4	1	23	1	0	0	0	12	0	9	0	28	0	8	0	2	0	5	1	1	0	0	1	0	1	1	1
Uniq1603	2	0	3	0	2	0	3	3	3	0	0	0	0	0	0	1	0	0	0	0	0	0	0	0	0	1	0	3	0	2	0	3	0	3	0	2	0	4	0	1	0	2	0	1	0	1	1	3
Uniq416	0	0	0	0	0	0	0	0	0	0	0	0	0	0	0	0	0	0	0	0	0	0	0	0	0	0	0	0	0	0	0	0	0	0	0	0	0	0	0	0	0	0	0	0	0	0	0	0
Uniq2634	0	3	0	2	0	5	0	0	0	0	1	0	0	0	1	0	0	0	0	0	0	0	0	0	0	0	0	0	2	0	3	0	2	0	1	0	0	0	1	0	0	0	0	0	0	0	0	0
Uniq1102	2	2	1	3	1	2	4	1	2	0	2	0	0	1	1	0	2	1	1	0	0	0	0	0	1	1	1	0	9	1	4	0	5	0	1	0	2	1	0	0	1	2	1	1	1	0	0	2
Uniq930	7	0	2	0	7	0	4	5	5	4	0	1	0	3	0	4	6	3	2	0	3	0	1	0	3	1	4	4	0	6	0	2	0	2	0	2	0	3	0	3	0	2	0	2	0	2	2	4
Uniq2007	2	0	3	0	1	0	4	3	3	0	0	1	0	0	0	0	1	0	1	0	0	0	0	0	0	0	0	3	0	1	0	4	0	2	0	1	0	3	0	1	0	1	0	1	0	2	1	2
Uniq1939	2	1	1	0	0	0	1	2	0	1	3	0	0	0	0	0	2	0	0	0	0	0	0	0	0	0	0	1	0	1	0	1	0	1	0	0	0	1	0	0	0	1	0	0	0	0	0	0
Uniq1656	1	0	2	0	2	0	5	4	2	0	0	0	0	0	0	1	0	1	0	0	0	0	0	0	0	0	0	2	0	4	0	3	0	2	0	4	0	2	0	1	0	1	0	2	0	0	1	2
Uniq202	1	0	0	0	0	0	0	0	0	0	0	0	0	0	0	0	0	0	0	0	0	0	0	0	0	0	0	0	0	0	0	0	0	0	0	1	0	0	0	0	0	0	0	0	0	0	0	0
Uniq3673	0	0	1	0	0	0	1	1	1	2	0	2	0	0	0	0	2	1	0	0	1	0	0	0	3	1	2	0	1	0	1	0	0	1	0	2	0	1	0	1	0	0	0	1	0	0	0	1
Uniq4042	2	0	3	0	2	0	2	1	4	0	0	0	0	0	0	0	0	0	0	0	0	0	0	0	0	0	0	1	0	2	0	2	0	2	0	4	0	3	0	0	0	0	0	0	0	1	1	1
Uniq1298	2	1	1	2	1	1	6	2	2	0	1	1	0	1	0	0	4	1	0	0	0	1	0	0	1	3	3	0	6	2	2	0	3	1	1	0	1	0	0	1	1	2	1	0	1	1	1	2
Uniq2128	2	0	1	0	0	0	1	2	1	1	1	0	0	0	0	0	1	0	0	0	0	0	0	0	0	1	0	1	0	1	0	1	0	1	0	1	0	1	0	0	0	1	0	0	0	0	0	1
Uniq3265	3	0	3	0	3	0	4	1	4	3	0	2	0	2	0	1	3	23	2	0	0	0	1	0	1	0	1	2	0	3	0	2	0	1	0	1	0	4	0	3	0	2	0	2	0	1	1	3
Uniq2019	3	0	4	0	5	0	3	3	2	1	0	4	0	1	0	5	1	2	1	0	1	0	1	0	0	0	0	2	0	2	0	1	0	5	0	4	0	3	0	1	0	1	0	2	0	1	1	0
Uniq991	4	0	6	0	5	0	4	6	2	0	0	1	0	0	0	0	1	0	2	0	0	0	0	0	1	1	0	4	0	5	0	7	0	4	0	6	0	10	0	2	0	2	0	2	0	1	3	2
Uniq859	0	0	0	0	0	0	0	0	0	0	0	0	0	0	0	0	0	0	0	0	0	0	0	0	0	0	0	0	0	0	0	0	0	0	0	0	0	0	0	0	0	0	0	0	0	0	0	0
Uniq1767	1	0	1	0	0	0	2	1	0	0	0	0	0	0	0	1	1	0	0	0	0	0	1	0	0	0	0	3	0	1	0	2	0	1	0	1	0	2	0	0	0	1	0	1	0	1	0	1
Uniq1718	0	0	0	0	0	0	0	0	0	0	0	0	0	0	0	0	0	0	0	0	0	0	0	0	0	0	0	0	0	0	0	0	0	0	0	0	0	1	0	1	0	0	0	0	0	0	0	0
Uniq439	4	0	6	0	9	0	6	5	6	4	0	4	0	5	0	8	6	6	2	0	4	0	2	0	1	2	4	5	0	7	0	5	0	7	0	4	0	8	0	3	0	3	0	3	0	3	2	7
Uniq644	5	0	10	0	10	0	4	9	7	2	0	5	0	4	0	9	3	4	5	0	1	0	1	0	2	1	0	6	0	5	0	9	0	7	0	7	0	8	0	2	0	2	0	4	0	2	2	3
Uniq332	10	0	11	0	22	0	11	14	11	10	0	12	0	10	0	20	16	13	5	0	6	0	2	0	5	6	6	12	0	15	0	8	0	13	0	7	0	9	0	8	0	7	0	7	0	5	5	10
Uniq737	6	0	14	0	13	0	7	12	6	2	0	2	0	0	0	3	2	2	1	0	1	0	1	0	2	1	0	1	0	2	0	0	0	1	0	1	0	1	0	1	0	3	0	3	0	2	1	2
Uniq2048	0	0	2	0	2	0	3	2	2	0	0	1	0	0	0	0	0	1	0	0	0	0	0	0	0	0	0	2	0	2	0	3	0	2	0	2	0	2	0	1	0	1	0	1	0	1	1	2
Uniq1643	1	0	2	0	3	0	1	2	2	1	0	1	0	1	0	1	2	1	1	0	1	0	0	0	1	1	2	3	0	2	0	0	0	1	0	2	0	1	0	1	0	1	0	1	0	1	1	1
Uniq471	5	0	8	0	14	0	9	12	7	8	0	8	0	6	0	13	10	8	3	0	4	0	1	0	3	3	5	7	0	10	0	5	0	7	0	4	0	7	0	3	0	4	0	3	0	4	4	10
Uniq1513	3	0	2	0	4	0	4	3	3	0	0	0	0	0	0	0	1	1	1	0	0	0	1	0	0	0	0	5	0	4	0	3	0	3	0	3	0	3	0	1	0	2	0	2	0	2	1	3
Uniq1397	11	0	14	0	12	1	14	16	13	1	0	2	0	2	0	2	4	2	3	0	3	0	2	0	1	1	0	17	1	16	0	18	1	15	0	15	0	18	0	6	0	8	0	5	0	5	5	9
Uniq579	5	0	12	0	13	0	3	12	9	6	0	4	0	4	0	12	4	3	4	0	2	0	2	0	2	1	1	6	0	5	0	11	0	6	0	10	0	12	0	4	0	4	0	6	0	2	5	7
Uniq3156	1	0	1	0	1	0	2	1	0	0	0	0	0	0	0	1	0	1	0	0	0	0	0	0	0	0	0	1	0	1	0	3	0	1	0	2	0	3	0	0	0	1	0	0	0	0	1	1
Uniq2952	1	0	3	0	2	0	2	1	1	0	0	0	0	0	0	0	0	0	0	0	0	0	0	0	0	0	0	2	0	2	0	1	0	1	0	2	0	2	0	1	0	0	0	1	0	1	0	1
Uniq767	7	0	8	0	11	0	8	12	6	5	0	6	0	6	0	11	3	5	5	0	2	0	2	0	2	1	0	8	0	5	0	7	0	7	0	7	0	12	0	3	0	3	0	4	0	3	3	5
Uniq1598	1	0	1	2	1	0	3	1	1	0	1	0	1	0	0	0	2	1	1	0	1	0	0	0	0	0	1	0	6	1	3	0	2	0	1	0	1	1	0	0	1	1	1	0	0	0	1	1
Uniq2133	1	0	1	0	0	0	1	1	1	0	0	0	0	0	0	0	0	0	0	0	0	0	0	0	0	0	0	2	0	2	0	1	0	2	0	1	0	2	0	0	0	0	0	0	0	1	1	0
Uniq3110	3	21	1	5	9	3	0	6	1	4	3	1	1	2	4	3	1	1	3	0	2	0	0	1	3	1	0	1	46	3	13	1	13	1	0	2	0	1	0	0	0	6	0	1	0	1	7	1
Uniq1333	2	0	3	0	5	0	5	4	3	3	0	0	0	2	0	4	2	4	2	0	2	0	0	0	1	1	0	3	0	2	0	3	0	2	0	2	0	1	0	1	0	2	0	2	0	2	1	3
Uniq654	5	0	5	0	12	0	5	8	5	7	0	5	0	6	0	11	9	7	2	0	4	0	1	0	2	3	4	7	0	7	0	5	0	6	0	4	0	4	0	5	0	3	0	4	0	2	2	6
Uniq2843	1	0	1	0	1	0	1	1	1	0	3	0	0	0	0	0	1	0	1	0	1	0	0	0	0	0	0	2	0	2	0	1	0	1	0	1	0	0	0	0	0	1	0	0	0	0	0	1
Uniq151	14	0	11	0	25	0	18	17	16	12	0	9	0	13	0	22	18	14	8	0	9	0	4	0	5	9	13	15	0	19	0	13	0	22	0	15	0	20	0	9	0	10	0	9	0	7	7	17
Uniq3369	1	0	0	0	1	0	0	1	1	1	0	1	0	0	0	0	2	2	0	0	0	0	0	0	1	0	0	0	1	0	1	0	0	1	0	1	0	0	0	0	0	1	0	1	0	0	0	1
Uniq3528	2	4	2	4	2	2	1	3	2	0	1	1	0	0	1	4	1	1	0	0	2	0	0	1	0	0	0	0	6	1	3	1	2	1	0	2	0	2	1	1	0	2	0	1	0	0	1	1
Uniq941	6	0	10	0	12	0	7	11	6	6	0	6	0	5	0	5	4	4	2	0	3	0	1	0	2	2	2	7	0	6	0	4	0	4	0	4	0	7	0	5	0	2	0	4	0	3	2	7
Uniq2550	1	1	1	0	0	0	1	0	0	0	1	0	0	0	0	0	1	0	3	0	0	0	0	0	0	1	3	0	3	0	1	1	2	0	0	0	0	0	0	1	0	1	0	0	0	1	0	1
Uniq364	7	0	7	0	11	0	8	9	9	5	0	5	0	5	0	12	10	7	3	0	4	0	2	0	3	4	7	9	0	12	0	8	0	11	0	8	0	12	0	6	0	4	0	6	0	3	3	9
Uniq466	7	0	7	0	11	0	8	8	8	9	0	7	0	5	0	13	9	7	2	0	4	0	1	0	2	2	4	9	0	8	0	4	0	6	0	5	0	6	0	4	0	2	0	4	0	4	4	8
Uniq2274	2	0	6	0	0	0	4	2	2	0	0	2	0	0	0	0	1	5	1	0	0	0	0	0	3	1	0	0	0	0	0	0	0	0	0	0	0	0	0	0	0	0	0	1	0	1	1	1
Uniq4152	0	4	0	5	0	5	0	1	1	0	1	0	0	0	0	0	0	0	0	0	0	0	0	0	0	0	0	0	6	0	3	0	1	0	1	0	1	0	0	0	0	1	0	0	1	0	0	1
Uniq1548	3	0	3	0	2	0	3	1	3	1	0	0	0	0	0	0	1	1	1	0	0	0	0	0	0	0	0	3	0	3	0	4	0	2	0	2	0	3	0	1	0	2	0	2	0	1	1	1
Uniq1658	2	0	1	0	2	0	3	3	3	1	0	1	0	0	0	3	2	1	0	0	1	0	1	0	2	1	2	2	0	4	0	0	0	1	0	2	0	2	0	2	0	1	0	1	0	1	1	2
Uniq1962	1	0	3	0	1	0	2	2	0	0	0	0	0	0	0	1	1	0	0	0	0	0	0	0	0	0	0	2	0	1	0	2	0	2	0	1	0	2	0	1	0	1	0	1	0	1	1	1
Uniq419	6	0	4	0	9	0	5	6	5	4	0	4	0	6	0	8	8	6	3	0	4	0	2	0	3	3	4	6	0	9	0	8	0	7	0	7	0	11	0	4	0	3	0	2	0	3	3	7
Uniq3375	1	0	1	0	1	0	0	0	1	0	0	1	0	0	0	1	0	0	1	0	0	0	0	0	0	0	0	0	0	1	0	0	0	1	0	1	0	1	0	0	0	0	0	1	0	0	0	0
Uniq1979	3	1	1	1	3	1	5	2	1	4	0	1	0	1	0	1	5	2	2	0	2	0	1	0	2	4	5	0	3	1	1	0	2	1	0	1	0	1	0	5	0	4	1	1	1	4	3	2
Uniq1744	2	0	3	0	1	0	2	1	1	0	0	0	0	0	0	0	0	0	0	0	0	0	0	0	0	0	0	3	0	1	0	2	0	2	0	1	0	3	0	1	0	1	0	1	0	0	1	1
Uniq944	2	0	3	0	4	0	5	4	3	0	0	0	0	0	0	1	1	1	1	0	1	0	0	0	0	0	0	3	0	5	0	6	0	3	0	4	0	5	0	2	0	3	0	2	0	1	1	3
Uniq1235	4	0	4	0	3	0	3	1	3	0	0	0	0	0	0	0	1	0	0	0	0	0	1	0	0	1	0	4	0	3	0	3	0	2	0	2	0	3	0	1	0	2	0	1	0	0	2	2
Uniq2553	2	0	2	0	1	0	0	1	1	0	0	0	0	0	0	0	0	0	0	0	0	0	0	0	0	0	0	1	0	1	0	2	0	1	0	2	0	2	0	0	0	0	0	1	0	1	0	1
Uniq727	4	0	5	0	7	0	9	8	4	0	0	1	0	0	0	2	1	2	2	0	2	0	1	0	0	1	0	8	0	8	0	10	0	6	0	7	0	9	0	4	0	3	0	5	0	2	2	7
Uniq254	3	11	10	7	4	7	4	6	1	0	19	1	14	1	11	0	15	4	1	2	1	4	2	12	2	0	0	0	10	0	9	0	23	0	7	0	2	0	6	0	0	1	0	0	0	0	1	1
Uniq3143	2	0	9	0	3	0	3	1	2	0	0	1	0	0	0	0	0	8	1	0	0	0	1	0	5	1	0	0	0	0	0	0	0	0	0	0	0	0	0	0	0	0	0	1	0	1	2	0
Uniq2040	0	10	0	7	0	9	0	1	0	0	1	1	0	0	3	1	0	0	0	0	0	0	0	0	1	0	0	0	5	0	7	0	4	0	2	0	2	0	1	0	1	1	0	1	0	0	1	0
Uniq659	1	0	1	0	1	0	0	1	1	1	0	5	0	47	0	3	3	3	5	0	1	0	2	2	6	8	7	1	0	0	0	0	0	0	0	3	0	0	0	0	0	0	0	0	0	0	0	1
Uniq2520	3	0	1	0	2	0	3	2	3	2	0	0	0	1	0	2	2	2	0	0	1	0	0	0	1	0	2	1	0	3	0	0	0	1	0	1	0	2	0	1	0	1	0	1	0	0	1	1
Uniq2482	1	0	1	0	1	0	2	1	1	0	0	0	0	0	0	0	0	0	0	0	0	0	0	0	0	0	0	2	0	1	0	2	0	1	0	2	0	2	0	0	0	1	0	1	0	0	1	1
Uniq2541	1	0	4	0	1	0	2	1	1	0	0	0	0	0	0	1	0	5	0	0	1	0	0	0	2	1	0	0	0	0	0	0	0	0	0	0	0	0	0	0	0	0	0	0	0	1	1	1
Uniq1585	1	1	0	0	1	0	2	0	1	0	1	0	0	0	0	0	1	0	2	0	1	0	0	0	1	1	2	0	3	0	0	0	4	0	0	0	0	0	0	1	0	1	0	0	0	1	1	1
Uniq2085	2	0	1	0	1	0	1	1	2	3	0	0	0	1	0	0	0	0	0	0	0	0	1	0	0	0	0	5	0	3	0	5	0	3	0	4	0	5	0	2	0	1	0	0	0	0	0	1
Uniq329	1	8	5	5	3	5	3	3	1	0	17	0	12	0	10	1	9	2	0	1	0	3	1	15	1	0	0	0	10	0	7	0	21	0	7	0	2	0	6	0	1	0	0	1	0	0	0	0
Uniq438	1	0	1	0	3	0	0	1	3	12	0	33	0	24	0	11	17	27	14	1	9	0	3	0	8	6	10	1	0	2	0	0	1	1	0	3	0	1	0	0	0	1	0	3	0	1	0	1
Uniq899	2	0	3	0	3	0	3	2	4	4	0	3	0	2	0	4	3	2	0	0	1	0	1	0	1	1	2	2	0	3	0	1	0	3	0	1	0	2	0	1	0	1	0	2	0	1	1	2
Uniq2052	1	3	1	4	2	3	1	2	2	1	2	2	0	1	1	5	1	1	0	0	0	0	0	1	0	0	0	2	6	1	3	1	4	1	0	2	0	2	0	2	0	1	0	1	0	1	1	2
Uniq2488	2	0	1	0	3	0	3	4	3	1	0	2	0	2	0	1	1	2	1	0	1	0	0	0	0	0	1	2	0	2	0	2	0	2	0	1	0	1	0	2	0	1	0	1	0	1	0	2
Uniq2434	0	8	0	6	0	12	0	0	0	0	1	0	0	0	1	0	0	0	0	0	0	0	0	0	0	0	0	0	9	0	9	0	5	0	3	0	3	0	2	0	0	0	0	0	0	0	0	0
Uniq693	7	0	11	0	13	0	5	11	3	1	0	2	0	0	0	2	2	1	2	0	0	0	1	0	1	0	0	1	0	2	0	1	0	1	0	0	0	1	0	1	0	2	0	4	0	1	1	2
Uniq2492	2	1	1	1	2	1	2	2	1	3	0	0	0	1	0	0	2	2	1	0	0	0	0	0	1	2	4	0	2	1	1	1	1	0	0	1	0	0	0	2	0	2	0	1	0	2	2	2
Uniq3035	1	0	3	0	2	0	2	1	1	0	0	0	0	0	0	0	0	1	0	0	0	0	0	0	0	0	0	2	0	1	0	1	0	2	0	2	0	2	0	1	0	0	0	2	0	0	0	1
Uniq2749	7	0	6	0	1	0	6	3	6	0	0	1	0	1	0	2	1	0	1	0	1	0	0	0	1	0	0	7	1	5	0	6	0	5	0	7	0	6	0	6	0	2	0	2	0	3	2	5
Uniq1755	1	0	0	0	1	1	1	1	1	0	0	0	0	0	0	0	1	0	3	0	0	0	0	0	1	1	4	0	4	0	0	1	3	0	0	0	0	0	0	1	0	1	0	0	0	1	1	1
Uniq468	9	0	12	0	17	0	8	15	11	5	0	7	0	6	0	13	5	6	6	0	3	0	2	0	2	1	0	10	0	7	0	9	0	9	0	14	0	13	0	4	0	4	0	6	0	4	4	7
Uniq2965	2	0	0	0	1	0	0	0	1	0	1	0	0	0	0	0	1	0	0	0	0	0	0	0	0	0	0	0	0	1	0	1	0	0	0	0	0	1	0	0	0	1	0	0	0	0	0	1
Uniq1685	1	0	0	0	1	0	0	0	1	0	0	0	0	0	0	0	1	0	3	0	1	0	0	0	1	1	4	0	2	0	0	0	2	1	0	0	0	0	0	1	0	1	0	0	0	0	0	3
Uniq1249	0	0	0	0	0	0	0	1	0	0	0	0	0	0	0	0	0	0	0	0	0	0	0	0	0	0	0	0	0	0	0	0	0	0	0	0	0	0	0	0	0	0	0	0	0	0	0	1
Uniq3463	3	0	2	0	4	0	3	3	2	1	0	1	0	1	0	8	2	1	1	0	0	0	0	0	0	1	0	2	0	2	0	1	0	1	0	1	0	2	0	1	0	1	0	1	0	0	1	2
Uniq2828	2	0	3	0	3	0	3	3	3	0	0	1	0	0	0	1	0	0	1	0	0	0	0	0	0	0	0	3	0	3	0	5	0	2	0	3	0	4	0	1	0	1	0	1	0	1	1	3
Uniq2689	1	0	1	0	0	0	0	0	0	0	0	1	0	0	0	0	0	0	0	0	0	0	0	0	0	0	0	1	0	1	0	2	0	1	0	1	0	1	0	0	0	0	0	1	0	0	0	0
Uniq2412	1	0	1	0	1	0	1	1	1	0	0	0	0	0	0	0	0	0	0	0	0	0	0	0	0	0	0	0	0	0	0	3	0	1	0	1	0	2	0	0	0	0	0	1	0	0	0	1
Uniq1314	4	0	8	0	5	0	5	4	6	1	0	1	0	0	0	1	1	1	1	0	2	0	0	0	1	0	0	4	0	3	0	6	0	6	0	5	0	10	0	2	0	4	0	4	0	2	3	4
Uniq1545	2	0	2	0	2	0	3	3	2	0	0	0	0	0	0	1	1	0	0	0	1	0	0	0	0	1	0	3	0	4	0	4	0	3	0	3	0	4	0	1	0	2	0	1	0	1	2	2
Uniq3579	0	0	2	0	1	0	0	1	1	0	0	0	0	0	0	0	0	0	0	0	0	0	1	0	0	0	0	1	0	1	0	2	0	2	0	2	0	2	0	1	0	0	0	0	0	0	0	1
Uniq2372	1	0	2	0	1	0	0	1	0	0	0	0	0	0	0	0	0	0	0	0	0	0	0	0	1	0	0	2	0	2	0	2	0	2	0	2	0	1	0	0	0	0	0	0	0	0	0	0
Uniq602	0	0	1	0	1	0	0	1	1	10	0	15	0	13	0	7	9	13	9	0	4	0	2	0	7	3	5	0	0	1	0	0	0	1	0	2	0	1	0	0	0	0	0	2	0	2	1	0
Uniq946	0	0	1	0	0	0	0	0	0	1	2	4	2	27	2	3	2	3	2	0	1	0	3	2	4	5	3	1	0	0	1	0	0	0	0	1	0	0	0	0	0	0	0	1	0	0	0	0
Uniq1631	1	0	3	0	2	0	2	1	1	2	0	1	0	1	0	1	3	2	2	0	1	0	0	0	2	3	5	1	0	1	0	0	0	1	0	1	0	1	0	3	0	3	0	1	0	4	2	2
Uniq2650	0	0	1	0	1	0	1	0	0	0	1	0	0	0	0	0	2	0	1	0	0	0	0	0	1	0	2	0	2	0	0	0	2	1	0	0	0	0	0	1	0	0	0	0	0	0	0	1
Uniq3859	0	0	1	0	1	0	1	2	0	0	0	1	0	0	0	0	0	0	1	0	0	0	0	0	0	0	0	1	0	1	0	1	0	1	0	3	0	1	0	0	0	1	0	1	0	0	0	1
Uniq4411	0	3	0	2	0	4	0	0	0	0	0	0	0	0	0	0	0	0	0	0	0	0	0	0	0	0	0	0	2	0	2	0	1	0	0	0	0	0	1	0	0	0	0	0	0	0	0	0
Uniq460	6	0	6	0	13	0	5	5	7	7	0	7	0	3	0	8	7	6	2	0	2	0	1	0	2	4	2	6	0	8	0	5	0	6	0	2	0	5	0	6	0	3	0	3	0	2	3	6
Uniq3712	1	0	3	0	3	0	0	1	4	3	0	1	0	1	0	1	2	18	1	0	1	0	0	0	0	0	0	1	0	3	0	1	0	1	0	1	0	2	0	1	0	2	0	1	0	1	0	1
Uniq1669	2	0	4	0	4	0	3	6	3	3	0	2	0	3	0	3	2	1	1	0	0	0	0	0	1	1	1	2	0	2	0	2	0	1	0	2	0	2	0	2	0	1	0	1	0	1	1	2
Uniq1129	3	0	4	0	2	0	4	4	3	0	0	0	0	0	0	0	1	0	0	0	0	0	1	0	0	1	0	4	0	4	0	4	0	3	0	3	0	4	0	2	0	1	0	2	0	2	2	4
Uniq1215	3	0	5	0	4	0	3	5	3	0	0	0	0	0	0	0	0	0	1	0	1	0	2	0	0	1	0	4	0	3	0	5	0	3	0	2	0	5	0	2	0	3	0	2	0	0	1	3
Uniq4303	1	2	0	0	1	0	1	1	2	5	0	4	10	1	1	1	1	2	2	0	1	1	1	0	2	6	0	3	1	2	3	1	2	0	1	1	1	2	0	2	0	4	0	1	0	0	0	3
Uniq1354	3	0	3	0	2	0	2	3	2	0	0	1	0	1	0	1	0	1	2	0	0	0	0	0	0	0	0	5	0	7	0	5	0	2	0	3	0	5	0	2	0	1	0	2	0	1	2	3
Uniq2100	3	0	1	0	1	0	2	1	2	1	0	1	0	1	0	0	6	1	21	0	1	0	1	0	0	1	0	6	0	6	0	4	0	4	0	5	0	4	0	1	0	1	0	1	0	0	1	1
Uniq1733	4	0	3	0	2	0	3	4	4	0	0	0	0	0	0	1	1	1	1	0	1	0	0	0	0	0	0	5	0	3	0	3	0	4	0	3	0	6	0	2	0	1	0	1	0	1	2	2
Uniq673	1	0	3	0	1	0	0	2	4	12	0	66	0	34	0	65	7	20	9	0	2	0	2	1	13	5	12	0	0	0	0	0	0	1	0	3	0	3	0	0	0	1	0	4	0	3	0	2
Uniq2871	2	0	1	0	2	0	1	1	1	0	0	0	0	0	0	0	1	0	0	0	0	0	0	0	0	0	0	1	0	2	0	2	0	1	0	0	0	1	0	1	0	1	0	0	0	0	1	1
Uniq1334	3	0	2	0	6	0	3	1	3	4	0	2	0	2	0	5	2	3	1	0	1	0	0	0	1	1	1	3	0	3	0	1	0	3	0	1	0	2	0	1	0	1	0	1	0	1	1	2
Uniq577	1	0	2	0	2	0	0	1	4	12	0	82	0	41	0	87	10	27	13	0	3	0	1	0	15	5	14	1	0	1	0	0	0	1	0	3	0	3	0	1	0	2	0	7	0	3	1	2
Uniq2716	1	0	2	0	1	0	1	1	1	0	0	1	0	0	0	0	1	0	0	0	0	0	0	0	0	0	0	1	0	1	0	1	0	1	0	1	0	2	0	1	0	2	0	1	0	0	1	1
Uniq1369	1	0	1	0	1	0	3	3	3	0	0	0	0	0	0	1	1	0	0	0	2	0	0	0	0	0	0	2	0	2	0	3	0	1	0	1	0	3	0	1	0	1	0	1	0	1	1	1
Uniq2208	1	1	1	0	1	0	1	1	0	0	2	0	0	0	0	0	1	0	0	0	0	0	0	0	0	0	0	0	0	1	0	0	0	1	0	0	0	1	0	0	0	0	0	0	0	0	0	1
Uniq1843	0	0	0	0	0	0	0	1	0	1	0	0	0	3	0	1	1	3	0	0	0	0	0	0	3	1	0	2	0	3	0	2	0	2	0	4	0	4	0	0	0	0	0	0	0	0	1	0
Uniq1503	1	0	4	0	3	0	3	2	1	2	0	2	0	2	0	2	1	2	1	0	0	0	0	0	0	1	0	2	0	3	0	1	0	1	0	1	0	2	0	2	0	1	0	1	0	1	0	2
Uniq2227	2	2	1	0	1	0	1	2	1	1	4	0	0	1	0	0	2	1	0	0	0	0	0	0	1	1	0	1	0	2	0	2	0	2	0	1	0	2	0	0	0	1	0	0	0	1	1	2
Uniq1402	0	0	0	0	0	0	1	1	1	13	0	1	0	2	0	1	4	3	0	0	2	0	1	0	3	1	1	0	0	0	0	0	0	0	0	0	0	0	0	0	0	0	0	1	0	2	0	0
Uniq624	1	0	1	0	2	0	0	1	2	12	0	83	0	39	0	84	8	26	9	0	3	0	2	1	16	4	15	1	0	1	0	1	0	0	0	3	0	3	0	0	0	1	0	7	0	2	2	1
Uniq495	0	0	0	0	0	0	0	0	0	0	0	0	0	0	0	0	0	0	0	0	0	0	0	0	0	0	0	0	0	0	0	0	0	0	0	0	0	0	0	0	0	0	0	0	0	0	0	0
Uniq2543	1	3	2	2	2	2	1	2	1	0	2	2	0	0	1	4	0	1	0	0	1	0	0	0	0	0	0	1	5	1	4	0	3	1	0	2	0	1	0	1	0	1	0	1	0	0	1	1
Uniq1633	1	0	3	0	3	0	1	4	1	0	0	0	0	1	0	2	1	0	0	0	0	0	0	0	0	0	0	1	0	1	0	1	0	1	0	1	0	1	0	1	0	0	0	1	0	1	1	1
Uniq1736	1	0	0	0	1	0	1	0	0	0	0	0	0	0	0	0	1	0	2	0	0	0	0	0	1	1	4	0	1	0	0	0	2	0	0	0	0	0	0	1	0	1	0	0	0	0	0	0
Uniq2337	0	0	0	0	1	0	0	0	0	0	0	0	0	0	0	0	1	0	4	0	0	0	0	0	0	0	0	1	0	1	0	0	0	0	0	1	0	1	0	0	0	0	0	0	0	0	0	0
Uniq3441	4	1	15	4	7	0	15	11	5	0	0	1	2	1	0	1	2	3	0	0	4	0	1	1	1	1	0	4	5	6	6	4	2	5	0	6	0	5	0	11	0	8	0	4	0	6	4	9
Uniq1439	1	1	0	0	2	0	1	0	0	0	0	0	0	0	0	0	1	0	4	0	0	0	0	0	0	1	3	0	3	0	0	1	2	1	0	0	1	0	0	1	0	1	0	0	0	0	0	1
Uniq1202	2	1	1	1	1	1	3	0	2	1	0	0	0	1	0	0	2	1	4	0	1	0	1	0	1	2	5	0	2	0	1	0	4	0	0	1	0	0	0	0	0	3	0	1	0	1	1	4
Uniq343	1	1	3	0	3	0	0	3	1	38	7	15	5	74	8	13	10	16	9	2	3	1	6	7	8	13	12	1	1	0	3	0	3	1	0	5	0	2	0	0	0	1	0	3	0	1	0	1
Uniq998	0	0	1	0	1	0	4	1	0	0	0	5	0	0	0	0	5	0	0	0	0	0	0	0	4	0	0	0	0	0	0	0	0	0	0	0	0	0	0	0	0	16	0	7	0	1	0	1
Uniq2381	1	0	5	0	1	0	3	2	2	0	0	1	0	0	0	0	0	5	1	0	0	0	0	0	1	1	0	0	0	0	0	0	0	0	0	0	0	0	0	0	0	0	0	1	0	0	1	0
Uniq2883	1	0	1	0	1	0	0	1	0	0	0	0	0	0	0	0	0	0	0	0	0	0	0	0	0	0	0	2	0	1	0	1	0	1	0	1	0	2	0	0	0	1	0	1	0	0	1	0
Uniq1706	1	0	1	0	2	0	0	1	0	1	0	1	0	1	0	1	0	0	1	0	0	0	0	0	0	0	1	1	0	0	0	0	0	1	0	1	0	1	0	0	0	0	0	1	0	0	0	1
Uniq2742	0	0	0	0	0	0	0	0	0	0	2	0	2	0	1	0	0	1	0	1	0	0	0	0	0	0	0	0	0	0	0	0	0	0	0	0	0	0	0	0	0	0	0	0	0	0	0	0
Uniq3121	5	0	6	0	2	0	3	5	2	3	0	3	0	1	0	1	0	2	1	0	1	0	0	0	2	1	0	3	0	2	0	0	0	0	0	1	0	2	0	2	0	2	0	1	0	3	1	3
Uniq1465	4	0	1	0	4	0	3	3	3	2	0	3	0	1	0	2	3	0	0	0	2	0	0	0	1	1	1	2	0	3	0	1	0	1	0	2	0	1	0	2	0	1	0	0	0	1	1	1
Uniq1654	2	0	1	0	2	0	1	1	1	1	0	0	0	0	0	0	1	0	0	0	0	0	0	0	0	0	0	2	0	2	0	1	0	1	0	1	0	1	0	1	0	2	0	1	0	1	0	0
Uniq1259	2	0	4	0	4	0	1	4	3	2	0	2	0	2	0	1	1	1	1	0	1	0	1	0	1	0	0	3	0	2	0	1	0	2	0	1	0	3	0	1	0	1	0	1	0	1	1	2
Uniq4317	1	0	5	0	2	0	1	1	1	0	0	1	0	0	0	1	0	5	1	0	0	1	0	0	2	1	0	0	0	0	0	0	0	0	0	0	0	0	0	0	0	0	0	0	0	0	1	0
Uniq536	8	0	15	0	16	0	7	12	8	4	0	7	0	7	0	12	3	6	8	0	2	0	2	0	2	1	1	11	0	6	0	9	0	8	0	9	0	11	0	4	0	4	0	7	0	4	3	6
Uniq867	0	0	1	0	1	0	0	1	1	6	0	12	0	10	0	6	8	12	5	1	3	0	2	0	4	3	4	1	0	1	0	0	0	0	0	1	0	0	0	0	0	1	0	1	0	1	0	1
Uniq3810	1	0	2	0	0	0	1	0	1	0	0	0	0	0	0	0	0	0	0	0	0	0	0	0	0	0	0	0	0	1	0	2	0	1	0	2	0	0	0	0	0	1	0	0	0	0	0	0
Uniq908	0	0	1	0	1	0	0	0	0	2	3	6	2	37	3	3	4	6	4	0	1	0	3	2	7	9	7	1	0	0	1	0	2	0	0	3	0	0	0	0	0	0	0	1	0	0	0	1
Uniq2331	0	0	0	0	1	0	0	0	0	0	2	0	5	0	2	1	0	1	0	5	1	0	2	2	1	0	0	0	0	0	0	0	0	0	1	0	0	0	1	0	0	0	0	1	0	0	0	0
Uniq1400	0	1	1	1	0	2	3	1	2	0	0	0	1	0	1	0	1	0	0	0	0	1	0	0	0	1	1	0	3	0	1	0	2	0	1	0	1	0	0	0	0	0	1	0	1	0	0	1
Uniq1028	3	0	4	0	3	0	5	5	5	0	0	0	0	0	0	2	1	0	1	0	2	0	1	0	1	1	0	5	0	5	0	5	0	4	0	4	0	6	0	3	0	3	0	2	0	2	2	4
Uniq1522	1	0	2	0	4	0	2	2	2	3	0	2	0	1	0	2	1	3	1	0	2	0	0	0	1	1	0	2	0	1	0	2	0	1	0	1	0	1	0	1	0	1	0	1	0	2	1	2
Uniq1195	1	1	1	1	2	0	4	2	2	1	1	1	0	1	0	1	3	1	0	0	1	0	0	0	2	1	2	1	8	1	3	0	4	0	1	1	1	0	0	1	1	1	1	0	1	1	1	1
Uniq1667	3	0	4	0	3	0	4	2	3	0	0	0	0	0	0	0	1	1	0	0	1	0	1	0	0	0	0	2	0	2	0	3	0	1	0	2	0	2	0	2	0	3	0	2	0	1	1	1
Uniq1295	1	1	0	1	1	0	4	1	2	0	1	0	0	1	0	0	2	1	0	0	0	0	0	0	1	1	2	0	7	1	2	1	3	0	0	0	1	0	0	1	1	1	0	0	1	0	1	1
Uniq224	0	0	0	0	0	0	0	0	0	0	0	0	0	0	0	0	0	0	0	0	0	0	0	0	0	0	0	0	0	0	0	0	0	0	0	1	0	0	0	0	0	0	0	0	0	0	0	0
Uniq1159	4	0	6	0	7	0	1	4	3	1	0	1	0	0	0	1	0	0	1	0	0	0	0	0	1	1	0	1	0	1	0	1	0	1	0	0	0	1	0	0	0	1	0	0	0	1	0	0
Uniq2959	2	0	3	0	4	0	1	2	4	1	0	0	0	1	0	1	0	0	0	0	0	0	0	0	0	0	0	2	0	1	0	1	0	1	0	2	0	3	0	1	0	0	0	1	0	1	1	1
Uniq317	1	0	5	0	3	0	0	1	3	28	3	21	2	139	3	13	11	15	13	0	4	0	7	5	20	20	24	3	0	1	1	1	1	1	0	6	0	2	0	0	0	2	0	3	0	1	1	1
Uniq1351	1	0	4	0	3	0	2	3	3	0	0	0	0	0	0	1	1	0	1	0	0	0	0	0	0	0	0	3	0	5	0	4	0	2	0	2	0	5	0	1	0	1	0	1	0	1	2	1
Uniq2555	0	0	1	0	0	0	1	1	1	0	0	0	0	0	0	0	1	1	1	0	0	0	0	0	0	0	0	1	0	0	0	0	0	1	0	0	0	0	0	0	0	0	0	1	0	0	0	1
Uniq3270	1	0	1	0	1	0	0	0	1	0	0	0	0	0	0	0	1	0	1	0	0	0	0	0	1	1	3	0	2	0	1	0	2	0	0	0	0	0	0	0	0	0	0	0	0	1	0	0
Uniq1987	4	0	7	0	3	0	3	3	4	0	0	0	0	0	0	1	1	0	0	0	0	0	0	0	1	0	0	2	0	2	0	5	0	3	0	7	0	5	0	1	0	1	0	0	0	1	2	0
Uniq3412	1	0	2	0	1	0	1	1	1	1	0	0	0	1	0	1	0	1	0	0	0	0	0	0	0	0	0	0	0	0	0	1	0	0	0	0	0	0	0	0	0	0	0	0	0	0	0	1
Uniq3733	0	0	1	0	1	0	0	1	0	0	0	1	0	0	0	0	0	0	0	0	0	0	0	0	0	0	0	0	0	1	0	0	0	1	0	1	0	0	0	0	0	0	0	0	0	0	0	1
Uniq4148	0	0	0	0	0	0	0	0	0	2	0	0	0	1	0	0	1	1	0	0	0	0	0	0	1	0	0	0	0	0	0	0	0	0	0	0	0	0	0	0	0	0	0	0	0	1	0	0
Uniq1697	3	0	2	0	2	0	2	2	1	2	0	0	0	1	0	1	2	1	1	0	1	0	0	0	1	0	2	2	0	2	0	0	0	2	0	0	0	1	0	1	0	1	0	1	0	1	1	1
Uniq2638	4	0	7	0	10	0	11	8	6	9	0	3	0	4	0	5	2	2	2	0	0	0	1	0	1	0	1	6	0	2	0	3	0	4	0	2	0	3	0	4	0	4	0	4	0	3	2	7
Uniq2219	1	0	1	0	1	0	2	1	1	0	0	0	0	0	0	1	1	2	1	0	1	0	0	0	0	0	0	1	0	2	0	1	0	0	0	1	0	1	0	1	0	0	0	0	0	1	0	1
Uniq2341	1	0	1	0	1	0	1	1	0	1	0	0	0	0	0	1	1	1	1	0	0	0	0	0	0	1	0	1	0	1	0	0	0	1	0	0	0	1	0	0	0	0	0	1	0	1	0	1
Uniq3053	1	0	1	0	1	0	1	0	2	0	0	0	0	0	0	0	0	0	0	0	0	0	1	0	0	0	0	1	0	2	0	3	0	1	0	2	0	3	0	1	0	1	0	1	0	1	0	2
Uniq953	5	0	4	0	5	0	4	4	6	5	0	2	0	2	0	4	5	4	1	0	2	0	0	0	2	1	3	4	0	5	0	1	0	2	0	2	0	2	0	3	0	2	0	2	0	2	2	3
Uniq4056	0	0	1	0	1	0	0	1	2	2	0	3	0	0	0	0	3	1	0	0	0	0	1	0	3	1	1	0	3	1	1	0	0	1	0	2	0	1	0	0	0	1	0	0	0	1	0	1
Uniq2065	2	0	0	0	2	0	1	1	2	0	0	0	0	0	0	1	2	2	1	0	1	0	0	0	1	1	2	0	0	0	0	1	0	1	0	1	0	0	0	1	0	2	0	0	0	2	1	1
Uniq3081	1	0	2	0	1	0	2	2	0	0	0	0	0	0	0	0	0	0	0	0	0	0	0	0	0	0	0	1	0	2	0	1	0	1	0	1	0	1	0	1	0	0	0	0	0	1	0	1
Uniq1134	0	0	0	0	0	0	0	0	0	0	0	0	0	0	0	0	0	0	0	0	0	0	0	0	0	0	0	0	0	0	0	0	0	0	0	0	0	0	0	0	0	0	0	0	0	0	0	0
Uniq1359	2	0	2	0	4	0	1	2	1	1	0	1	0	1	0	2	2	1	1	0	1	0	0	0	2	0	1	3	0	3	0	0	0	2	0	1	0	2	0	2	0	0	0	1	0	0	1	2
Uniq4391	1	0	0	0	0	0	0	0	2	0	0	2	0	0	0	0	2	2	0	0	0	0	1	0	2	1	1	0	1	0	1	1	0	0	0	1	0	0	0	0	0	0	0	0	0	1	0	0
Uniq1798	2	0	3	0	3	0	3	1	3	0	0	1	0	0	0	0	1	1	0	0	0	0	0	0	0	0	0	2	0	3	0	1	0	2	0	1	0	2	0	1	0	2	0	1	0	0	1	1
Uniq1797	0	0	0	0	0	0	0	1	0	0	0	0	0	0	0	0	0	0	0	0	0	0	0	0	0	0	0	0	0	0	0	1	0	0	0	0	0	0	0	0	0	0	0	0	0	0	0	0
Uniq2157	2	0	0	0	1	1	1	1	0	1	0	0	0	1	0	1	1	0	0	0	0	0	0	0	0	1	2	0	2	0	1	0	1	0	1	1	0	0	0	1	0	1	1	0	0	1	1	1
Uniq3646	0	0	0	0	0	0	0	0	0	1	0	0	0	1	0	0	1	2	0	0	1	0	1	0	0	0	0	0	0	0	0	0	0	0	0	0	0	0	0	0	0	0	0	0	0	0	0	0
Uniq1782	0	0	1	0	1	0	1	1	1	0	0	0	0	0	0	1	0	0	0	0	1	0	0	0	0	0	0	0	0	0	0	1	0	1	0	1	0	2	0	0	0	1	0	0	0	0	0	1
Uniq1506	4	0	1	0	3	0	3	1	5	1	0	1	0	0	0	1	2	0	2	0	1	0	1	0	1	1	0	5	0	4	0	10	0	5	0	7	0	7	0	1	0	3	0	0	0	1	1	1
Uniq157	0	0	9	0	0	0	8	0	5	7	0	1	0	0	0	0	0	0	0	0	0	0	0	0	1	13	7	0	0	0	0	0	0	0	42	3	67	0	75	3	31	0	26	0	31	0	0	2
Uniq2020	2	0	5	0	1	0	1	1	2	0	0	0	0	0	0	0	0	0	0	0	0	0	0	0	0	0	0	1	0	1	0	3	0	2	0	2	0	2	0	0	0	1	0	0	0	0	0	1
Uniq4221	0	0	1	0	1	0	1	0	0	0	0	0	0	0	0	0	0	0	0	0	0	0	0	0	0	0	0	1	0	0	0	1	0	0	0	1	0	2	0	0	0	1	0	0	0	0	0	1
Uniq2142	2	4	3	6	2	5	2	3	1	1	4	2	0	0	0	5	1	1	0	0	1	0	0	1	0	1	0	2	8	1	4	1	5	1	0	3	0	2	0	2	0	1	0	1	0	2	2	0
Uniq3442	2	0	2	0	1	0	2	1	2	0	0	0	0	0	0	1	0	0	0	0	0	0	0	0	0	0	0	1	0	0	0	2	0	2	0	2	0	2	0	0	0	0	0	1	0	0	0	0
Uniq2025	1	0	1	0	1	0	2	0	0	1	0	0	0	0	0	0	1	1	1	0	1	0	1	0	2	2	2	0	0	0	0	0	0	1	0	0	0	1	0	2	0	1	0	1	0	2	0	1
Uniq2115	5	0	5	0	3	0	3	3	4	0	0	0	0	0	0	0	1	0	0	0	0	0	0	0	0	1	0	2	0	1	0	3	0	4	0	4	0	4	0	0	0	1	0	1	0	1	0	1
Uniq3179	1	0	1	0	2	0	1	1	1	0	0	1	0	2	0	0	2	2	0	0	1	0	0	0	1	1	3	0	0	1	0	0	0	1	0	0	0	0	0	2	0	1	0	1	0	2	1	2
Uniq1723	2	1	0	0	0	0	1	2	2	0	3	0	0	0	0	0	2	0	0	0	1	0	0	0	0	1	0	1	0	3	0	1	0	2	0	0	0	1	0	0	0	2	0	0	0	1	1	1
Uniq1079	3	1	1	3	2	3	3	1	2	2	1	0	1	2	1	0	5	1	2	0	0	0	0	0	2	2	4	1	8	2	3	0	4	1	1	0	1	1	0	2	1	2	1	0	1	1	2	2
Uniq689	5	0	7	0	12	0	6	5	3	0	0	2	0	0	0	1	1	1	1	0	0	0	0	0	1	0	0	1	0	1	0	1	0	1	0	1	0	1	0	0	0	1	0	2	0	1	0	1
Uniq2317	1	0	3	0	1	0	2	1	0	0	0	1	0	0	0	1	0	4	0	0	0	0	0	0	1	1	0	0	0	0	0	0	0	0	0	0	0	0	0	0	0	0	0	0	0	1	1	0
Uniq3113	2	0	3	0	1	0	2	1	3	0	0	0	0	0	0	0	0	0	0	0	0	0	0	0	0	0	0	2	0	1	0	3	0	3	0	2	0	1	0	0	0	1	0	0	0	0	0	1
Uniq932	4	0	5	0	8	0	5	5	4	2	0	5	0	5	0	6	6	5	1	0	3	0	1	0	2	2	2	5	0	5	0	3	0	5	0	3	0	4	0	3	0	2	0	2	0	2	2	6
Uniq2945	1	0	1	0	0	0	1	1	1	0	0	0	0	0	0	0	0	0	0	0	0	0	0	0	1	0	0	1	0	1	0	1	0	1	0	0	0	1	0	0	0	0	0	0	0	1	0	0
Uniq4012	1	1	1	1	2	1	2	1	1	2	0	0	0	1	1	0	3	2	1	0	0	0	0	0	1	2	2	0	2	0	1	1	2	0	1	1	0	0	0	2	1	2	0	1	0	2	1	1
Uniq2414	2	0	2	0	1	0	3	2	1	0	0	0	0	0	0	1	0	0	0	0	0	0	0	0	0	0	0	1	0	2	0	1	0	0	0	0	0	3	0	1	0	1	0	1	0	1	0	1
Uniq2917	1	0	0	0	2	0	0	0	1	1	0	0	0	1	0	0	1	0	1	0	0	0	0	0	1	0	0	1	0	1	0	1	0	1	0	1	0	1	0	1	0	0	0	0	0	0	1	0
Uniq3215	1	0	1	0	1	0	1	1	1	0	0	0	0	0	0	0	0	0	0	0	0	0	0	0	0	0	0	2	0	1	0	1	0	1	0	1	0	1	0	0	0	0	0	0	0	0	0	1
Uniq2632	1	0	5	0	1	0	2	2	1	0	0	1	0	0	0	0	0	5	1	0	1	1	0	0	2	0	1	0	0	0	0	0	0	0	0	0	0	0	0	0	0	0	0	1	0	1	1	1
Uniq581	5	3	4	6	3	5	9	3	3	0	2	1	2	3	2	0	8	2	2	0	2	1	0	1	3	5	6	2	20	2	9	1	13	1	3	1	3	0	1	2	2	4	3	1	1	1	2	2
Uniq3841	1	0	2	0	1	0	1	1	1	0	0	0	0	0	0	0	0	2	0	0	0	0	0	0	0	0	0	0	0	0	0	0	0	0	0	0	0	0	0	0	0	0	0	0	0	0	1	0
Uniq3100	2	0	4	0	3	0	4	3	3	1	0	0	0	1	0	0	0	0	0	0	0	0	0	0	0	1	0	2	0	1	0	1	0	1	0	1	0	1	0	0	0	0	0	1	0	1	1	1
Uniq1622	0	0	0	0	0	0	0	0	0	1	0	17	0	4	0	1	0	2	1	0	2	0	2	0	1	1	2	0	0	0	0	0	0	0	0	0	0	0	0	0	0	0	0	0	0	0	0	0
Uniq639	1	0	1	0	1	0	0	1	2	10	0	67	0	22	0	74	8	20	9	0	3	0	1	0	12	3	13	1	0	0	0	0	0	0	0	2	0	3	0	1	0	0	0	5	0	3	0	1
Uniq2834	1	0	0	0	1	0	0	0	0	0	0	0	0	0	0	0	0	0	1	0	0	0	0	0	0	1	1	0	2	0	0	0	2	0	0	0	0	0	0	0	0	0	0	0	0	0	0	1
Uniq840	3	0	2	0	5	0	4	2	4	3	0	3	0	3	0	8	5	4	2	0	3	0	1	0	2	1	2	5	0	4	0	3	0	2	0	2	0	3	0	2	0	2	0	4	0	3	2	3
Uniq2663	1	0	1	0	0	0	0	1	0	0	0	0	0	0	0	0	0	0	0	0	0	0	0	0	0	0	0	1	0	1	0	1	0	0	0	1	0	1	0	1	0	0	0	0	0	0	0	1
Uniq2874	1	0	0	0	0	0	1	0	1	1	0	0	0	0	0	0	0	0	0	0	0	0	0	0	0	0	0	2	0	1	0	1	0	2	0	2	0	2	0	0	0	1	0	1	0	1	0	1
Uniq1632	1	0	4	0	4	0	2	4	3	0	0	0	0	0	0	0	1	0	1	0	0	0	0	0	0	0	0	4	0	2	0	3	0	0	0	1	0	3	0	2	0	0	0	1	0	1	1	1
Uniq3221	1	0	1	0	3	0	1	2	1	1	0	1	0	1	0	1	0	0	0	0	0	0	0	0	0	0	0	1	0	0	0	1	0	1	0	1	0	1	0	1	0	0	0	0	0	1	0	1
Uniq2017	2	0	0	0	1	0	2	1	1	1	0	0	0	0	0	0	1	1	0	0	0	0	0	0	0	0	0	2	0	2	0	4	0	2	0	3	0	3	0	0	0	1	0	0	0	1	1	1
Uniq3985	0	0	0	0	0	0	0	0	1	0	0	0	0	0	0	0	0	0	1	0	0	0	0	0	0	0	0	1	0	0	0	0	0	0	0	0	0	0	0	0	0	0	0	0	0	0	0	1
Uniq2870	2	0	1	0	2	0	3	2	1	0	0	0	0	0	0	1	1	0	0	0	0	0	0	0	0	0	0	3	0	2	0	5	0	4	0	5	0	5	0	2	0	1	0	0	0	1	1	2
Uniq2511	1	0	1	0	1	0	0	1	1	1	0	1	0	0	0	0	1	1	1	0	0	0	0	0	1	0	0	1	0	1	0	0	0	0	0	1	0	1	0	1	0	1	0	1	0	0	0	1
Uniq2923	1	0	2	0	2	0	1	1	1	0	0	0	0	1	0	0	0	0	0	0	0	0	0	0	0	0	0	0	0	1	0	1	0	1	0	1	0	1	0	0	0	0	0	1	0	0	0	2
Uniq3157	1	0	0	0	1	0	1	1	0	0	2	0	0	0	0	0	1	0	0	0	0	0	0	0	1	0	0	0	1	1	0	0	0	1	0	0	0	1	0	0	0	1	0	0	0	0	1	1
Uniq2186	1	0	2	0	1	0	1	2	3	0	0	0	0	0	0	1	0	0	1	0	0	0	0	0	0	0	0	2	0	1	0	2	0	1	0	2	0	3	0	1	0	0	0	0	0	1	1	1
Uniq2746	0	0	1	0	1	0	1	0	0	1	0	0	0	0	0	0	1	1	0	0	0	0	0	0	0	0	0	1	0	1	0	0	0	1	0	0	0	0	0	0	0	0	0	0	0	0	0	1
Uniq2491	1	0	2	0	1	0	3	0	1	0	0	1	0	0	0	0	0	2	0	0	0	0	0	0	1	0	0	0	0	0	0	0	0	0	0	0	0	0	0	0	0	0	0	0	0	0	0	0
Uniq1875	2	0	1	0	0	0	1	1	0	0	0	0	0	0	0	0	1	0	0	0	0	0	0	0	0	0	0	2	0	1	0	1	0	2	0	2	0	2	0	0	0	1	0	1	0	1	0	1
Uniq4404	1	0	1	0	1	0	2	1	0	0	0	0	0	0	0	0	1	0	1	0	0	0	0	0	0	0	0	5	0	4	0	5	0	3	0	2	0	3	0	1	0	1	0	1	0	0	0	0
Uniq1024	1	0	3	0	2	0	3	4	2	0	0	0	0	0	0	1	1	1	1	0	1	0	0	0	0	0	0	4	0	4	0	5	0	3	0	2	0	4	0	3	0	2	0	2	0	1	2	3
Uniq2635	1	0	1	0	1	0	1	1	1	0	0	0	0	0	0	0	0	0	0	0	0	0	0	0	0	0	0	3	0	1	0	2	0	2	0	2	0	3	0	1	0	0	0	1	0	0	1	1
Uniq1877	1	0	7	0	2	0	3	2	2	0	0	0	0	0	0	1	0	5	1	0	1	1	0	0	3	1	0	0	0	0	0	0	0	0	0	0	0	0	0	0	0	0	0	1	0	1	2	1
Uniq1459	1	0	0	0	0	0	0	0	0	3	0	0	0	3	0	2	1	2	0	0	0	0	1	0	1	1	1	3	0	2	0	2	0	2	0	2	0	2	0	0	0	0	0	0	0	0	0	0
Uniq3395	1	0	1	0	1	0	1	1	1	1	0	0	0	0	0	1	1	1	0	0	1	0	0	0	0	0	1	1	0	1	0	0	0	0	0	1	0	0	0	1	0	1	0	0	0	0	0	1
Uniq1282	2	0	5	0	3	0	3	3	2	0	0	1	0	0	0	1	1	0	1	0	1	0	0	0	0	1	0	5	0	4	0	4	0	5	0	4	0	4	0	1	0	2	0	1	0	2	1	1
Uniq3108	1	0	1	0	1	0	0	0	3	2	0	4	0	0	0	0	3	1	0	0	0	0	1	0	5	2	1	0	1	0	2	0	0	1	0	1	0	1	0	0	0	1	0	1	0	1	1	1
Uniq1801	1	1	1	1	1	1	4	2	1	0	1	0	0	0	0	0	3	1	1	0	0	0	0	0	0	1	1	1	3	1	1	0	1	0	0	0	0	0	0	1	1	1	1	1	0	0	1	1
Uniq4241	1	0	0	0	0	0	0	0	0	0	0	0	0	0	0	0	0	0	1	0	0	0	0	0	1	1	1	0	1	0	0	0	1	0	0	0	0	0	0	0	0	0	0	0	0	0	0	1
Uniq2736	2	0	1	0	1	0	0	1	0	1	0	0	0	0	0	0	1	0	1	0	0	0	0	0	0	0	0	2	0	2	0	2	0	2	0	2	0	3	0	0	0	1	0	0	0	0	1	1
Uniq1114	2	1	1	1	5	1	1	1	3	0	1	0	0	0	1	0	3	1	9	0	1	0	0	0	2	4	11	1	7	0	2	1	6	0	0	0	1	1	0	2	0	4	1	1	0	1	1	3
Uniq1641	2	0	2	0	2	0	1	1	1	1	0	1	0	1	0	1	1	2	1	0	1	0	0	0	1	0	0	1	0	1	0	1	0	0	0	1	0	1	0	1	0	0	0	1	0	0	1	1
Uniq2171	1	0	2	0	2	0	2	2	1	0	0	0	0	0	0	0	0	0	1	0	0	0	0	0	0	0	0	1	0	1	0	2	0	1	0	1	0	2	0	1	0	0	0	1	0	1	0	1
Uniq3139	0	0	0	0	0	0	0	0	0	0	0	0	0	0	0	0	0	0	0	0	0	0	0	0	0	0	0	0	0	0	0	0	0	0	0	0	0	0	0	0	0	0	0	0	0	0	0	0
Uniq1739	2	0	2	0	1	0	2	1	1	0	0	1	0	1	0	2	2	1	0	0	1	0	0	0	0	0	1	1	0	1	0	0	0	0	0	1	0	1	0	1	0	1	0	1	0	1	0	1
Uniq2006	1	0	1	0	1	0	1	1	0	0	0	0	0	0	0	0	0	0	0	0	0	0	0	0	0	0	0	1	0	1	0	1	0	2	0	2	0	2	0	0	0	0	0	0	0	0	0	1
Uniq3600	0	0	0	0	0	0	1	0	0	0	0	0	0	0	0	0	0	0	1	0	0	0	0	0	0	1	1	0	2	0	0	0	1	0	0	0	0	0	0	0	0	0	0	0	0	0	0	0
Uniq2641	2	0	1	0	1	0	1	2	1	0	2	0	0	0	0	0	3	0	0	0	0	0	0	0	0	1	0	0	0	1	0	1	0	2	0	1	0	1	0	1	0	1	0	0	0	1	0	1
Uniq2022	4	0	3	0	2	0	2	2	4	0	0	0	0	0	0	1	1	1	1	0	0	0	0	0	0	0	0	3	0	4	0	3	0	2	0	3	0	2	0	1	0	3	0	1	0	1	0	1
Uniq4146	1	0	1	0	0	0	0	1	0	0	0	0	0	0	0	0	0	0	0	0	0	0	0	0	0	0	0	1	0	0	0	1	0	2	0	1	0	1	0	0	0	0	0	0	0	0	0	1
Uniq1956	1	0	1	0	1	0	1	2	1	0	0	0	0	1	0	0	0	0	1	0	0	0	0	0	0	0	0	2	0	2	0	4	0	1	0	3	0	3	0	2	0	1	0	1	0	1	1	1
Uniq2738	0	0	1	1	0	0	0	0	0	1	21	3	4	0	5	2	2	7	0	1	1	0	4	1	3	2	1	0	0	0	1	0	0	0	1	0	0	0	0	0	0	0	0	0	0	0	0	0
Uniq242	3	9	10	8	4	6	3	5	2	0	16	0	13	0	13	1	12	2	1	1	2	3	2	17	1	0	1	0	11	0	9	1	25	0	7	0	2	0	4	0	0	0	0	0	0	0	1	0
Uniq583	1	0	3	0	1	0	0	1	2	10	0	21	0	70	0	15	4	10	6	0	1	0	3	2	10	11	11	1	0	0	0	1	0	0	0	3	0	1	0	0	0	1	0	2	0	1	0	1
Uniq2461	3	0	4	0	4	1	5	3	3	0	0	0	0	0	0	1	1	1	1	0	1	0	1	0	0	0	0	5	0	3	0	5	0	4	0	3	0	5	0	2	0	1	0	2	0	1	2	2
Uniq3669	1	0	1	0	0	0	1	1	0	0	0	0	0	0	0	0	0	0	0	0	0	0	0	0	0	0	0	1	0	0	0	1	0	1	0	1	0	1	0	0	0	0	0	1	0	0	0	0
Uniq810	1	0	2	0	3	0	5	1	0	0	0	7	0	0	0	0	9	0	0	0	1	0	0	0	4	1	0	0	0	0	0	0	0	0	0	0	0	0	0	2	0	30	0	12	0	2	0	2
Uniq3513	0	0	0	0	0	0	0	1	0	0	0	0	0	0	0	0	0	0	0	0	0	0	0	0	0	0	0	0	0	1	0	1	0	0	0	0	0	0	0	0	0	0	0	0	0	0	0	0
Uniq1610	3	0	2	0	3	0	3	3	2	2	0	1	0	1	0	1	3	1	1	0	0	0	0	0	1	1	2	2	0	3	0	1	0	1	0	1	0	1	0	2	0	1	0	1	0	1	1	1
Uniq1947	0	0	0	0	0	0	0	1	0	4	0	0	0	4	0	2	1	3	0	0	0	0	0	0	1	1	0	3	0	4	0	5	0	2	0	3	0	4	0	0	0	0	0	0	0	0	0	0
Uniq1421	0	0	0	0	0	0	0	0	0	0	0	0	0	0	0	0	0	0	0	0	0	0	0	0	0	0	0	0	0	0	0	0	0	0	0	0	0	0	0	0	0	0	0	0	0	0	0	0
Uniq2034	0	0	0	0	0	0	0	1	0	1	0	0	0	3	0	1	1	2	0	0	0	0	1	0	2	0	0	1	0	1	0	2	0	1	0	1	0	2	0	0	0	0	0	0	0	0	0	0
Uniq2188	2	1	2	0	2	1	1	1	8	4	0	6	0	1	1	1	9	3	1	0	2	0	2	0	10	2	2	0	4	1	3	2	0	1	0	4	0	1	0	1	0	3	0	2	0	1	0	2
Uniq1512	0	0	1	0	1	0	0	0	0	9	2	5	1	16	2	3	2	4	2	0	1	0	1	1	2	2	3	0	0	0	0	0	1	0	0	1	0	0	0	0	0	0	0	1	0	0	0	0
Uniq369	1	9	5	7	2	5	2	3	2	0	10	0	9	0	10	0	8	2	1	1	1	3	1	13	0	0	0	0	8	0	6	0	17	0	6	0	2	0	5	0	1	0	1	0	0	0	0	1
Uniq3313	1	0	3	0	5	0	5	2	2	5	0	2	0	1	0	2	1	2	1	0	0	0	1	0	1	1	1	3	0	1	0	1	0	3	0	1	0	1	0	1	0	2	0	2	0	1	1	3
Uniq1429	1	0	0	0	1	0	0	0	0	0	0	0	0	0	0	0	0	0	0	0	0	0	0	0	0	0	0	0	0	0	0	1	0	1	0	1	0	1	0	0	0	1	0	0	0	0	0	0
Uniq2673	1	0	2	0	3	0	1	4	1	0	0	0	0	1	0	1	1	1	1	0	0	0	0	0	0	0	0	1	0	1	0	0	0	0	0	1	0	1	0	2	0	1	0	0	0	1	0	2
Uniq2291	3	0	5	0	3	0	7	4	3	0	0	0	0	0	0	0	0	0	1	0	1	0	1	0	0	0	0	3	0	4	0	4	0	3	0	4	0	6	0	2	0	2	0	3	0	2	1	4
Uniq207	1	0	3	0	7	0	1	5	7	27	0	62	0	50	1	30	33	55	25	2	15	0	9	1	24	12	18	2	0	5	0	1	2	1	0	5	0	5	0	1	0	3	0	6	0	4	1	3
Uniq1489	3	1	3	1	6	1	5	4	2	3	1	0	0	2	0	1	4	2	2	0	2	0	0	0	3	4	6	1	5	1	2	0	2	2	1	2	1	1	0	3	0	4	1	1	0	5	4	5
Uniq2416	1	0	2	0	1	0	1	1	1	0	0	0	0	0	0	0	0	0	0	0	0	0	0	0	0	0	0	1	0	1	0	2	0	2	0	1	0	1	0	0	0	0	0	0	0	1	0	1
Uniq1437	2	0	1	0	4	0	3	2	2	2	0	3	0	1	0	4	3	2	0	0	1	0	0	0	0	0	1	3	0	2	0	2	0	1	0	2	0	1	0	2	0	2	0	1	0	1	0	2
Uniq214	1	0	3	0	6	0	1	2	3	16	0	47	0	42	0	24	26	38	16	1	12	0	5	1	13	8	15	1	0	2	0	1	1	1	0	8	0	2	0	1	0	1	0	5	0	4	1	2
Uniq994	2	0	3	0	4	0	5	3	3	3	0	2	0	2	0	3	3	3	2	0	2	0	0	0	1	1	1	2	0	2	0	3	0	2	0	3	0	2	0	2	0	2	0	2	0	2	2	3
Uniq2995	0	4	0	0	0	1	0	0	0	0	0	0	1	0	2	0	0	0	0	0	0	0	0	0	0	0	0	0	0	0	0	0	2	0	1	0	0	0	0	0	0	0	0	0	0	0	0	1
Uniq2480	1	0	2	0	1	0	1	1	2	5	0	1	0	1	0	0	9	5	1	0	1	0	2	0	1	1	0	0	0	0	0	0	0	0	0	0	0	0	0	1	0	1	0	1	0	1	0	1
Uniq2058	0	0	0	0	0	0	0	0	0	0	0	0	0	0	0	0	0	0	0	0	0	0	0	0	0	0	0	0	0	0	0	0	0	0	0	0	0	0	0	0	0	0	0	0	0	0	0	0
Uniq2082	2	0	3	0	2	0	5	3	3	0	0	0	0	0	0	1	1	1	1	0	0	0	0	0	0	0	0	3	0	1	0	2	0	2	0	2	0	3	0	2	0	1	0	2	0	2	2	1
Uniq765	0	0	1	0	2	0	0	1	0	8	1	25	0	13	0	12	11	14	10	0	7	0	3	0	7	4	6	1	0	1	0	0	1	0	0	1	0	1	0	0	0	0	0	2	0	1	1	1
Uniq971	2	0	1	0	0	0	1	1	0	8	0	1	0	7	0	3	2	5	0	0	1	0	2	0	3	1	1	6	0	6	0	7	0	7	0	5	0	10	0	0	0	0	0	0	0	0	0	0
Uniq1366	0	0	0	0	0	0	0	0	0	0	0	0	0	0	0	0	0	0	0	0	0	0	0	0	0	0	0	0	0	0	0	0	0	0	0	0	0	0	0	0	0	0	0	0	0	0	0	0
Uniq3136	1	0	4	0	1	0	2	1	1	0	0	0	0	0	0	0	1	4	1	0	0	0	0	0	2	1	0	0	0	0	0	0	0	0	0	0	0	0	0	0	0	0	0	1	0	0	1	0
Uniq2036	0	6	0	7	0	10	0	0	0	0	1	0	0	0	2	0	0	0	0	0	0	0	0	0	0	0	0	0	9	0	11	0	5	0	4	0	1	0	3	0	0	0	1	0	1	0	0	0
Uniq2401	1	0	1	0	0	0	1	1	1	1	0	0	0	1	0	0	0	0	0	0	0	0	0	0	1	0	0	2	0	3	0	4	0	2	0	3	0	4	0	0	0	1	0	0	0	0	0	0
Uniq272	1	0	1	0	1	0	0	2	5	15	0	112	0	40	0	114	11	31	14	0	4	0	2	0	21	7	19	1	0	1	0	0	0	1	0	2	0	3	0	1	0	2	0	9	0	4	1	3
Uniq2776	1	0	0	0	1	0	0	1	1	0	0	0	0	0	0	0	0	0	0	0	0	0	0	0	0	0	0	1	0	1	0	3	0	2	0	3	0	2	0	1	0	1	0	0	0	0	0	1
Uniq3196	1	0	0	0	1	0	0	0	1	0	0	0	0	0	0	0	1	0	0	0	0	0	0	0	0	0	0	1	0	2	0	3	0	3	0	1	0	3	0	1	0	1	0	0	0	0	0	1
Uniq1668	2	0	3	0	3	0	5	5	2	0	0	1	0	0	0	1	1	0	1	0	1	0	0	0	0	0	0	3	0	3	0	5	0	3	0	3	0	4	0	3	0	2	0	1	0	1	1	2
Uniq3150	1	0	1	0	1	0	0	0	1	1	0	2	0	0	0	0	2	1	0	0	1	0	0	0	3	1	1	0	1	0	1	0	0	1	0	0	0	0	0	0	0	0	0	0	0	0	0	0
Uniq1596	3	1	1	0	0	0	1	2	0	1	2	0	0	0	0	0	2	0	0	0	0	0	0	0	1	1	1	2	0	3	0	1	0	1	0	0	0	1	0	1	0	2	0	0	0	1	0	1
Uniq1586	1	0	0	0	0	0	1	1	1	0	0	0	0	0	0	0	1	0	2	0	0	0	0	0	1	1	3	0	2	0	0	0	2	0	0	0	0	0	0	1	0	1	0	0	0	0	0	1
Uniq1848	2	0	1	0	2	0	1	1	2	0	0	0	0	0	0	0	1	0	0	0	0	0	0	0	0	0	0	2	0	1	0	1	0	2	0	1	0	2	0	0	0	1	0	0	0	0	0	1
Uniq1928	0	0	0	0	0	0	0	0	0	3	0	0	0	2	0	0	0	2	0	0	0	0	0	0	1	0	1	1	0	1	0	1	0	2	0	2	0	1	0	0	0	0	0	0	0	0	0	0
Uniq4250	1	0	2	0	1	0	0	1	2	2	1	2	0	0	1	0	3	1	0	0	1	0	1	0	4	1	1	0	3	0	2	1	0	1	0	2	0	1	0	0	0	0	0	0	0	1	0	1
Uniq2087	1	0	1	0	1	0	2	1	2	1	0	1	0	1	0	0	3	1	1	0	0	0	0	0	1	3	2	0	1	0	1	0	1	1	0	1	0	1	0	2	0	3	0	1	0	3	1	2
Uniq2270	3	0	3	0	3	0	3	4	5	1	0	0	0	2	0	1	1	1	0	0	1	0	0	0	0	0	0	3	0	3	0	2	0	1	0	2	0	3	0	0	0	0	0	1	0	2	1	2
Uniq610	0	0	1	0	2	0	0	2	1	6	0	13	0	13	0	8	8	11	8	1	4	0	2	0	5	3	5	0	0	1	0	0	0	0	0	2	0	0	0	0	0	0	0	2	0	1	1	1
Uniq733	6	0	13	0	13	0	5	9	6	1	0	2	0	0	0	2	1	2	1	0	1	0	1	0	2	0	0	1	0	1	0	1	0	1	0	1	0	1	0	0	0	1	0	3	0	1	0	1
Uniq1922	2	0	0	0	2	0	2	2	3	1	0	2	0	1	0	0	7	1	27	0	1	0	1	0	0	3	0	8	0	7	0	3	0	7	0	5	0	5	0	1	0	1	0	1	0	1	0	1
Uniq2599	1	0	1	0	1	0	2	0	2	0	0	0	0	0	0	1	1	0	0	0	1	0	0	0	0	0	0	1	0	1	0	3	0	1	0	3	0	3	0	1	0	1	0	0	0	0	1	1
Uniq945	3	0	3	0	6	0	5	4	3	2	0	3	0	2	0	3	2	2	1	0	1	0	0	0	0	1	1	2	0	3	0	1	0	2	0	1	0	1	0	3	0	2	0	2	0	3	1	3
Uniq1623	0	0	0	0	0	0	0	0	0	0	0	0	0	0	0	0	0	0	0	0	0	0	0	0	0	0	0	0	0	0	0	0	0	0	0	0	0	0	0	0	0	0	0	0	0	0	0	0
Uniq3998	3	1	3	0	6	2	4	3	3	0	0	1	0	1	0	1	1	0	0	0	1	0	0	0	1	0	1	2	2	1	1	1	2	1	0	1	0	3	0	2	0	1	0	1	0	1	1	2
Uniq1833	1	0	2	0	1	0	2	2	1	1	0	0	0	0	0	1	1	2	1	0	0	0	0	0	0	0	1	2	0	1	0	1	0	1	0	1	0	1	0	1	0	0	0	0	0	0	1	0
Uniq3842	3	0	2	0	2	0	1	1	3	0	0	0	0	0	0	0	1	0	0	0	0	0	0	0	0	0	0	3	0	3	0	2	0	2	0	1	0	2	0	2	0	1	0	1	0	1	0	3
Uniq3867	2	0	1	0	0	0	1	1	1	0	0	0	0	1	0	1	1	1	0	0	0	0	1	0	0	1	0	1	0	1	0	3	0	2	0	1	0	1	0	1	0	0	0	0	0	0	0	0
Uniq2247	1	0	1	0	1	0	1	1	1	1	0	1	0	0	0	1	1	1	0	0	0	0	0	0	0	0	0	1	0	1	0	1	0	1	0	1	0	1	0	0	0	0	0	0	0	0	1	1
Uniq874	1	1	1	2	2	2	3	0	2	0	1	0	1	1	1	0	4	1	1	0	0	0	0	0	2	3	2	1	5	1	4	1	5	0	1	0	1	0	0	1	1	4	1	0	1	1	1	1
Uniq2913	2	0	0	0	0	0	0	1	0	0	0	1	0	1	0	0	1	0	0	0	0	0	0	0	0	0	1	0	0	2	0	0	0	1	0	0	0	0	0	1	0	0	0	0	0	0	0	0
Uniq2993	2	0	2	0	2	0	1	1	1	0	0	0	0	0	0	0	0	0	1	0	0	0	0	0	1	0	0	2	0	2	0	1	0	2	0	2	0	2	0	1	0	1	0	1	0	1	0	2
Uniq2410	1	0	4	0	2	0	2	2	2	0	0	0	0	0	0	0	0	0	1	0	0	0	0	0	0	0	0	1	0	2	0	1	0	1	0	1	0	2	0	1	0	1	0	1	0	0	0	1
Uniq865	4	0	6	0	6	0	3	7	5	2	0	3	0	2	0	5	1	2	2	0	2	0	0	0	1	0	0	4	0	4	0	5	0	4	0	4	0	8	0	2	0	1	0	3	0	2	1	3
Uniq2367	2	0	1	0	1	0	1	2	1	2	0	1	0	1	0	1	2	1	0	0	0	0	0	0	1	0	1	3	0	1	0	1	0	1	0	1	0	1	0	1	0	1	0	1	0	1	1	1
Uniq440	1	0	1	0	3	0	0	1	1	7	0	21	0	17	0	11	11	19	8	1	5	0	2	0	6	3	5	0	0	2	0	0	0	0	0	2	0	1	0	0	0	0	0	3	0	1	1	1
Uniq1910	2	1	2	1	2	1	3	1	1	2	0	1	0	2	0	0	5	3	1	0	1	0	0	0	2	2	3	1	3	1	1	0	1	1	1	0	0	1	0	2	0	3	0	2	0	2	2	2
Uniq2583	0	0	1	0	1	0	0	1	1	1	0	1	0	0	0	1	1	1	1	0	1	0	0	0	1	0	0	0	0	1	0	0	0	1	0	0	0	0	0	0	0	0	0	0	0	0	0	2
Uniq2349	2	0	4	0	2	0	2	3	1	0	0	0	0	0	0	0	1	0	1	0	0	0	1	0	0	1	0	4	0	3	0	4	0	2	0	2	0	4	0	1	0	1	0	1	0	1	1	2
Uniq4506	1	0	1	0	2	0	1	1	1	0	0	0	0	0	0	0	0	0	0	0	0	0	0	0	0	0	0	1	0	1	0	0	1	0	0	1	0	1	0	1	0	0	0	0	0	0	0	0
Uniq1288	1	0	0	0	0	0	1	1	0	4	0	1	0	5	0	2	1	2	0	0	1	0	2	0	3	2	1	3	0	5	0	3	0	5	0	5	0	7	0	0	0	0	0	0	0	0	0	0
Uniq3905	0	0	1	0	0	0	0	0	1	0	0	1	0	0	0	0	2	0	0	0	0	0	0	0	2	1	0	0	1	0	1	0	0	0	0	1	0	0	0	0	0	0	0	0	0	0	0	0
Uniq2527	2	0	2	0	1	0	0	2	2	0	0	0	0	0	0	0	1	1	0	0	1	0	0	0	0	0	0	1	0	1	0	1	0	1	0	1	0	1	0	1	0	1	0	0	0	1	0	0
Uniq3819	1	0	2	0	1	0	0	1	0	0	0	0	0	0	0	0	0	0	0	0	0	0	0	0	0	0	0	1	0	0	0	1	0	1	0	1	0	2	0	1	0	1	0	0	0	0	0	0
Uniq1772	1	0	0	0	0	0	0	1	1	2	0	0	0	4	0	1	1	3	0	0	0	0	1	0	1	1	0	3	0	3	0	5	0	3	0	4	0	4	0	0	0	0	0	0	0	0	0	0
Uniq3246	1	0	2	0	2	0	1	1	1	0	0	0	0	0	0	0	1	0	0	0	0	0	0	0	0	0	0	0	0	1	0	1	0	1	0	1	0	0	0	0	0	0	0	0	0	1	0	1
Uniq3370	1	0	1	0	0	0	1	1	1	0	0	0	0	0	0	0	0	0	1	0	0	0	0	0	0	0	0	1	0	0	0	1	0	1	0	1	0	1	0	0	0	0	0	0	0	0	0	1
Uniq1647	0	0	0	0	0	0	0	1	0	0	0	0	0	0	0	0	0	0	0	0	0	0	0	0	0	0	0	0	0	0	0	0	0	0	0	0	0	0	0	0	0	0	0	0	0	0	0	0
Uniq324	1	0	1	0	4	0	1	1	2	13	0	36	0	28	0	14	20	34	11	1	10	0	5	0	11	6	14	1	0	3	0	1	1	1	0	3	0	2	0	0	0	2	0	5	0	2	1	2
Uniq2166	1	0	2	0	1	0	1	1	1	1	0	0	0	0	0	1	1	2	1	0	1	0	0	0	1	1	0	0	0	1	0	0	0	1	0	0	0	1	0	1	0	0	0	1	0	0	1	0
Uniq1791	0	0	0	0	1	0	0	0	0	1	0	14	0	2	0	1	0	2	1	0	1	0	1	0	1	0	1	0	0	0	0	0	0	0	0	0	0	0	0	0	0	0	0	0	0	0	0	0
Uniq1862	2	0	1	0	1	0	1	2	1	0	0	0	0	0	0	0	0	0	0	0	0	0	0	0	0	0	0	3	0	3	0	0	0	1	0	2	0	2	0	1	0	1	0	1	0	1	0	1
Uniq4463	1	0	0	0	1	0	0	1	0	0	0	0	0	0	0	0	0	0	0	0	0	0	0	0	0	0	0	0	0	1	0	1	0	1	0	1	0	1	0	0	0	0	0	0	0	0	0	0
Uniq1860	1	1	1	1	0	1	3	1	1	0	1	0	0	1	0	0	3	1	1	0	1	0	0	0	1	1	2	1	6	1	2	0	2	0	1	1	0	0	0	1	0	2	0	0	0	1	1	2
Uniq222	0	0	2	0	5	0	1	1	4	15	1	45	0	27	0	19	23	37	13	1	8	0	4	1	14	9	12	1	0	4	0	0	1	2	0	5	0	3	0	1	0	1	0	4	0	3	1	1
Uniq3098	1	0	1	0	1	0	0	0	0	0	0	0	0	0	0	0	0	1	1	0	0	0	0	0	0	0	2	0	3	0	1	0	1	0	0	0	0	0	0	1	0	0	0	0	0	0	0	0
Uniq1695	2	0	1	0	2	0	1	2	3	1	0	1	0	1	0	1	3	0	0	0	1	0	0	0	1	1	1	2	0	2	0	1	0	1	0	1	0	1	0	1	0	1	0	1	0	1	1	1
Uniq4432	0	0	0	0	0	0	0	0	1	1	0	2	0	0	0	0	1	0	0	0	0	0	0	0	1	0	0	0	1	0	0	0	0	0	0	0	0	0	0	0	0	0	0	0	0	0	0	0
Uniq1580	0	0	0	0	0	0	0	1	0	9	0	1	0	2	0	1	3	3	0	0	1	0	1	0	2	1	1	0	0	0	0	0	0	0	0	0	0	0	0	0	0	1	0	1	0	1	0	0
Uniq1605	1	1	1	1	1	2	2	0	1	1	0	0	0	0	1	0	2	1	1	0	1	0	0	0	1	1	2	0	5	1	1	0	2	0	0	0	1	0	0	1	0	2	1	0	1	1	1	1
Uniq1166	1	0	0	0	0	0	0	1	0	6	0	1	0	7	0	2	2	4	0	0	1	0	1	0	3	2	1	3	0	4	0	5	0	7	0	5	0	6	0	0	0	0	0	0	0	0	0	0
Uniq3214	0	4	0	3	0	5	0	0	1	0	0	0	0	0	1	0	0	0	0	0	0	0	0	0	0	0	0	0	3	0	4	0	2	0	1	0	1	0	1	0	0	0	0	0	0	0	0	1
Uniq1542	1	0	0	0	2	0	0	1	0	0	0	0	0	0	0	0	0	1	0	0	0	0	0	0	0	0	0	1	0	1	0	1	0	1	0	0	0	1	0	0	0	0	0	0	0	0	1	1
Uniq1573	0	0	1	0	2	0	1	0	1	0	0	3	0	1	0	0	2	0	0	0	0	0	0	0	2	1	0	0	0	0	0	0	0	0	0	0	0	0	0	1	0	9	0	4	0	0	0	0
Uniq247	0	0	0	0	0	0	0	0	0	0	0	0	0	0	0	0	0	0	0	0	0	0	0	0	0	0	0	0	0	0	0	0	0	0	0	0	0	0	0	0	0	0	0	0	0	0	0	0
Uniq1914	0	0	0	0	0	0	0	0	0	0	0	0	0	0	0	0	0	0	0	0	0	0	0	0	0	0	0	0	0	0	0	0	0	0	0	0	0	0	0	0	0	0	0	0	0	0	0	0
Uniq2370	1	0	2	0	2	0	1	2	1	0	0	0	0	0	0	0	1	0	1	0	1	0	0	0	0	0	0	2	0	2	0	3	0	2	0	2	0	2	0	1	0	2	0	2	0	1	1	3
Uniq1866	2	0	1	0	3	0	2	1	2	0	0	1	0	0	0	0	1	1	0	0	0	0	0	0	0	0	0	3	0	2	0	2	0	1	0	1	0	2	0	1	0	2	0	1	0	0	1	1
Uniq2044	1	0	2	0	1	0	4	2	2	5	0	2	0	2	0	0	13	9	1	0	2	0	2	0	3	1	1	0	0	0	0	0	0	1	0	0	0	0	0	1	0	1	0	3	0	1	1	2
Uniq3990	1	0	2	0	0	0	1	1	1	1	0	0	0	0	0	0	0	0	0	0	0	0	0	0	0	0	0	1	0	1	0	1	0	1	0	1	0	0	0	0	0	0	0	0	0	1	0	0
Uniq1693	0	0	0	0	1	0	0	0	0	21	0	3	0	2	0	3	1	4	1	0	1	0	0	0	1	2	2	0	0	1	0	0	0	0	0	0	0	1	0	0	0	0	0	1	0	0	0	0
Uniq3346	1	0	1	0	1	0	1	1	1	0	0	1	0	0	0	0	0	4	0	0	1	0	0	0	1	0	0	0	0	0	0	0	0	0	0	0	0	0	0	0	0	0	0	0	0	0	1	0
Uniq2545	0	0	0	0	0	0	0	0	0	0	2	0	4	1	2	1	0	0	1	4	1	0	2	2	1	0	0	0	0	0	0	0	0	0	0	0	1	0	0	0	0	0	0	1	0	0	0	0
Uniq1975	0	0	0	0	0	0	0	0	0	0	0	0	0	0	0	0	0	0	0	0	0	0	0	0	0	0	0	0	0	0	0	0	0	0	0	0	0	0	0	0	0	0	0	0	0	0	0	0
Uniq3381	1	0	1	0	0	0	0	1	2	1	0	1	0	0	0	0	3	0	0	0	0	0	0	0	3	1	1	0	1	0	1	0	0	0	0	1	0	0	0	0	0	1	0	1	0	1	0	0
Uniq1682	2	0	2	0	2	0	2	2	2	1	0	1	0	1	0	1	1	1	1	0	0	0	0	0	0	1	0	1	0	1	0	1	0	2	0	1	0	1	0	1	0	0	0	1	0	1	0	1
Uniq2081	0	0	0	0	0	0	0	0	0	1	0	16	0	2	0	0	1	1	1	0	1	0	1	0	1	1	1	0	0	0	0	0	0	0	0	0	0	0	0	0	0	0	0	0	0	0	0	0
Uniq352	1	0	3	0	1	0	1	1	1	34	4	17	2	76	5	12	8	16	9	1	3	1	4	3	9	12	10	2	0	1	1	0	2	1	0	5	0	2	0	0	0	1	0	2	0	1	0	1
Uniq2363	0	0	1	0	1	1	1	0	0	0	0	0	0	0	0	0	0	0	2	0	0	0	0	0	1	1	2	0	2	0	1	0	2	0	0	0	1	0	0	0	0	1	0	0	0	0	0	1
Uniq1357	4	0	4	0	5	0	5	4	4	0	0	0	0	1	0	2	1	1	1	0	0	0	0	0	1	0	0	5	0	2	0	5	0	2	0	3	0	3	0	2	0	1	0	2	0	2	3	3
Uniq2064	1	1	0	0	0	1	0	2	1	2	3	0	0	0	0	0	1	0	0	0	1	0	0	0	0	1	0	0	0	1	0	1	0	0	0	0	0	0	0	0	0	1	0	0	0	0	0	1
Uniq1887	1	0	3	0	2	0	1	2	1	0	0	0	0	0	0	0	1	0	0	0	0	0	0	0	0	0	0	3	0	3	0	3	0	2	0	2	0	3	0	1	0	1	0	1	0	0	1	1
Uniq4159	0	0	0	0	0	0	0	0	0	12	0	30	0	2	0	0	7	3	4	0	2	0	0	0	5	0	1	0	0	0	0	0	0	0	0	0	0	0	0	0	0	0	0	0	0	1	1	0
Uniq1780	0	6	0	7	0	9	0	0	0	0	1	0	0	0	3	0	0	0	0	0	0	0	0	0	0	0	0	0	3	0	6	0	3	0	3	0	2	0	3	0	0	1	0	0	0	0	0	0
Uniq1773	1	0	3	0	1	0	0	1	1	0	0	1	0	1	0	1	0	2	1	0	0	0	0	0	0	0	0	1	0	1	0	1	0	1	0	0	0	0	0	0	0	0	0	0	0	0	0	1
Uniq1971	0	16	0	10	0	14	0	0	0	0	2	0	0	0	4	0	0	0	0	0	0	0	0	0	0	0	0	0	14	0	16	0	8	0	6	0	5	0	3	0	1	0	1	0	0	0	0	0
Uniq3291	0	3	0	6	0	7	0	0	0	0	0	0	0	0	2	0	0	0	0	0	0	0	0	0	0	0	0	0	5	0	6	0	4	0	2	0	2	0	2	0	0	0	0	0	0	0	0	0
Uniq3652	1	1	1	1	0	1	1	1	0	0	1	1	0	0	0	3	0	2	0	0	0	0	0	0	0	0	0	1	1	0	1	0	1	0	0	1	0	1	0	1	0	0	0	0	0	1	1	1
Uniq2194	0	0	1	0	1	0	2	1	0	0	0	0	0	0	0	0	0	0	0	0	0	0	0	0	0	0	0	2	0	1	0	1	0	2	0	1	0	2	0	1	0	0	0	0	0	1	1	0
Uniq125	0	0	5	0	0	0	3	0	4	4	0	0	0	0	0	0	0	0	0	0	0	0	0	0	1	6	4	0	0	0	0	0	0	0	47	2	81	0	70	2	35	0	26	0	40	0	0	2
Uniq2644	1	0	4	0	4	0	3	4	4	0	0	1	0	0	0	1	1	0	1	0	0	0	0	0	0	0	0	3	0	2	0	3	0	3	0	2	0	4	0	1	0	1	0	1	0	1	1	2
Uniq1738	0	0	0	0	0	0	2	0	0	0	0	2	0	0	0	0	2	0	0	0	0	0	0	0	2	0	0	0	0	0	0	0	0	0	0	0	0	0	0	0	0	6	0	2	0	0	0	0
Uniq3371	1	0	3	0	5	0	5	3	1	3	0	1	0	1	0	2	0	1	1	0	0	0	0	0	0	0	1	2	0	2	0	0	0	1	0	2	0	0	0	1	0	1	0	2	0	0	1	2
Uniq1689	0	0	0	0	0	0	0	0	0	0	0	0	0	0	0	0	0	0	0	0	0	0	0	0	0	0	0	0	0	0	0	0	0	0	0	0	0	0	0	0	0	0	0	0	0	0	0	0
Uniq1422	1	0	3	0	5	0	1	3	1	2	0	1	0	1	0	1	1	1	1	0	1	0	0	0	1	0	1	1	0	1	0	1	0	1	0	0	0	2	0	1	0	0	0	1	0	1	0	2
Uniq2230	2	0	1	0	1	0	0	1	1	0	1	0	0	0	0	0	2	0	1	0	0	0	0	0	0	0	0	1	0	1	0	1	0	1	0	1	0	1	0	1	0	2	0	0	0	0	0	1
Uniq1815	0	0	0	0	0	0	0	1	1	0	0	0	0	0	0	0	0	0	0	0	0	0	0	0	0	0	0	0	0	0	0	0	0	0	0	0	0	0	0	0	0	0	0	0	0	0	0	1
Uniq904	0	0	2	0	2	0	4	1	0	0	0	5	0	1	0	0	5	0	0	0	1	0	0	0	3	1	0	0	0	0	0	0	0	0	0	0	0	0	0	1	0	19	0	6	0	1	1	1
Uniq1560	1	0	0	0	0	0	0	0	0	3	0	0	0	3	0	0	1	1	0	0	0	0	1	0	2	0	1	2	0	2	0	3	0	3	0	2	0	3	0	0	0	0	0	0	0	0	0	0
Uniq2819	2	0	2	0	1	0	2	2	2	0	0	0	0	0	0	0	0	0	0	0	1	0	0	0	1	0	0	3	0	3	0	4	0	2	0	2	0	4	0	0	0	1	0	1	0	1	2	2
Uniq2409	0	0	0	0	1	0	0	1	1	0	0	1	0	0	0	0	0	0	0	0	0	0	0	0	0	0	0	2	0	2	0	1	0	1	0	1	0	1	0	0	0	0	0	0	0	0	0	0
Uniq4108	1	0	1	0	1	0	0	0	0	8	0	0	0	1	0	0	4	3	0	0	1	0	2	0	2	1	0	0	0	0	0	0	0	0	0	0	0	0	0	0	0	0	0	1	0	1	0	0
Uniq2037	1	0	1	0	1	0	1	1	2	1	0	0	0	0	0	2	1	2	0	0	0	0	0	0	0	1	0	1	0	1	0	1	0	1	0	1	0	1	0	1	0	1	0	1	0	0	1	1
Uniq1601	2	0	2	0	2	0	1	1	1	1	0	1	0	1	0	1	1	2	1	0	0	0	0	0	0	1	0	1	0	2	0	1	0	0	0	0	0	1	0	1	0	0	0	1	0	1	1	1
Uniq4008	1	0	1	0	0	0	0	0	1	0	0	0	0	0	0	0	0	0	0	0	0	0	0	0	0	0	0	0	0	1	0	2	0	1	0	1	0	1	0	0	0	0	0	0	0	0	0	0
Uniq1974	1	1	2	0	0	1	1	2	1	0	2	0	0	0	0	0	2	0	1	0	1	0	0	0	0	0	0	0	0	2	0	1	0	1	0	0	0	1	0	0	0	1	0	0	0	1	0	0
Uniq1414	4	0	2	0	4	0	2	3	2	2	0	1	0	1	0	3	2	1	0	0	1	0	0	0	1	0	1	3	0	4	0	1	0	2	0	1	0	1	0	2	0	1	0	1	0	0	1	3
Uniq911	1	0	1	0	0	0	1	1	2	7	0	1	0	7	0	3	2	6	1	0	2	0	3	0	4	2	2	6	0	6	0	9	0	9	0	8	0	10	0	0	0	0	0	0	0	0	1	0
Uniq3138	0	0	1	0	0	0	0	0	0	0	0	0	0	0	0	0	0	0	0	0	0	0	0	0	0	0	0	0	0	0	0	1	0	0	0	0	0	0	0	0	0	0	0	0	0	0	0	0
Uniq305	1	0	4	0	3	0	0	4	7	26	0	144	0	67	0	146	17	42	19	0	5	0	5	1	25	10	26	1	0	1	0	0	0	0	0	6	0	4	0	1	0	2	0	14	0	5	2	2
Uniq1640	1	0	1	1	1	1	3	0	1	0	1	1	0	1	1	0	2	1	0	0	0	0	0	0	0	1	2	0	4	1	2	0	2	0	0	0	1	0	0	0	1	1	1	0	0	0	0	1
Uniq4283	1	0	2	0	0	0	1	0	1	0	0	0	0	0	0	0	0	0	0	0	0	0	0	0	0	0	0	0	0	0	0	1	0	1	0	1	0	1	0	0	0	0	0	0	0	0	0	0
Uniq2124	0	0	0	0	0	0	0	1	0	2	0	0	0	2	0	1	1	1	0	0	0	0	0	0	1	0	1	1	0	1	0	1	0	1	0	2	0	3	0	0	0	0	0	0	0	0	0	0
Uniq2355	1	0	2	0	2	0	1	2	1	2	0	1	0	1	0	1	1	0	0	0	1	0	0	0	0	0	0	1	0	1	0	1	0	1	0	0	0	1	0	1	0	0	0	0	0	0	0	1
Uniq1307	1	1	3	1	1	1	3	1	3	1	0	0	0	1	1	0	3	1	1	0	0	0	0	0	1	1	3	0	5	1	2	0	2	0	1	0	1	0	0	1	0	1	1	0	0	1	2	1
Uniq2264	2	0	1	0	1	0	1	1	1	0	0	0	0	0	0	0	1	0	0	0	0	0	0	0	0	0	0	1	0	1	0	1	0	1	0	1	0	2	0	1	0	1	0	1	0	0	0	1
Uniq1732	0	0	0	0	0	0	0	1	0	4	0	0	0	3	0	1	0	2	0	0	0	0	1	0	1	0	0	1	0	2	0	1	0	4	0	2	0	2	0	0	0	0	0	0	0	0	0	0
Uniq530	0	0	1	0	1	0	0	1	0	2	3	7	2	41	4	3	3	8	6	1	1	0	1	3	4	8	8	1	0	0	1	0	1	0	0	2	0	0	0	0	0	0	0	1	0	0	0	1
Uniq311	1	0	1	0	3	0	1	0	1	12	0	25	0	22	0	11	15	21	10	1	8	0	3	0	9	4	8	2	0	2	0	0	1	1	0	2	0	2	0	0	0	0	0	2	0	1	0	1
Uniq4180	1	0	1	0	1	0	0	1	3	1	0	2	0	0	0	0	4	1	0	0	1	0	1	0	4	1	1	0	2	0	2	0	0	0	0	0	0	1	0	0	0	1	0	1	0	1	1	1
Uniq4343	1	1	3	0	1	4	1	2	1	1	4	1	2	1	1	1	2	2	1	0	0	1	0	0	0	0	0	0	0	0	1	0	1	0	1	0	1	0	0	1	0	1	0	1	0	1	1	1
Uniq2400	2	0	2	0	2	0	2	1	2	0	0	0	0	0	0	0	1	0	0	0	0	0	0	0	0	0	0	1	0	1	0	2	0	1	0	1	0	1	0	0	0	0	0	0	0	1	0	0
Uniq1428	1	0	0	0	1	0	3	0	1	0	0	0	0	1	0	0	1	0	2	0	1	1	0	0	1	2	3	0	4	0	2	0	3	1	0	0	1	0	0	1	0	1	0	0	0	1	0	2
Uniq1493	1	1	0	2	1	2	3	1	1	0	1	0	0	0	1	0	3	0	1	0	0	0	0	0	1	1	2	1	6	1	3	0	2	0	1	0	1	0	0	1	1	1	1	0	0	0	1	1
Uniq1196	0	0	0	0	0	0	0	0	0	0	0	0	0	0	0	0	0	0	0	0	0	0	0	0	0	0	0	0	0	0	0	0	0	0	0	0	0	0	0	0	0	0	0	0	0	0	0	0
Uniq952	0	0	2	0	0	0	0	0	1	12	2	7	1	34	2	6	4	5	3	0	1	0	3	2	3	3	4	1	1	0	2	0	2	0	0	3	0	1	0	0	0	1	0	1	0	1	0	1
Uniq1883	0	0	2	0	1	0	2	2	1	1	0	0	0	0	0	0	1	2	1	0	0	0	0	0	0	0	0	1	0	1	0	1	0	1	0	1	0	1	0	1	0	0	0	1	0	0	0	1
Uniq1588	1	0	1	0	1	0	0	1	0	0	0	0	0	0	0	1	0	1	0	0	0	0	0	0	0	0	0	0	0	0	0	1	0	1	0	0	0	1	0	1	0	0	0	1	0	1	0	1
Uniq1745	2	0	4	0	2	0	3	2	2	0	0	0	0	0	0	0	1	0	0	0	1	0	0	0	0	0	0	4	0	2	0	3	0	2	0	2	0	3	0	2	0	1	0	1	0	2	1	2
Uniq1620	0	0	0	0	1	0	2	0	0	0	0	3	0	0	0	0	3	0	0	0	0	0	0	0	2	0	0	0	0	0	0	0	0	0	0	0	0	0	0	0	0	9	0	4	0	0	0	1
Uniq3725	3	1	6	1	7	2	4	4	3	2	0	1	0	2	0	3	2	2	1	0	1	0	1	0	0	0	1	2	2	3	1	2	2	2	0	3	0	3	0	3	0	2	0	2	0	2	2	3
Uniq3216	1	0	1	0	1	0	0	1	1	0	0	0	0	0	0	1	1	0	0	0	0	0	0	0	0	0	0	2	0	1	0	2	0	1	0	1	0	2	0	1	0	0	0	1	0	1	1	1
Uniq4469	0	0	1	0	2	0	0	1	0	0	0	0	0	1	0	1	0	0	0	0	0	0	0	0	0	0	0	0	0	1	0	0	0	1	0	0	0	1	0	0	0	0	0	0	0	0	0	0
Uniq3757	0	0	0	0	0	0	0	0	0	1	0	0	0	3	0	0	1	1	0	0	0	0	1	0	1	0	1	1	0	2	0	3	0	4	0	4	0	3	0	0	0	0	0	0	0	0	0	0
Uniq2198	1	0	3	0	2	0	2	3	2	0	0	0	0	1	0	1	1	0	0	0	0	0	0	0	1	0	0	1	0	1	0	2	0	1	0	2	0	3	0	1	0	1	0	1	0	1	1	1
Uniq3118	1	0	0	0	0	0	0	0	0	0	0	0	0	0	0	0	1	0	5	0	1	0	0	0	0	0	0	1	0	1	0	0	0	1	0	0	0	0	0	0	0	0	0	0	0	0	0	0
Uniq3514	0	0	0	0	0	0	0	0	0	4	0	2	0	1	0	0	5	3	0	0	0	0	1	0	0	0	0	0	0	0	0	0	0	0	0	0	0	0	0	0	0	0	0	0	0	0	0	0
Uniq917	0	0	0	0	0	0	0	0	0	0	0	0	0	0	0	0	0	0	0	0	0	0	0	0	0	0	0	0	0	0	0	0	0	0	0	0	0	0	0	0	0	0	0	0	0	0	0	0
Uniq4067	1	0	1	0	1	0	0	0	3	1	0	2	0	0	0	0	5	2	0	0	1	0	1	0	4	2	1	0	2	0	2	1	0	0	0	2	0	1	0	0	0	2	0	1	0	0	0	0
Uniq2575	0	0	0	0	0	0	0	0	0	1	0	18	0	3	0	1	0	2	1	0	2	0	1	0	1	1	1	0	0	0	0	0	0	0	0	0	0	0	0	0	0	0	0	0	0	0	0	0
Uniq3481	0	0	0	0	1	0	0	0	1	0	0	0	0	0	0	0	0	0	0	0	0	0	0	0	0	0	0	0	0	1	0	1	0	1	0	0	0	0	0	0	0	0	0	0	0	0	1	0
Uniq3607	2	0	2	0	2	0	3	3	2	3	0	1	0	1	0	1	1	1	1	0	0	0	0	0	0	0	0	2	0	1	0	0	0	1	0	0	0	1	0	2	0	2	0	1	0	1	1	3
Uniq1895	1	0	0	1	0	1	2	0	1	0	1	0	0	0	1	0	1	0	0	0	0	0	0	0	1	1	1	0	4	0	1	0	2	0	0	0	0	0	0	1	1	1	1	0	0	0	0	1
Uniq2259	2	0	2	0	1	0	1	1	2	0	0	0	0	0	0	0	1	1	0	0	0	0	0	0	0	0	0	1	0	1	0	1	0	1	0	0	0	2	0	0	0	0	0	0	0	0	0	1
Uniq3488	0	0	0	0	0	0	0	0	0	0	0	0	0	0	0	0	0	0	0	0	0	0	0	0	0	0	0	0	0	0	0	0	0	0	0	0	0	0	0	0	0	0	0	0	0	0	0	0
Uniq2353	0	0	0	0	0	0	0	0	1	7	0	0	0	1	0	0	1	2	0	0	1	0	1	0	1	1	0	0	0	0	0	0	0	0	0	0	0	0	0	0	0	0	0	1	0	0	0	0
Uniq2517	1	0	2	0	2	0	2	1	3	0	0	0	0	0	0	0	0	0	0	0	0	0	0	0	0	0	0	2	0	1	0	3	0	1	0	1	0	2	0	1	0	0	0	0	0	1	0	1
Uniq4360	1	1	1	0	1	0	0	1	3	1	1	3	0	0	0	1	3	1	0	0	1	0	0	0	3	1	2	0	3	0	1	0	0	0	0	1	0	0	0	1	0	1	0	1	0	1	0	1
Uniq2744	0	5	0	6	0	7	0	0	0	0	1	0	0	0	1	0	0	0	0	0	0	0	0	0	0	0	0	0	3	0	4	0	4	0	3	0	1	0	1	0	0	0	0	0	0	0	0	0
Uniq559	4	0	5	0	9	0	6	5	4	5	0	3	0	4	0	7	7	6	2	0	3	0	1	0	2	2	3	4	0	8	0	4	0	8	0	5	0	7	0	4	0	2	0	2	0	2	2	6
Uniq4109	0	1	0	1	0	2	0	0	0	0	0	0	0	0	0	0	0	0	0	0	0	0	0	0	0	0	0	0	2	0	1	0	0	0	0	0	0	0	0	1	0	0	0	0	0	0	0	0
Uniq2041	1	0	2	0	1	0	0	1	0	1	0	0	0	0	0	0	0	0	0	0	0	0	0	0	1	0	0	3	0	3	0	3	0	3	0	3	0	4	0	1	0	1	0	0	0	0	0	1
Uniq567	1	0	2	0	3	0	0	1	1	25	6	15	4	64	6	10	8	13	8	1	2	2	3	5	9	12	9	0	0	0	2	0	2	0	0	2	0	1	0	0	0	0	0	3	0	1	0	0
Uniq1725	1	0	1	0	1	0	2	1	1	2	0	0	0	1	0	0	2	2	0	0	1	0	0	0	1	2	3	0	0	0	0	0	0	1	0	0	0	1	0	1	0	2	0	1	0	3	1	1
Uniq958	0	0	1	0	2	0	3	1	0	0	0	5	0	0	0	0	5	0	0	0	1	0	0	0	5	0	0	0	0	0	0	0	0	0	0	1	0	0	0	1	0	15	0	6	0	0	0	0
Uniq3945	0	0	0	0	0	0	0	0	0	0	0	0	0	0	0	0	0	0	0	0	0	0	0	0	0	0	0	0	0	0	0	0	0	0	0	0	0	0	0	0	0	0	0	0	0	0	0	0
Uniq4193	0	0	0	1	1	0	1	0	0	0	3	0	6	1	1	0	0	3	5	7	3	1	5	0	2	8	4	0	2	0	1	0	0	0	4	0	0	0	2	0	0	0	0	1	1	0	0	0
Uniq3900	1	0	1	0	0	0	0	0	0	1	0	0	0	0	0	0	3	1	0	0	0	0	0	0	0	0	0	0	0	0	0	0	0	0	0	0	0	0	0	0	0	0	0	0	0	0	0	1
Uniq3411	0	0	0	0	0	0	0	0	0	0	0	0	0	0	0	0	1	0	4	0	0	0	0	0	0	0	0	1	0	1	0	0	0	0	0	1	0	1	0	0	0	0	0	0	0	0	0	0
Uniq1418	1	1	2	1	1	1	3	1	1	0	0	0	1	0	0	0	2	0	0	0	0	0	0	0	0	1	1	1	5	0	2	0	2	0	1	0	0	0	0	1	0	1	1	0	0	1	0	0
Uniq3165	0	0	0	0	0	0	0	0	0	0	0	0	0	0	0	0	2	0	5	0	0	0	0	0	0	0	0	1	0	2	0	1	0	1	0	1	0	1	0	0	0	0	0	1	0	0	0	0
Uniq2423	0	0	3	0	1	0	2	1	2	0	0	0	0	0	0	0	1	0	0	0	0	0	0	0	0	0	0	2	0	2	0	4	0	3	0	4	0	3	0	1	0	1	0	1	0	0	0	1
Uniq2485	1	0	3	0	3	0	1	3	1	1	0	0	0	1	0	1	1	0	0	0	0	0	0	0	0	1	0	2	0	1	0	1	0	1	0	1	0	1	0	0	0	0	0	1	0	1	1	3
Uniq4414	0	0	0	1	0	0	1	0	0	1	0	0	0	0	0	0	0	0	0	0	1	0	0	0	0	0	0	0	3	0	1	0	2	0	1	0	1	0	0	0	1	0	1	0	1	0	0	0
Uniq2189	0	0	0	0	0	0	0	0	0	0	0	0	0	0	0	0	0	0	0	0	0	0	0	0	0	0	0	0	0	0	0	0	0	0	0	0	0	0	0	0	0	0	0	0	0	0	0	0
Uniq3159	2	0	1	0	1	0	1	3	0	1	1	0	0	0	0	0	1	0	0	0	0	0	1	0	0	0	0	0	0	1	0	1	0	1	0	0	0	0	0	0	0	1	0	0	0	0	0	1
Uniq2167	0	0	0	0	0	0	0	0	0	0	0	0	0	0	0	0	0	0	0	0	0	0	0	0	0	0	0	0	0	0	0	0	0	0	0	0	0	0	0	0	0	0	0	0	0	0	0	0
Uniq4044	1	0	1	0	1	0	0	1	0	0	0	0	0	0	0	0	0	0	0	0	0	0	0	0	0	0	0	0	0	1	0	0	0	1	0	0	0	1	0	0	0	0	0	0	0	0	0	0
Uniq2682	0	0	1	0	1	0	1	1	2	1	0	0	0	0	0	1	1	0	1	0	0	0	0	0	0	0	0	0	0	0	0	0	0	1	0	1	0	0	0	0	0	0	0	0	0	0	0	1
Uniq2932	2	0	1	0	2	0	0	1	3	0	0	0	0	0	0	0	1	0	0	0	0	0	0	0	0	0	0	1	0	1	0	1	0	1	0	0	0	1	0	1	0	1	0	1	0	0	0	1
Uniq2226	0	1	1	2	2	2	1	1	1	1	1	0	0	0	0	0	2	1	1	0	0	0	0	0	1	2	2	0	6	0	2	0	2	1	0	0	0	0	1	2	1	2	2	0	1	1	0	1
Uniq1999	2	0	2	0	2	0	1	2	1	0	0	1	0	0	0	0	1	0	0	0	0	0	0	0	0	0	0	2	0	1	0	4	0	2	0	3	0	3	0	1	0	1	0	1	0	0	0	1
Uniq3475	1	0	1	0	1	0	0	1	0	0	0	0	0	0	0	1	0	0	0	0	0	0	0	0	0	0	0	0	0	1	0	1	0	1	0	1	0	1	0	0	0	0	0	0	0	0	0	0
Uniq1651	1	0	2	0	2	0	1	1	1	1	0	0	0	1	0	2	1	1	1	0	0	0	0	0	0	1	0	1	0	1	0	3	0	1	0	0	0	1	0	0	0	0	0	1	0	0	1	1
Uniq972	0	0	0	0	0	0	0	0	0	0	0	0	0	0	0	0	0	0	0	0	0	0	0	0	0	0	0	0	0	0	0	0	0	0	0	0	0	1	0	0	0	0	0	0	0	0	0	0
Uniq1012	1	0	1	0	1	0	0	1	3	6	0	40	0	17	0	44	6	14	6	0	1	0	2	0	6	3	7	1	0	0	0	0	0	0	0	1	0	1	0	1	0	1	0	3	0	2	0	0
Uniq1185	2	2	0	2	1	1	3	1	1	0	0	0	0	1	1	0	3	0	1	0	0	0	0	0	1	1	2	1	5	0	2	1	2	1	1	0	1	0	0	0	1	2	1	0	0	0	2	1
Uniq757	1	0	0	0	1	0	0	1	0	0	0	0	0	0	0	0	0	1	0	0	0	0	0	0	0	0	0	0	0	0	0	0	0	0	0	0	0	1	0	1	0	0	0	0	0	0	0	1
Uniq1253	0	0	1	0	1	0	2	1	0	0	0	3	0	1	0	0	2	0	0	0	1	0	0	0	1	1	0	0	0	0	0	0	0	0	0	0	0	0	0	0	0	13	0	4	0	1	0	1
Uniq2095	1	0	0	0	1	0	1	0	0	0	0	0	0	0	0	0	2	1	1	0	1	0	0	0	0	1	2	1	0	0	0	0	0	1	0	1	0	0	0	2	0	1	0	1	0	1	1	0
Uniq4478	0	0	0	0	2	0	0	1	0	0	0	0	0	0	0	0	0	0	0	0	0	0	0	0	0	0	0	0	0	1	0	1	0	1	0	0	0	1	0	0	0	0	0	1	0	0	0	1
Uniq4492	1	1	2	0	5	0	1	2	2	0	0	0	0	0	0	1	0	0	0	0	0	0	0	0	0	0	0	0	2	1	0	1	0	0	0	1	0	1	0	1	0	1	0	1	0	0	1	1
Uniq1759	1	0	2	0	2	0	1	3	1	4	0	1	0	1	0	2	1	2	1	0	0	0	0	0	1	1	0	3	0	2	0	1	0	1	0	1	0	3	0	1	0	1	0	2	0	1	1	2
Uniq2014	0	3	0	2	0	4	0	0	0	0	1	0	0	0	1	0	0	0	0	0	0	0	0	0	0	0	0	0	4	0	6	0	2	0	2	0	1	0	1	0	0	0	0	0	0	0	0	0
Uniq842	0	0	0	0	1	0	0	0	0	1	0	0	0	0	0	0	0	0	0	0	0	0	0	0	0	0	0	0	0	0	0	0	0	1	0	0	0	1	0	0	0	0	0	0	0	0	0	0
Uniq961	0	0	0	0	0	0	0	0	0	0	0	0	0	0	0	0	0	0	0	0	0	0	0	0	0	0	0	0	0	0	0	0	0	0	0	0	0	0	0	0	0	0	0	0	0	0	0	0
Uniq4100	3	0	6	0	3	0	3	4	5	0	0	1	0	0	0	1	1	0	0	0	2	0	1	0	0	0	0	1	0	3	0	3	0	3	0	2	0	3	0	2	0	4	0	4	0	3	2	4
Uniq1713	1	0	0	0	0	0	0	0	0	0	0	0	0	0	0	0	0	0	0	0	0	0	0	0	0	0	0	0	0	0	0	0	0	0	0	0	0	0	0	0	0	0	0	0	0	0	0	1
Uniq1328	0	6	1	10	3	6	4	2	2	1	2	0	1	1	4	0	1	2	0	0	1	1	0	1	1	3	3	0	23	0	11	1	11	1	3	0	2	0	2	2	2	2	5	1	2	0	3	6
Uniq936	2	0	4	0	3	0	6	3	3	0	0	0	0	0	0	1	1	1	1	0	0	0	0	0	0	0	0	3	0	4	0	5	0	3	0	4	0	4	0	1	0	2	0	2	0	2	1	4
Uniq1629	0	0	0	0	1	0	0	0	0	0	0	0	0	0	0	0	0	0	0	0	0	0	0	0	0	0	0	0	0	0	0	0	0	0	0	0	0	0	0	0	0	0	0	0	0	0	0	0
Uniq1989	0	0	0	0	0	0	1	1	0	0	0	0	0	0	0	1	0	0	0	0	0	0	0	0	0	0	0	0	0	0	0	0	0	1	0	0	0	0	0	0	0	0	0	0	0	0	0	0
Uniq389	0	0	0	0	0	0	0	0	0	0	0	0	0	0	0	0	0	0	0	0	0	0	0	0	0	0	0	0	0	0	0	0	0	0	0	0	0	0	0	0	0	0	0	0	0	0	0	0
Uniq2061	0	0	1	0	1	0	1	0	0	0	0	3	0	0	0	0	3	0	0	0	0	0	0	0	2	0	0	0	0	0	0	0	0	0	0	0	0	0	0	1	0	8	0	4	0	0	0	0
Uniq1350	0	0	1	0	0	0	0	0	0	3	0	0	0	4	0	1	1	2	0	0	0	0	0	0	2	1	0	3	0	4	0	3	0	3	0	2	0	3	0	0	0	0	0	0	0	0	0	0
Uniq3038	0	0	2	0	0	0	1	1	0	0	0	0	0	0	0	0	1	0	0	0	0	0	0	0	0	0	0	0	0	1	0	1	0	1	0	1	0	2	0	0	0	0	0	0	0	1	0	1
Uniq3760	0	3	0	4	0	6	1	0	0	0	1	0	0	0	0	0	0	0	0	0	0	0	0	0	0	0	0	0	2	0	3	0	2	0	1	0	1	0	1	1	1	1	0	0	1	0	1	1
Uniq3613	0	3	0	1	0	2	0	0	0	0	1	0	0	0	1	0	0	0	0	0	0	0	0	0	0	0	0	0	1	0	2	0	1	0	0	0	1	0	0	0	0	0	0	0	0	0	0	0
Uniq2606	1	0	1	0	1	0	0	2	1	0	0	0	0	0	0	0	0	0	0	0	0	0	0	0	0	0	0	2	0	2	0	2	0	1	0	2	0	2	0	0	0	0	0	1	0	0	1	1
Uniq3703	0	0	0	0	0	0	0	0	0	5	0	0	0	0	0	0	1	2	0	0	0	0	1	0	1	0	0	0	0	0	0	0	0	0	0	0	0	0	0	0	0	0	0	0	0	0	0	0
Uniq3232	0	0	0	0	0	0	0	0	0	1	0	0	0	0	0	0	2	2	0	0	0	0	0	0	0	0	0	0	0	0	0	0	0	0	0	0	0	0	0	0	0	0	0	0	0	0	0	0
Uniq933	0	0	0	0	0	0	0	0	0	0	0	0	0	0	0	0	0	0	0	0	0	0	0	0	0	0	0	0	0	0	0	0	0	0	0	0	0	1	0	0	0	0	0	0	0	0	0	0
Uniq467	0	0	0	0	0	0	0	1	1	0	0	0	0	0	0	0	0	0	0	0	0	0	0	0	0	0	0	0	0	0	0	0	0	0	0	0	0	1	0	0	0	0	0	0	0	0	0	0
Uniq1046	3	1	1	2	1	3	6	1	2	1	1	0	1	0	1	0	4	1	1	0	0	0	0	0	2	3	3	1	7	1	5	0	6	0	2	0	1	0	0	2	2	3	1	1	1	1	1	2
Uniq103	0	0	6	0	0	0	7	0	6	5	0	2	0	0	0	0	0	0	0	0	0	0	0	0	1	10	4	0	0	0	0	0	0	0	50	3	90	0	82	1	36	0	28	0	38	0	1	2
Uniq1645	2	1	0	1	1	0	1	1	1	0	1	0	0	0	1	0	1	0	3	0	0	0	0	0	1	1	5	0	3	0	1	0	4	1	0	0	0	0	0	1	0	1	0	0	0	1	0	1
Uniq2930	0	0	0	0	0	0	0	1	0	0	1	0	0	0	0	0	1	0	1	0	0	0	0	0	0	0	0	1	0	1	0	1	0	0	0	0	0	0	0	0	0	0	0	0	0	0	0	1
Uniq63	0	0	15	0	0	0	12	0	10	10	0	2	0	0	0	0	0	0	0	0	1	0	0	0	3	19	10	0	0	0	0	0	0	0	92	5	175	0	156	3	66	0	56	0	73	0	2	7
Uniq793	3	0	4	0	3	0	4	2	3	0	0	0	0	0	0	1	1	1	1	0	1	0	1	0	0	1	0	5	0	4	0	4	0	2	0	3	0	6	0	2	0	2	0	2	0	1	2	3
Uniq1251	0	1	1	2	1	2	4	1	1	0	1	1	0	0	0	0	2	1	0	0	0	0	0	0	1	1	1	0	5	0	3	0	3	1	1	0	0	0	0	1	1	1	0	0	1	1	1	1
Uniq2141	0	0	0	0	1	0	1	1	1	1	0	0	0	0	0	0	2	1	0	0	0	0	0	0	0	1	2	0	0	0	0	0	0	0	0	0	0	0	0	1	0	1	0	0	0	2	1	1
Uniq888	0	0	0	0	1	0	0	0	0	0	0	0	0	0	0	0	0	0	0	0	0	0	0	0	0	0	0	0	0	0	0	0	0	1	0	0	0	0	0	0	0	0	0	0	0	0	0	1
Uniq608	1	0	5	0	3	0	6	3	2	0	0	9	0	2	0	0	10	0	0	0	1	0	0	0	6	1	0	0	0	0	0	0	0	0	0	0	0	0	0	2	0	41	0	11	0	2	0	3
Uniq2160	1	0	2	0	2	0	1	1	0	1	0	0	0	1	0	1	1	1	1	0	0	0	0	0	1	0	0	1	0	1	0	1	0	2	0	1	0	1	0	1	0	0	0	1	0	1	0	3
Uniq2121	1	0	1	0	1	0	1	1	0	0	0	1	0	0	0	0	0	1	0	0	0	0	0	0	0	0	0	1	0	2	0	1	0	0	0	1	0	1	0	0	0	1	0	0	0	1	0	1
Uniq1583	1	0	1	0	0	0	0	0	0	8	0	1	0	2	0	1	6	9	5	0	8	0	7	0	2	5	2	0	0	0	0	0	0	0	0	0	0	0	0	0	0	0	0	0	0	0	0	0
Uniq2422	0	0	0	0	0	0	0	0	0	1	0	6	0	2	0	3	1	2	1	0	0	0	1	0	1	0	0	0	0	0	0	0	0	0	0	0	0	0	0	0	0	0	0	0	0	0	0	0
Uniq3102	0	0	1	0	0	0	1	0	1	1	0	0	0	1	0	0	4	2	0	0	0	0	1	0	0	0	0	0	0	0	0	0	0	0	0	0	0	0	0	0	0	0	0	0	0	0	0	1
Uniq671	0	0	1	0	0	0	0	0	0	10	3	6	2	37	5	5	5	6	4	0	1	0	3	4	4	6	6	1	0	0	1	0	2	0	0	1	0	1	0	0	0	0	0	1	0	0	0	1
Uniq3942	2	2	5	1	1	5	1	4	2	2	7	1	1	2	1	2	9	2	2	0	1	1	1	0	1	0	0	0	0	0	3	0	1	0	2	0	2	0	0	3	0	2	0	4	0	4	2	4
Uniq1423	0	0	0	0	0	0	0	0	0	0	0	0	0	0	0	0	0	0	0	0	0	0	0	0	0	0	0	0	0	0	0	0	0	1	0	0	0	0	0	0	0	0	0	0	0	0	0	0
Uniq384	0	0	1	0	3	0	0	1	1	7	0	19	0	14	0	10	12	18	11	0	7	0	2	0	8	5	6	1	0	3	0	0	1	1	0	2	0	2	0	1	0	1	0	3	0	1	1	1
Uniq3195	0	0	1	0	1	0	1	0	1	0	0	0	0	0	0	0	1	0	1	0	1	0	0	0	0	1	1	0	2	0	0	0	1	0	0	1	0	0	0	0	0	1	0	0	0	0	0	1
Uniq3352	1	0	1	0	1	0	0	1	2	1	1	3	0	0	1	0	4	1	0	0	1	0	0	0	3	1	1	0	2	0	1	0	0	0	0	2	0	1	0	0	0	1	0	0	0	1	0	1
Uniq1707	1	0	0	1	2	0	2	1	2	0	0	0	0	1	0	0	2	0	3	0	1	0	0	0	1	3	6	0	4	0	1	0	3	0	0	1	1	0	1	1	0	2	1	0	0	1	0	2
Uniq2358	0	0	0	0	0	0	0	0	0	0	0	0	0	0	0	0	0	0	0	0	0	0	0	0	0	0	0	0	0	0	0	0	0	0	0	0	0	0	0	0	0	0	0	0	0	0	0	0
Uniq2700	1	0	1	0	1	0	2	1	1	0	0	0	0	1	0	1	1	1	0	0	0	0	0	0	0	1	2	0	0	0	0	0	0	1	0	0	0	0	0	1	0	1	0	0	0	2	1	1
Uniq2654	0	1	0	0	0	0	1	0	0	0	0	0	0	0	0	0	1	0	1	0	0	0	0	0	0	0	2	0	3	0	0	0	2	0	0	0	0	0	0	0	0	0	0	0	0	0	0	0
Uniq1906	1	1	0	0	1	0	1	0	1	0	0	0	0	0	0	0	1	0	1	0	1	0	0	0	0	2	4	0	2	0	0	0	1	0	0	0	0	0	0	0	0	1	0	0	0	0	0	1
Uniq3198	0	0	0	0	0	0	0	0	1	1	0	8	0	1	0	0	0	1	1	0	1	0	0	0	0	0	0	0	0	0	0	0	0	0	0	0	0	0	0	0	0	0	0	0	0	0	0	0
Uniq572	0	0	1	0	2	0	0	1	2	9	0	17	0	16	0	12	11	16	10	1	3	0	1	0	6	3	7	1	0	2	0	0	0	0	0	1	0	2	0	0	0	1	0	2	0	1	0	1
Uniq552	0	0	0	0	0	0	0	0	0	0	0	0	0	0	0	0	0	0	0	0	0	0	0	0	0	0	0	0	0	0	0	0	0	0	0	0	0	0	0	0	0	0	0	0	0	0	0	0
Uniq2929	0	0	1	0	0	0	0	0	0	2	0	1	0	1	0	0	1	3	0	0	2	0	1	0	2	2	0	0	0	0	0	0	0	0	0	0	0	0	0	0	0	0	0	0	0	0	0	0
Uniq1708	1	0	1	1	1	1	3	1	0	0	0	0	0	1	0	0	3	1	0	0	0	0	0	0	2	1	2	0	5	1	4	0	3	0	1	0	1	1	0	1	1	3	1	0	0	1	1	2
Uniq2962	0	0	0	0	0	0	1	0	0	2	0	0	0	2	0	0	0	1	0	0	0	0	0	0	1	0	0	3	0	1	0	2	0	2	0	2	0	3	0	0	0	0	0	0	0	0	0	0
Uniq3491	1	0	0	0	0	0	0	1	1	0	0	2	0	2	1	1	4	7	5	0	4	0	8	0	4	2	0	0	1	0	0	2	0	1	0	1	0	2	0	1	0	2	0	3	0	4	2	0
Uniq2205	0	0	0	0	0	0	1	0	0	0	0	0	0	0	0	0	0	0	0	0	0	0	0	0	0	0	0	0	0	0	0	0	0	0	0	1	0	0	0	0	0	0	0	1	0	0	0	0
Uniq1768	0	0	0	0	0	0	1	1	0	0	0	0	0	0	0	0	0	0	0	0	0	0	0	0	0	0	0	0	0	0	0	1	0	1	0	0	0	1	0	0	0	0	0	1	0	0	0	0
Uniq121	0	0	8	0	0	0	8	0	5	8	0	2	0	0	0	0	0	0	0	0	0	0	0	0	2	12	5	0	0	0	0	0	0	0	44	2	96	0	83	2	35	0	31	0	37	0	1	4
Uniq2231	0	0	0	0	0	0	1	1	0	0	0	0	0	0	0	0	0	0	0	0	0	0	0	0	0	0	0	0	0	1	0	1	0	1	0	1	0	0	0	0	0	0	0	0	0	0	0	0
Uniq2603	0	4	0	4	0	6	0	0	0	0	1	0	0	0	1	0	0	0	0	0	0	0	0	0	0	0	0	0	4	0	4	0	2	0	2	0	1	0	2	0	0	0	0	0	0	0	0	1
Uniq3625	0	0	2	0	0	0	1	0	0	1	0	0	0	1	0	0	0	0	0	0	0	0	0	0	0	1	0	4	0	2	0	2	0	3	0	2	0	3	0	1	0	1	0	0	0	0	0	1
Uniq918	1	0	0	0	0	0	1	2	1	6	0	1	0	7	1	2	2	3	1	0	1	0	1	0	4	2	2	5	0	7	0	8	0	5	0	6	0	6	0	0	0	0	0	0	0	0	0	0
Uniq3754	1	0	4	0	1	0	1	2	1	0	0	1	0	0	0	1	1	3	0	0	0	1	0	0	2	2	0	0	0	0	0	0	0	0	0	0	0	0	0	0	0	0	0	0	0	0	1	0
Uniq980	0	0	1	0	0	0	1	1	0	0	0	0	0	0	0	1	0	0	0	0	0	0	0	0	0	0	0	1	0	1	0	1	0	1	0	1	0	1	0	1	0	0	0	0	0	0	0	0
Uniq2920	0	0	0	0	0	0	0	0	0	0	0	0	0	0	0	0	1	0	5	0	0	0	0	0	0	1	0	2	0	2	0	1	0	1	0	1	0	0	0	0	0	0	0	0	0	1	0	0
Uniq3125	0	0	0	0	0	0	1	1	1	4	0	1	0	7	0	1	2	3	1	0	0	0	2	0	2	2	2	6	0	5	0	12	0	10	0	8	0	8	0	1	0	0	0	1	0	0	0	0
Uniq578	0	0	0	0	0	0	0	0	0	0	0	0	0	0	0	0	0	0	0	0	0	0	0	0	0	0	0	0	0	0	0	0	0	0	0	0	0	0	0	0	0	0	0	0	0	0	0	0
Uniq1029	0	0	0	0	0	0	0	1	0	0	0	0	0	0	0	0	0	0	0	0	0	0	0	0	0	0	0	0	0	0	0	1	0	0	0	0	0	0	0	0	0	0	0	0	0	0	0	0
Uniq4257	0	1	1	1	1	1	1	1	1	0	0	1	0	0	1	2	0	1	0	0	0	0	0	0	0	0	0	0	1	0	2	0	1	0	0	1	0	0	0	1	0	0	0	1	0	0	0	1
Uniq1612	0	0	0	0	0	0	0	1	0	4	0	0	0	5	0	1	1	3	0	0	0	0	1	0	1	1	1	3	0	4	0	3	0	5	0	4	0	4	0	0	0	0	0	0	0	0	0	0
Uniq1966	0	9	1	8	0	10	0	0	0	0	1	1	0	1	2	0	1	0	0	0	0	0	0	0	1	1	0	0	5	0	9	0	3	0	3	0	2	0	1	1	0	2	0	1	0	1	2	1
Uniq2653	0	0	0	0	1	0	0	0	0	0	0	0	0	0	0	0	0	0	0	0	0	0	0	0	0	0	0	1	0	1	0	2	0	1	0	2	0	2	0	0	0	0	0	0	0	0	0	1
Uniq1857	1	0	3	0	1	0	2	3	2	0	0	0	0	0	0	1	1	0	1	0	0	0	0	0	0	0	0	4	0	1	0	3	0	2	0	1	0	2	0	1	0	1	0	2	0	1	1	1
Uniq4160	0	1	0	3	0	2	0	0	0	0	1	0	1	0	1	0	0	0	0	0	0	0	0	0	0	0	0	0	6	0	3	0	2	0	0	0	0	0	0	0	0	0	1	0	0	0	1	1
Uniq2499	0	6	0	3	0	4	0	1	0	0	1	0	0	0	2	0	0	0	0	0	0	0	0	0	0	0	0	0	4	0	3	0	2	0	1	0	1	0	1	1	0	1	0	1	0	0	0	1
Uniq1031	0	0	0	0	0	0	0	0	0	0	0	0	0	0	0	0	0	0	0	0	0	0	0	0	0	0	0	0	0	0	0	0	0	0	0	0	0	0	0	0	0	0	0	0	0	0	0	0
Uniq4242	0	0	0	0	0	0	0	0	0	0	0	0	0	0	0	0	0	0	0	0	0	0	0	0	0	0	0	0	0	0	0	0	0	0	0	0	0	0	0	0	0	0	0	0	0	0	0	0
Uniq2678	1	0	0	0	1	0	0	0	1	0	0	1	0	0	0	0	2	0	5	0	0	0	0	0	0	0	0	2	0	2	0	1	0	2	0	1	0	1	0	0	0	0	0	0	0	0	0	1
Uniq2190	0	0	1	1	0	0	1	0	0	0	4	0	4	0	3	1	0	1	1	2	1	0	2	2	1	0	0	0	0	0	0	0	0	0	1	0	0	0	0	0	0	0	0	1	0	0	0	0
Uniq414	0	0	0	0	0	0	0	0	0	0	0	0	0	0	0	0	0	0	0	0	0	0	0	0	0	0	0	0	0	0	0	0	0	0	0	0	0	0	0	0	0	0	0	0	0	0	0	0
Uniq905	0	0	0	0	1	0	0	0	0	0	0	4	0	24	0	1	1	1	1	0	0	0	1	1	5	3	3	0	0	0	0	0	0	0	0	1	0	0	0	0	0	1	0	0	0	0	0	1
Uniq1018	0	0	0	0	1	0	0	0	0	2	0	26	0	5	0	3	0	5	2	0	3	0	1	0	2	1	2	0	0	0	0	0	0	0	0	1	0	0	0	0	0	0	0	1	0	0	1	0
Uniq3986	0	0	0	0	1	0	0	0	0	0	0	0	0	0	0	0	1	0	4	0	1	0	0	0	0	0	0	1	0	1	0	0	0	1	0	2	0	1	0	1	0	0	0	0	0	0	0	0
Uniq2918	0	0	0	1	0	0	1	0	0	0	3	0	3	0	3	1	0	1	1	2	0	0	1	1	0	0	0	0	0	0	0	0	0	0	0	0	0	0	0	0	0	0	0	1	0	0	0	0
Uniq1516	0	0	1	0	0	0	0	1	1	10	0	0	0	2	0	1	5	4	0	0	2	0	2	0	3	1	0	0	0	0	0	0	0	0	0	0	0	0	0	0	0	2	0	2	0	1	0	0
Uniq1681	0	0	0	0	0	0	0	0	0	8	0	5	0	4	0	1	9	7	1	0	1	0	2	0	1	1	0	0	0	0	0	0	0	0	0	0	0	0	0	0	0	0	0	0	0	0	0	0
Uniq1415	1	1	1	2	2	2	2	1	1	0	0	0	0	1	1	0	2	0	0	0	0	1	0	0	1	1	2	1	7	1	2	0	3	0	1	0	1	0	1	0	1	1	1	0	1	1	1	1
Uniq2463	1	1	0	0	1	0	1	1	2	0	0	0	0	0	0	0	2	0	3	0	1	0	0	0	2	1	5	0	3	0	0	0	2	1	0	0	0	0	0	1	0	1	0	0	0	1	1	2
Uniq2667	1	0	0	0	0	0	0	0	0	0	0	0	0	0	0	0	0	0	0	0	0	0	0	0	0	0	0	0	0	0	0	0	0	1	0	0	0	1	0	0	0	0	0	0	0	0	0	0
Uniq3378	0	0	1	0	1	0	1	1	0	0	0	0	0	0	0	0	0	0	0	0	0	0	0	0	0	0	0	0	0	1	0	0	0	1	0	1	0	1	0	0	0	0	0	0	0	1	1	2
Uniq2051	1	0	3	0	1	0	1	1	0	0	0	0	0	0	0	0	0	0	0	0	0	0	0	0	0	0	0	1	0	0	0	3	0	2	0	2	0	2	0	0	0	0	0	0	0	0	0	1
Uniq2503	0	0	1	0	0	0	1	0	0	0	4	0	4	0	3	1	0	2	1	2	1	0	2	1	0	0	0	0	0	0	0	0	0	0	1	0	0	0	0	0	0	0	0	1	0	0	0	0
Uniq2018	1	0	1	0	0	0	0	0	0	0	0	0	0	0	0	0	0	0	0	0	0	0	0	0	0	0	0	0	0	0	0	1	0	0	0	1	0	1	0	0	0	0	0	0	0	0	0	0
Uniq4345	0	2	5	0	1	5	1	1	2	2	4	1	1	1	1	1	5	1	0	0	0	1	0	0	1	0	0	0	0	0	2	0	1	0	1	0	1	0	1	2	0	1	0	3	0	2	1	2
Uniq1318	0	0	0	0	0	0	0	0	0	0	0	0	0	0	0	0	0	0	0	0	0	0	0	0	0	0	0	0	0	0	0	0	0	0	0	0	0	0	0	0	0	0	0	0	0	0	0	0
Uniq2346	0	1	1	2	0	2	5	2	0	0	1	0	0	0	1	0	2	0	0	0	6	0	0	0	0	0	0	0	15	0	5	0	10	1	3	0	4	0	1	1	3	1	6	0	3	1	0	1
Uniq4103	0	0	0	0	0	0	0	0	0	18	0	2	0	2	0	3	0	2	1	0	0	0	0	0	0	2	1	0	0	1	0	0	0	0	0	0	0	0	0	0	0	0	0	1	0	0	0	0
Uniq2261	0	11	1	16	0	13	0	1	0	0	1	0	0	0	1	1	1	0	0	0	1	1	0	0	0	1	0	0	12	0	10	0	7	0	3	1	3	0	1	2	2	2	1	0	2	1	1	3
Uniq116	0	0	7	0	0	0	8	0	5	5	0	2	0	0	0	0	0	0	0	0	0	0	0	0	1	11	5	0	0	0	0	0	0	0	49	3	83	0	85	1	37	0	29	0	37	0	1	5
Uniq2347	1	0	2	0	1	0	2	2	1	0	0	0	0	0	0	0	0	0	0	0	0	0	0	0	0	0	0	1	0	1	0	3	0	2	0	2	0	2	0	0	0	1	0	1	0	0	0	1
Uniq2402	1	0	6	0	2	0	2	1	2	0	0	1	0	0	0	0	0	4	1	0	0	0	0	0	2	2	0	0	0	0	0	0	0	0	0	0	0	0	0	0	0	0	0	1	0	2	2	0
Uniq4373	0	1	0	1	1	1	1	1	1	0	1	1	0	0	0	1	0	0	0	0	0	0	0	0	0	0	0	0	1	0	1	1	1	0	0	0	0	0	0	0	0	0	0	0	0	0	0	0
Uniq4024	0	0	1	0	0	0	1	0	0	0	0	0	0	0	0	0	0	0	0	0	0	0	0	0	1	0	0	1	0	1	0	2	0	1	0	1	0	1	0	1	0	0	0	0	0	0	0	0
Uniq3107	1	0	1	0	0	0	1	1	0	0	0	0	0	0	0	0	0	0	0	0	0	0	0	0	0	0	0	1	0	0	0	1	0	1	0	1	0	1	0	0	0	0	0	0	0	0	0	0
Uniq919	0	0	1	0	1	0	1	1	0	0	0	5	0	0	0	0	4	0	0	0	1	0	0	0	3	1	0	0	0	0	0	0	0	0	0	0	0	0	0	1	0	16	0	6	0	1	0	2
Uniq2821	1	0	2	0	1	0	1	3	1	0	0	0	0	0	0	0	1	0	0	0	0	0	1	0	0	0	0	2	0	2	0	2	0	2	0	2	0	3	0	1	0	1	0	0	0	1	1	3
Uniq4234	0	0	0	1	1	1	2	1	0	0	0	0	0	0	0	0	1	0	0	0	3	0	0	0	0	0	0	0	5	0	1	0	3	1	1	0	1	0	0	0	1	0	2	0	1	0	1	0
Uniq2242	0	0	0	0	1	0	1	1	1	0	0	1	0	0	0	1	1	1	1	0	0	0	0	0	0	0	0	1	0	1	0	0	0	0	0	0	0	0	0	1	0	0	0	1	0	0	1	1
Uniq592	0	0	2	0	2	0	0	1	0	8	0	20	0	15	0	9	13	20	13	1	5	0	3	0	7	5	5	0	0	2	0	1	1	0	0	1	0	2	0	0	0	1	0	3	0	1	1	1
Uniq2389	0	0	1	0	0	0	0	0	0	0	0	0	0	0	0	0	0	0	0	0	0	0	0	0	0	0	0	0	0	0	0	0	0	0	0	0	0	1	0	0	0	0	0	0	0	0	0	0
Uniq1120	0	0	0	0	0	0	0	0	0	1	0	0	0	0	0	0	0	0	0	0	0	0	0	0	0	0	0	0	0	0	0	0	0	1	0	0	0	0	0	0	0	0	0	0	0	0	0	0
Uniq3372	1	0	3	0	1	0	1	2	0	0	0	0	0	0	0	0	0	3	0	0	0	0	0	0	1	0	0	0	0	0	0	0	0	0	0	0	0	0	0	0	0	0	0	0	0	0	0	0
Uniq4448	0	0	0	0	0	0	0	0	0	0	0	0	0	0	0	0	0	0	0	0	0	0	0	0	0	0	0	1	0	1	0	1	0	1	0	1	0	2	0	1	0	0	0	0	0	0	0	0
Uniq3250	1	1	1	0	0	1	1	2	0	0	3	0	0	0	0	1	2	1	0	0	1	0	0	0	0	1	0	0	0	2	0	1	0	1	0	1	0	1	0	0	0	1	0	1	0	1	0	0
Uniq2332	0	0	0	0	0	0	0	0	0	0	3	0	4	1	3	1	0	1	0	3	0	0	1	3	1	1	0	0	0	0	0	0	0	0	1	0	1	0	1	0	0	0	0	1	0	0	0	0
Uniq4339	0	1	0	2	0	2	0	0	0	0	0	0	0	0	0	0	0	0	0	0	0	0	0	0	0	0	0	0	2	0	1	0	1	0	0	0	0	0	0	0	0	0	0	0	0	0	0	1
Uniq127	0	0	0	0	0	0	0	1	0	0	0	0	0	0	0	0	0	0	0	0	0	0	0	0	0	0	0	0	0	0	0	0	0	1	0	1	0	0	0	0	0	0	0	0	0	0	0	0
Uniq4061	0	0	1	0	0	0	0	1	0	1	0	0	0	0	0	0	0	0	0	0	0	0	0	0	1	0	0	1	0	3	0	0	0	1	0	1	0	2	0	1	0	1	0	0	0	0	0	0
Uniq4452	0	1	2	0	0	2	0	1	0	0	2	0	1	0	1	0	2	1	0	0	0	0	0	0	1	0	0	0	0	0	0	0	1	0	0	0	0	0	0	1	0	0	0	1	0	0	0	0
Uniq4076	0	0	0	0	0	0	0	0	0	0	0	0	0	0	0	0	0	0	2	0	0	0	0	0	0	0	0	0	0	1	0	0	0	1	0	0	0	0	0	0	0	0	0	0	0	0	0	0
Uniq2676	0	0	0	0	0	0	0	0	0	0	2	0	2	0	2	0	0	0	0	1	0	0	1	1	0	0	0	0	0	0	0	0	0	0	0	0	0	0	0	0	0	0	0	0	0	0	0	0
Uniq2192	0	0	0	0	0	0	0	0	0	8	0	1	0	1	0	1	2	3	0	0	2	0	1	0	2	1	0	0	0	0	0	0	0	0	0	0	0	0	0	0	0	0	0	2	0	1	0	0
Uniq277	0	0	0	0	0	0	0	0	0	0	0	0	0	0	0	0	0	0	0	0	0	0	0	0	0	0	0	0	0	0	0	0	0	0	0	0	0	0	0	0	0	0	0	0	0	0	0	0
Uniq1963	0	0	0	0	0	0	0	0	0	3	0	1	0	1	0	0	2	3	0	0	1	0	1	0	2	0	0	0	0	0	0	0	0	0	0	0	0	0	0	0	0	1	0	1	0	1	0	0
Uniq1726	0	0	0	0	0	0	0	0	0	0	0	0	0	0	0	0	0	0	0	0	0	0	0	0	0	0	0	0	0	0	0	0	0	0	0	0	0	0	0	0	0	0	0	0	0	0	0	0
Uniq4293	1	0	1	0	1	0	1	0	1	0	0	0	0	1	0	0	0	3	1	0	0	0	0	0	0	0	0	0	0	1	0	0	0	0	0	0	0	0	0	0	0	1	0	0	0	0	0	1
Uniq2790	1	0	1	0	2	0	0	2	1	1	0	1	0	0	0	1	1	0	1	0	1	0	0	0	0	0	0	2	0	2	0	1	0	0	0	0	0	1	0	1	0	1	0	1	0	0	0	1
Uniq4471	0	0	1	0	0	0	0	1	0	0	0	0	0	0	0	0	0	0	0	0	0	0	0	0	0	0	0	1	0	0	0	1	0	1	0	1	0	0	0	0	0	0	0	0	0	0	0	1
Uniq686	0	0	0	0	0	0	0	0	0	0	0	0	0	0	0	0	0	0	0	0	0	0	0	0	0	0	0	0	0	0	0	0	0	0	0	0	0	0	0	0	0	0	0	0	0	0	0	0
Uniq1246	0	0	1	1	1	0	0	0	0	0	9	1	12	1	7	1	0	4	1	8	1	1	4	5	1	0	1	0	1	0	0	0	0	0	1	0	1	0	1	0	0	0	0	2	0	0	0	0
Uniq3865	0	0	0	0	0	0	0	1	0	0	0	0	0	0	0	0	0	0	0	0	0	0	0	0	0	0	0	1	0	1	0	1	0	0	0	0	0	1	0	0	0	0	0	0	0	0	0	0
Uniq3587	1	0	2	0	1	0	0	0	1	1	0	0	0	0	0	0	0	0	0	0	0	0	0	0	0	0	0	0	0	0	0	1	0	1	0	2	0	1	0	0	0	0	0	1	0	0	0	0
Uniq357	0	0	0	0	0	0	0	0	0	0	0	0	0	0	0	0	0	0	0	0	0	0	0	0	0	0	0	1	0	0	0	0	0	0	0	0	0	0	0	0	0	0	0	0	0	0	0	0
Uniq2213	1	5	2	4	3	4	1	3	3	1	3	1	1	1	1	5	0	2	0	0	1	0	0	0	0	0	0	2	10	1	6	1	5	2	0	1	0	2	0	2	0	1	0	2	0	1	1	2
Uniq2114	0	0	0	0	0	0	0	0	0	2	0	0	0	1	0	0	1	1	0	0	0	0	0	0	0	0	0	1	0	1	0	2	0	1	0	1	0	2	0	0	0	0	0	0	0	0	0	0
Uniq2875	0	0	1	0	0	0	0	0	0	1	0	0	0	0	0	0	0	0	0	0	0	0	0	0	0	0	0	1	0	1	0	1	0	1	0	1	0	2	0	0	0	1	0	0	0	0	0	1
Uniq3681	1	0	0	0	0	0	1	0	1	0	0	0	0	0	0	0	0	0	0	0	0	0	0	0	0	0	0	1	0	2	0	2	0	1	0	1	0	2	0	0	0	0	0	0	0	0	1	1
Uniq3292	0	0	1	0	0	0	0	0	0	0	0	0	0	0	0	0	0	0	0	0	0	0	0	0	0	0	0	2	0	1	0	0	0	1	0	2	0	2	0	0	0	0	0	0	0	0	0	0
Uniq3538	0	0	0	0	1	0	0	0	0	0	0	0	0	0	0	0	1	0	1	0	0	0	0	0	0	0	1	0	1	0	0	0	2	0	0	0	0	0	0	0	0	0	0	0	0	0	0	0
Uniq1089	1	0	1	0	1	0	2	1	0	0	0	4	0	0	0	0	3	0	0	0	1	0	0	0	2	0	0	0	0	0	0	0	0	0	0	0	0	0	0	1	0	15	0	7	0	0	0	1
Uniq3425	0	0	0	0	0	0	0	0	0	0	0	0	0	0	0	0	0	0	0	0	0	0	0	0	0	0	0	0	0	0	0	0	0	0	0	0	0	0	0	0	0	0	0	0	0	0	0	0
Uniq1880	0	0	0	0	0	0	0	0	0	1	0	0	0	1	0	0	1	2	0	0	0	0	0	0	1	1	0	1	0	2	0	1	0	2	0	1	0	2	0	0	0	0	0	0	0	0	0	0
Uniq2120	0	0	0	1	0	0	0	0	0	0	3	0	6	0	3	2	0	2	0	3	1	0	2	2	0	0	0	0	0	0	0	0	0	0	1	0	1	0	1	0	0	0	0	1	0	0	0	0
Uniq398	0	0	0	0	0	0	0	0	0	0	0	0	0	0	0	0	0	0	0	0	0	0	0	0	0	0	0	0	0	0	0	0	0	0	0	0	0	0	0	0	0	0	0	0	0	0	0	0
Uniq117	0	0	4	0	0	0	4	0	2	4	0	1	0	0	0	0	0	0	0	0	0	0	0	0	0	5	3	0	0	0	0	0	0	0	46	2	85	0	75	1	34	0	27	0	35	0	0	1
Uniq3605	0	2	2	2	1	1	1	1	1	0	0	0	0	0	0	3	0	1	0	0	1	0	0	0	0	0	0	1	4	0	2	1	1	1	0	1	0	1	0	1	0	0	0	1	0	0	1	1
Uniq3498	0	0	0	1	0	0	0	0	0	0	1	0	0	0	0	0	0	0	0	0	0	0	0	0	0	0	0	0	2	0	1	0	1	0	0	0	0	0	0	0	0	0	1	0	0	0	0	1
Uniq3691	0	0	0	0	0	0	0	0	0	1	0	0	0	1	0	0	3	2	0	0	0	0	0	0	0	0	0	0	0	0	0	0	0	0	0	0	0	0	0	1	0	0	0	0	0	0	0	0
Uniq3	0	6	0	0	0	1	0	0	0	1	0	0	1	0	0	0	0	0	143	97	136	157	130	102	120	116	149	0	0	0	0	0	0	0	0	0	0	0	0	116	126	145	154	141	137	175	157	94
Uniq2698	0	0	0	0	0	0	0	0	0	0	0	0	0	0	0	0	0	0	0	0	0	0	0	0	0	0	0	0	0	0	0	0	0	0	0	0	0	0	0	0	0	0	0	0	0	0	0	0
Uniq729	1	0	0	0	1	0	1	1	1	0	0	0	0	1	0	0	1	1	0	0	0	0	0	0	0	0	0	1	0	0	0	0	0	1	0	1	0	1	0	0	0	0	0	0	0	0	0	1
Uniq2560	0	3	0	5	0	6	0	0	0	0	1	0	0	0	1	0	0	0	0	0	0	0	0	0	0	0	0	0	5	0	8	0	4	0	3	0	2	0	1	0	1	0	0	0	0	0	0	0
Uniq2329	1	0	3	0	1	0	2	1	1	0	0	0	0	0	0	0	0	0	0	0	0	0	0	0	0	0	0	2	0	1	0	2	0	2	0	1	0	2	0	0	0	0	0	0	0	0	0	1
Uniq2311	1	0	0	0	0	0	1	0	1	0	0	0	0	0	0	0	0	0	0	0	0	0	0	0	0	0	0	1	0	1	0	0	0	0	0	1	0	1	0	1	0	0	0	0	0	1	0	0
Uniq4511	0	0	0	0	0	0	0	0	0	0	0	0	0	0	0	0	1	0	4	0	1	0	0	0	0	0	0	1	0	1	0	0	0	1	0	1	0	1	0	0	0	0	0	0	0	0	0	0
Uniq3975	1	0	0	0	0	0	1	1	2	0	0	0	0	0	0	0	0	0	0	0	0	0	0	0	0	0	0	0	0	1	0	1	0	1	0	0	0	1	0	0	0	1	0	0	0	0	0	0
Uniq3698	0	0	1	0	0	0	0	0	1	0	0	0	0	0	0	0	0	0	0	0	0	0	0	0	0	0	0	0	0	1	0	1	0	0	0	0	0	0	0	0	0	0	0	0	0	0	0	0
Uniq1112	0	0	1	0	0	0	0	0	1	12	1	3	1	24	1	3	3	6	3	0	1	0	2	3	3	3	4	1	0	1	1	0	1	0	0	1	0	1	0	0	0	0	0	1	0	0	0	0
Uniq3028	0	0	0	0	0	0	0	0	0	0	0	0	0	0	0	0	0	0	0	0	0	0	0	0	0	0	0	0	0	0	0	0	0	0	0	0	0	0	0	0	0	0	0	0	0	0	0	0
Uniq540	0	0	1	0	1	0	0	1	1	7	0	17	0	14	0	9	10	14	5	1	5	0	1	0	4	3	5	1	0	1	0	0	0	0	0	2	0	0	0	0	0	1	0	2	0	1	1	1
Uniq2083	1	0	1	0	2	0	2	1	2	1	0	1	0	0	0	1	1	2	1	0	0	0	0	0	0	0	0	1	0	1	0	0	0	1	0	1	0	1	0	1	0	1	0	2	0	0	1	1
Uniq2775	1	0	1	0	1	0	2	0	2	0	0	0	0	0	0	0	0	0	1	0	0	0	0	0	0	0	0	2	0	1	0	2	0	0	0	1	0	2	0	1	0	0	0	0	0	0	0	1
Uniq3206	1	1	1	0	0	1	0	1	1	0	2	0	0	0	0	0	1	0	0	0	0	0	0	0	0	0	0	1	0	1	0	0	0	1	0	0	0	1	0	0	0	0	0	0	0	0	0	1
Uniq2842	0	2	0	2	0	3	0	0	0	0	0	0	0	0	1	0	0	0	0	0	0	0	0	0	0	0	0	0	2	0	2	0	1	0	1	0	0	0	0	0	0	0	0	0	0	1	0	0
Uniq629	0	0	0	0	1	0	1	1	1	5	0	11	0	13	0	6	7	14	4	0	4	0	2	0	4	2	3	1	0	2	0	1	0	1	0	2	0	1	0	0	0	0	0	1	0	1	0	1
Uniq1980	0	0	0	0	0	0	0	1	1	0	0	0	0	0	0	0	0	0	0	0	0	0	0	0	0	0	0	0	0	0	0	0	0	0	0	0	0	0	0	0	0	0	0	0	0	0	0	0
Uniq2373	0	0	0	0	0	0	1	0	0	3	0	1	0	3	0	0	1	2	0	0	0	0	1	0	2	1	0	2	0	4	0	3	0	3	0	3	0	5	0	0	0	0	0	0	0	1	0	0
Uniq2249	0	0	0	0	0	0	0	0	0	0	4	0	5	0	2	1	0	1	0	3	0	0	2	2	1	0	0	0	0	0	0	0	0	0	1	0	0	0	0	0	0	0	0	1	0	0	0	0
Uniq2956	0	0	0	0	0	0	0	0	0	0	0	0	0	0	0	0	0	0	0	0	0	0	0	0	0	0	0	0	0	0	0	0	0	0	0	0	0	0	0	0	0	0	0	0	0	0	0	0
Uniq2319	0	0	0	0	0	0	1	0	0	0	0	1	0	0	0	0	1	0	0	0	0	0	0	0	0	0	0	0	0	0	0	0	0	0	0	0	0	0	0	0	0	4	0	1	0	0	0	0
Uniq2645	1	0	0	0	0	0	1	0	0	2	0	1	0	0	0	0	0	0	0	0	0	0	0	0	0	0	0	3	0	1	0	1	0	1	0	1	0	2	0	0	0	0	0	0	0	0	0	0
Uniq2417	0	0	1	0	1	0	1	0	0	1	0	0	0	0	0	0	1	1	0	0	0	0	0	0	0	0	0	0	0	1	0	0	0	1	0	0	0	1	0	1	0	0	0	0	0	0	0	1
Uniq4460	0	0	0	0	1	0	0	0	1	0	0	0	0	0	0	0	0	0	0	0	0	0	0	0	0	0	0	0	0	1	0	0	0	1	0	0	0	1	0	1	0	0	0	0	0	1	0	0
Uniq1142	0	0	1	0	0	0	0	0	1	10	2	4	1	19	3	4	2	4	2	0	0	0	2	3	3	3	2	0	1	0	1	0	0	0	0	1	0	0	0	0	0	1	0	1	0	0	0	0
Uniq3790	1	0	3	0	1	0	2	1	2	0	0	0	0	0	0	0	0	0	0	0	0	0	0	0	0	0	0	1	0	1	0	2	0	2	0	2	0	1	0	1	0	1	0	0	0	0	1	0
Uniq447	0	0	0	0	0	0	0	0	0	0	0	0	0	0	0	0	0	0	0	0	0	0	0	0	0	0	0	0	0	0	0	0	0	0	0	0	0	0	0	0	0	0	0	0	0	0	0	0
Uniq989	0	0	0	0	0	0	0	0	0	0	0	0	0	0	0	0	0	0	0	0	0	0	0	0	0	0	0	0	0	0	0	0	0	0	0	0	0	0	0	0	0	0	0	0	0	0	0	0
Uniq1698	0	0	1	0	0	0	0	0	0	0	0	0	0	0	0	0	0	0	0	0	0	0	0	0	0	0	0	0	0	1	0	0	0	0	0	0	0	0	0	0	0	0	0	0	0	0	0	0
Uniq4294	1	0	2	0	0	0	1	0	0	0	0	0	0	0	0	0	0	3	0	0	0	0	0	0	1	1	0	0	0	0	0	0	0	0	0	0	0	0	0	0	0	0	0	0	0	0	0	0
Uniq2070	0	0	0	0	1	0	0	0	0	7	0	1	0	1	0	1	3	3	0	0	1	0	1	0	2	0	0	0	0	0	0	0	0	0	0	0	0	0	0	0	0	1	0	1	0	0	0	0
Uniq149	1	0	0	0	0	0	0	0	0	0	0	0	0	0	0	0	0	0	0	0	0	0	0	0	0	0	0	0	0	0	0	0	0	0	0	1	0	0	0	0	0	0	0	0	0	0	0	0
Uniq448	1	0	1	0	4	0	0	1	2	12	0	23	0	16	0	9	13	19	6	0	6	0	3	0	8	3	6	1	0	2	0	1	1	1	0	2	0	1	0	0	0	1	0	3	0	1	1	1
Uniq3146	0	4	0	3	0	3	0	0	0	0	1	0	0	0	1	0	0	0	0	0	0	0	0	0	0	0	0	0	1	0	3	0	2	0	1	0	1	0	1	0	0	0	0	0	0	0	1	1
Uniq2028	0	0	0	0	0	0	0	0	0	1	0	10	0	2	0	1	0	1	1	0	1	0	1	0	0	0	1	0	0	0	0	0	0	0	0	0	0	1	0	0	0	0	0	0	0	0	0	0
Uniq2005	1	0	1	0	2	0	0	1	0	1	0	0	0	1	0	1	1	1	1	0	0	0	0	0	0	0	1	1	0	1	0	0	0	1	0	1	0	0	0	0	0	1	0	0	0	0	0	1
Uniq372	1	0	2	0	6	0	1	2	3	17	0	32	0	33	0	17	15	33	19	0	10	0	4	0	11	6	11	2	0	2	0	0	0	0	0	3	0	3	0	1	0	1	0	4	0	2	1	2
Uniq2702	0	12	1	20	0	3	0	0	0	0	5	0	2	0	0	0	0	0	0	0	0	11	0	18	0	0	0	0	20	0	4	0	25	0	4	0	0	0	0	0	0	0	0	0	0	0	0	0
Uniq805	0	0	0	0	0	0	0	0	0	0	0	0	0	0	0	0	0	0	0	0	0	0	0	0	0	0	0	0	0	0	0	0	0	0	0	0	0	0	0	0	0	0	0	0	0	0	0	0
Uniq1474	0	0	1	0	0	0	1	0	0	1	5	0	6	1	4	2	0	2	2	5	1	0	3	3	1	1	1	0	0	0	0	0	0	0	1	0	0	0	0	0	0	0	0	2	0	0	0	0
Uniq45	0	0	10	0	0	0	13	0	9	12	0	2	0	0	0	0	0	0	0	0	0	0	0	0	2	21	9	0	0	0	0	0	0	0	127	5	229	0	206	1	97	0	78	0	105	0	2	6
Uniq1431	1	0	1	0	1	0	2	1	1	0	0	0	0	0	0	0	0	1	1	0	0	0	0	0	0	0	0	1	0	1	0	1	0	1	0	3	0	2	0	1	0	0	0	1	0	1	1	1
Uniq1377	0	0	0	0	0	0	0	0	0	41	5	9	3	17	5	9	8	14	4	1	1	0	1	2	3	2	3	0	1	1	2	0	2	0	0	2	0	1	0	0	0	0	0	1	0	1	0	0
Uniq2026	1	1	0	1	0	0	0	0	0	0	0	0	0	0	0	0	1	0	0	0	0	0	0	0	0	0	1	0	1	1	1	0	1	0	0	0	0	0	0	0	0	1	0	0	0	0	0	0
Uniq4453	1	0	1	0	0	0	0	1	0	0	0	0	0	0	0	0	0	0	0	0	0	0	0	0	0	0	0	1	0	0	0	1	0	1	0	1	0	2	0	1	0	0	0	0	0	0	0	1
Uniq4147	0	0	0	0	0	0	0	0	0	1	0	0	0	0	0	0	1	1	0	0	1	0	2	0	0	0	0	0	0	0	0	0	0	0	0	0	0	0	0	0	0	0	0	0	0	0	0	0
Uniq1484	0	0	1	0	1	0	1	1	0	0	0	5	0	0	0	0	4	0	0	0	1	0	0	0	2	0	0	0	0	0	0	0	0	0	0	0	0	0	0	0	0	10	0	4	0	0	0	0
Uniq575	0	0	0	0	0	0	0	0	0	0	0	0	0	0	0	0	0	0	0	0	0	0	0	0	0	0	0	0	0	0	0	0	0	0	0	0	0	0	0	0	0	0	0	0	0	0	0	0
Uniq1606	0	0	1	0	0	0	0	0	0	5	1	3	1	8	2	1	1	3	1	0	0	0	1	1	1	2	1	0	0	0	0	0	0	0	0	1	0	1	0	0	0	0	0	0	0	0	0	0
Uniq1694	1	0	0	0	0	0	0	0	0	4	0	0	0	2	0	0	0	2	0	0	0	0	1	0	1	1	1	2	0	2	0	1	0	3	0	3	0	3	0	0	0	0	0	0	0	0	0	0
Uniq4029	0	0	2	0	0	0	0	0	0	0	0	0	0	0	0	0	0	0	0	0	0	0	0	0	0	0	0	0	0	0	0	0	0	0	0	1	0	0	0	0	0	0	0	0	0	0	0	0
Uniq1327	0	0	1	0	2	0	1	1	1	0	0	3	0	0	0	0	3	0	0	0	0	0	0	0	2	0	0	0	0	0	0	0	0	0	0	0	0	0	0	0	0	11	0	5	0	1	0	1
Uniq1433	1	0	0	0	0	0	0	1	0	4	0	0	0	4	0	1	2	2	1	0	0	0	1	0	2	1	2	4	0	5	0	3	0	3	0	4	0	4	0	0	0	0	0	0	0	0	0	0
Uniq1392	0	14	0	1	0	2	0	0	0	0	0	0	2	0	5	0	0	0	0	0	0	1	0	2	0	0	0	0	2	0	1	0	9	0	4	0	1	0	0	0	0	0	0	0	0	0	0	0
Uniq22	0	3	0	0	0	0	0	0	0	0	0	0	0	0	0	0	0	0	62	48	55	87	62	52	56	51	65	0	0	0	0	0	0	0	0	0	0	0	0	53	71	65	86	68	78	74	71	38
Uniq2509	0	0	1	0	0	0	1	0	0	0	0	0	0	0	0	0	1	0	0	0	0	0	0	0	0	0	1	0	2	0	0	0	2	0	0	0	0	0	0	1	0	1	0	0	0	0	0	0
Uniq4082	0	0	0	0	0	0	0	0	0	0	0	0	0	0	0	0	0	0	0	0	0	0	0	0	0	0	0	0	0	0	0	0	0	0	0	0	0	0	0	0	0	0	0	0	0	0	0	0
Uniq2424	0	0	1	0	2	0	0	1	0	0	0	0	0	0	0	0	0	0	0	0	1	0	0	0	0	0	0	1	0	1	0	3	0	2	0	1	0	1	0	0	0	0	0	1	0	0	1	1
Uniq4348	1	0	1	0	1	0	1	1	1	0	0	0	0	0	0	0	1	0	0	0	0	0	0	0	0	0	0	2	0	2	0	2	0	1	0	1	0	1	0	0	0	0	0	1	0	0	0	1
Uniq3939	0	0	1	0	0	0	0	0	0	2	0	0	0	2	0	0	2	3	1	0	3	0	4	0	0	3	0	0	0	0	0	0	0	0	0	0	0	0	0	0	0	0	0	0	0	0	0	0
Uniq2622	0	1	1	0	0	0	0	0	0	0	0	0	0	0	0	0	1	0	2	0	0	0	0	0	0	1	2	0	1	0	1	0	2	0	0	0	1	0	0	0	0	1	0	0	0	0	0	0
Uniq2809	0	0	0	0	0	0	1	0	0	2	0	0	0	0	0	0	0	0	0	0	0	0	0	0	0	0	0	1	0	1	0	1	0	1	0	2	0	2	0	0	0	1	0	0	0	0	0	0
Uniq3029	0	3	0	1	0	0	0	0	0	0	0	0	0	0	2	0	0	0	0	0	0	1	0	0	0	0	0	0	0	0	0	0	3	0	1	0	0	0	0	0	0	0	0	0	0	0	0	0
Uniq539	0	0	0	0	0	0	0	0	0	0	0	0	0	0	0	0	0	0	0	0	0	0	0	0	0	0	0	0	0	0	0	0	0	0	0	0	0	0	0	0	0	0	0	0	0	0	0	0
Uniq1828	0	0	1	1	0	0	1	0	0	0	3	0	7	0	3	1	0	1	1	4	0	0	2	3	1	0	0	0	0	0	0	0	0	0	1	0	0	0	1	0	0	0	0	1	0	0	0	0
Uniq2159	0	0	0	0	0	0	0	0	0	0	0	0	0	0	0	0	0	0	0	0	0	0	0	0	0	0	0	0	0	0	0	0	0	0	0	0	0	0	0	0	0	0	0	0	0	0	0	0
Uniq3115	0	6	0	5	0	6	0	0	0	0	1	0	0	0	0	0	0	0	0	0	0	0	0	0	0	0	0	0	6	0	7	0	4	0	2	0	2	0	1	0	0	0	0	0	0	0	0	0
Uniq1581	0	0	1	0	0	0	0	1	0	13	0	1	0	1	0	1	3	2	0	0	1	0	2	0	3	1	0	0	0	0	0	0	0	0	0	0	0	0	0	0	0	1	0	1	0	1	0	0
Uniq1243	0	6	0	4	0	3	0	0	0	0	5	0	1	0	2	0	0	0	0	0	0	7	0	2	0	0	0	0	5	0	2	0	10	0	2	0	2	0	1	0	1	0	0	0	0	0	0	0
Uniq3949	0	0	1	0	0	0	0	1	0	0	0	0	0	0	0	0	0	0	0	0	0	0	0	0	0	0	0	1	0	0	0	1	0	1	0	1	0	0	0	0	0	0	0	0	0	0	0	1
Uniq1471	0	0	0	0	0	0	0	0	0	0	0	0	0	0	0	0	0	1	0	0	0	0	0	0	0	0	0	1	0	0	0	0	0	0	0	0	0	0	0	0	0	0	0	0	0	0	0	0
Uniq3920	0	4	1	4	0	6	0	0	0	0	0	0	0	0	0	0	0	0	0	0	0	0	0	0	0	0	0	0	3	0	5	0	2	0	1	0	1	0	0	1	1	1	1	0	0	0	0	0
Uniq1818	0	0	1	0	0	0	0	0	0	0	4	1	5	0	3	1	0	1	1	3	1	0	4	2	0	0	0	0	0	0	0	0	0	0	1	0	1	0	0	0	0	0	0	1	0	0	0	0
Uniq154	0	1	0	0	0	0	0	0	0	0	0	0	0	0	0	0	0	0	0	0	0	0	0	0	0	0	0	0	0	0	0	0	1	0	0	0	0	0	0	0	0	0	0	0	0	0	0	0
Uniq1784	0	0	1	0	0	0	0	1	0	0	0	2	0	1	0	0	2	0	0	0	0	0	0	0	1	0	0	0	0	0	0	0	0	0	0	0	0	0	0	0	0	7	0	3	0	0	0	1
Uniq4408	0	0	0	0	0	0	1	0	0	0	0	0	0	0	0	0	0	0	0	0	1	0	0	0	0	0	0	0	4	0	2	0	2	0	1	0	1	0	0	0	1	0	1	0	1	0	0	0
Uniq1227	0	0	0	0	0	0	1	0	1	7	0	0	0	7	0	2	2	5	1	0	1	0	2	0	4	1	1	6	0	6	0	9	0	8	0	6	0	7	0	0	0	0	0	0	0	0	0	0
Uniq3828	1	0	1	0	0	0	0	0	0	0	0	0	0	0	0	0	0	0	0	0	0	0	0	0	1	0	0	1	0	1	0	1	0	1	0	1	0	1	0	0	0	0	0	0	0	0	0	0
Uniq3169	0	0	1	0	0	0	0	0	1	9	0	1	0	1	0	0	3	4	0	0	1	0	1	0	3	1	0	0	0	0	0	0	0	0	0	0	0	0	0	0	0	1	0	2	0	1	0	0
Uniq1742	0	0	0	0	0	0	0	0	0	1	0	13	0	3	0	1	0	2	1	0	2	0	2	0	1	0	1	0	0	0	0	0	0	0	0	0	0	1	0	0	0	0	0	1	0	0	0	0
Uniq2075	0	0	1	0	0	0	1	1	1	0	0	0	0	0	0	0	0	0	0	0	0	0	0	0	0	0	0	1	0	0	0	1	0	1	0	1	0	1	0	0	0	1	0	1	0	0	0	1
Uniq764	0	0	0	0	0	0	0	0	0	0	0	0	0	0	0	0	0	0	0	0	0	0	0	0	0	0	0	0	0	0	0	0	0	0	0	0	0	0	0	0	0	0	0	0	0	0	0	0
Uniq394	0	0	0	0	0	0	0	0	0	0	0	0	0	0	0	0	0	0	0	0	0	0	0	0	0	0	0	0	0	0	0	0	0	0	0	0	0	0	0	0	0	0	0	0	0	0	0	0
Uniq3770	0	0	1	0	0	0	0	1	0	1	1	0	0	0	0	0	0	0	0	0	0	0	0	0	0	0	0	0	0	0	0	0	0	0	0	0	0	1	0	0	0	1	0	0	0	0	0	0
Uniq853	0	0	0	0	1	0	0	1	0	11	2	6	2	23	2	5	3	6	4	0	1	0	2	2	5	4	5	0	0	0	0	0	1	0	0	2	0	1	0	0	0	0	0	0	0	0	0	1
Uniq2633	0	0	1	0	0	0	0	0	0	3	0	1	0	1	0	0	3	5	1	0	3	0	3	0	1	2	1	0	0	0	0	0	0	0	0	0	0	0	0	0	0	0	0	0	0	0	0	0
Uniq2800	1	0	0	0	1	0	1	1	1	0	0	0	0	0	0	0	1	0	0	0	0	0	0	0	0	0	0	0	0	1	0	2	0	1	0	1	0	1	0	0	0	1	0	0	0	0	0	0
Uniq3671	0	0	0	0	0	0	0	0	0	0	0	0	0	0	0	0	0	0	0	0	0	0	0	0	0	0	0	0	0	0	0	0	0	0	0	0	0	0	0	0	0	0	0	0	0	0	0	0
Uniq2621	0	0	0	0	0	0	0	0	0	0	0	0	0	0	0	0	0	0	0	0	0	0	0	0	0	0	0	0	0	0	0	0	0	0	0	0	0	0	0	0	0	0	0	0	0	0	0	0
Uniq4490	0	0	0	0	0	0	0	0	0	0	0	3	0	1	0	1	1	1	0	0	0	0	1	0	0	0	0	0	0	0	0	0	0	0	0	0	0	0	0	0	0	0	0	0	0	0	0	0
Uniq3264	0	0	0	0	0	0	0	0	0	0	0	0	0	0	0	0	0	0	0	0	0	0	0	0	0	0	0	0	0	0	0	0	0	0	0	0	0	1	0	0	0	0	0	0	0	0	0	0
Uniq1407	0	0	0	0	0	0	0	0	0	0	0	0	0	0	0	0	0	0	0	0	0	0	0	0	0	0	0	0	0	0	0	0	0	0	0	0	0	0	0	0	0	0	0	0	0	0	0	0
Uniq1441	0	0	0	0	0	0	0	0	0	3	0	0	0	3	0	1	0	3	0	0	1	0	1	0	2	0	1	3	0	3	0	4	0	5	0	4	0	4	0	0	0	0	0	0	0	0	0	0
Uniq1156	1	0	0	0	0	0	1	1	1	5	0	1	0	4	0	2	1	3	0	0	0	0	1	0	2	1	2	5	0	4	0	3	0	5	0	5	0	4	0	0	0	0	0	0	0	0	0	0
Uniq3984	0	3	0	5	0	8	0	1	0	0	0	0	0	0	1	0	0	0	0	0	0	0	0	0	0	0	0	0	5	0	5	0	3	0	2	0	1	0	0	2	1	1	1	0	1	1	0	2
Uniq2781	0	0	2	0	0	0	0	1	2	0	0	0	0	0	0	0	0	0	0	0	0	0	0	0	0	0	0	1	0	0	0	1	0	0	0	2	0	1	0	0	0	0	0	0	0	0	0	0
Uniq756	0	0	2	0	1	0	0	1	1	2	3	8	2	39	3	3	4	6	6	0	2	0	3	4	5	7	8	0	0	0	0	0	1	0	0	1	0	0	0	0	0	1	0	1	0	1	0	1
Uniq3336	0	0	0	0	0	0	0	0	0	0	2	0	4	0	2	0	0	1	1	1	0	0	1	2	0	0	0	0	0	0	0	0	0	0	0	0	0	0	0	0	0	0	0	0	0	0	0	0
Uniq4229	1	3	2	2	1	2	0	2	0	0	3	1	0	0	0	3	0	0	0	0	0	0	0	0	0	0	0	0	3	1	2	1	1	1	0	0	0	1	0	1	0	0	0	1	0	0	0	1
Uniq2858	0	0	1	0	0	0	0	0	0	2	0	0	0	1	0	0	3	2	1	0	3	0	2	0	0	1	1	0	0	0	0	0	0	0	0	0	0	0	0	0	0	0	0	0	0	0	0	0
Uniq2745	0	0	1	0	0	0	0	0	0	0	0	0	0	0	0	0	0	0	0	0	0	0	0	0	0	0	0	0	0	0	0	1	0	1	0	0	0	0	0	0	0	1	0	0	0	0	0	0
Uniq100	0	0	6	0	0	0	5	0	4	4	0	1	0	0	0	0	0	0	0	0	0	0	0	0	1	7	4	0	0	0	0	0	0	0	57	2	104	0	97	0	45	0	32	0	45	0	1	4
Uniq800	0	0	0	0	0	0	0	0	0	0	0	0	0	0	0	1	0	0	0	0	0	0	0	0	0	0	0	0	0	0	0	0	0	1	0	0	0	0	0	0	0	0	0	0	0	0	0	0
Uniq2145	0	5	0	4	0	5	0	0	0	0	0	0	0	0	2	0	0	0	0	0	0	0	0	0	0	0	0	0	5	0	7	0	2	0	2	0	1	0	1	0	0	0	0	0	0	0	0	0
Uniq3335	0	0	0	0	1	0	1	0	0	0	0	0	0	0	0	0	1	0	2	0	1	0	0	0	0	1	2	0	3	0	0	0	1	0	0	0	1	0	0	0	0	1	0	0	0	1	0	0
Uniq437	0	0	0	0	0	0	0	0	0	0	0	0	0	0	0	0	0	0	0	0	0	0	0	0	0	0	0	0	0	0	0	0	0	0	0	0	0	0	0	0	0	0	0	0	0	0	0	0
Uniq3480	0	2	0	2	0	4	0	0	0	0	1	0	0	0	1	0	0	0	0	0	0	0	0	0	0	0	0	0	2	0	3	0	2	0	1	0	1	0	1	1	0	0	0	0	0	1	0	0
Uniq3649	0	0	0	0	0	0	0	0	0	0	0	0	0	0	0	0	0	0	0	0	0	0	0	0	0	0	0	0	0	0	0	0	0	0	0	0	0	0	0	0	0	0	0	0	0	0	0	0
Uniq1192	0	0	1	0	1	0	3	0	0	0	0	3	0	2	0	0	4	0	0	0	1	0	0	0	2	0	0	0	0	0	0	0	0	0	0	0	0	0	0	1	0	11	0	5	0	1	0	1
Uniq1933	0	0	0	0	0	0	0	0	0	0	4	0	5	0	5	0	0	1	1	4	1	0	1	2	1	0	0	0	0	0	0	0	0	0	1	0	0	0	1	0	0	0	0	1	0	0	0	0
Uniq2343	0	0	0	0	0	0	0	0	0	0	0	1	0	0	0	0	0	1	0	0	0	0	0	0	0	1	1	0	0	0	0	0	0	0	0	0	0	0	0	0	0	0	0	1	0	0	0	0
Uniq1338	0	0	0	0	1	0	0	1	0	0	0	0	0	0	0	0	0	0	0	0	0	0	0	0	0	0	0	0	0	0	0	0	0	0	0	0	0	0	0	0	0	0	0	0	0	0	0	0
Uniq2571	0	0	0	0	0	0	0	0	0	0	0	0	0	0	0	0	2	0	4	0	0	0	0	0	0	0	0	1	0	1	0	1	0	1	0	0	0	1	0	0	0	0	0	0	0	0	0	0
Uniq652	0	0	0	0	0	0	0	0	0	0	0	0	0	0	0	0	0	0	0	0	0	0	0	0	0	0	0	0	0	0	0	0	0	0	0	0	0	0	0	0	0	0	0	0	0	0	0	0
Uniq413	0	0	0	0	0	0	0	0	0	0	0	0	0	0	0	0	0	0	0	0	0	0	0	0	0	0	0	0	0	0	0	0	0	0	0	0	0	0	0	0	0	0	0	0	0	0	0	0
Uniq1701	0	0	1	0	1	0	1	0	0	0	0	4	0	0	0	0	3	0	0	0	0	0	0	0	3	0	0	0	0	0	0	0	0	0	0	0	0	0	0	1	0	8	0	2	0	1	0	0
Uniq3869	0	1	1	1	1	1	0	1	1	0	1	0	0	0	0	1	0	1	0	0	1	0	0	0	0	0	0	0	3	0	2	0	1	0	0	0	0	1	0	1	0	0	0	1	0	1	0	1
Uniq3661	0	0	0	0	0	0	0	0	0	1	0	1	0	1	0	0	1	2	0	0	1	0	2	0	0	1	0	0	0	0	0	0	0	0	0	0	0	0	0	0	0	0	0	0	0	0	0	0
Uniq481	0	1	2	0	0	0	0	1	1	21	3	9	3	43	3	8	7	8	5	1	1	0	3	3	7	8	7	0	0	0	1	0	2	0	0	3	0	1	0	0	0	1	0	2	0	1	0	1
Uniq690	0	0	0	0	0	0	0	0	0	0	0	0	0	0	0	0	0	0	0	0	0	0	0	0	0	0	0	0	0	0	0	0	0	0	0	0	0	0	0	0	0	0	0	0	0	0	0	0
Uniq3252	0	7	0	7	0	11	0	0	0	0	1	0	0	0	1	0	0	0	0	0	0	0	0	0	0	0	0	0	7	0	11	0	6	0	4	0	3	0	2	0	1	0	0	0	0	0	0	0
Uniq4398	0	0	0	0	0	0	0	0	0	0	0	0	0	0	0	0	0	0	0	0	0	0	0	0	0	0	0	0	0	0	0	0	0	0	0	0	0	0	0	0	0	0	0	0	0	0	0	0
Uniq1902	0	1	1	1	1	1	2	1	1	0	1	0	0	1	0	0	1	0	0	0	0	0	0	0	1	0	2	1	3	0	1	0	2	0	1	0	0	0	0	1	1	1	1	0	0	0	1	0
Uniq1993	0	0	0	0	0	0	0	0	0	0	0	0	0	0	0	0	0	0	0	0	0	0	0	0	0	0	0	0	0	0	0	0	0	0	0	0	0	0	0	0	0	0	0	0	0	0	0	0
Uniq3440	0	3	0	2	0	3	0	0	0	0	0	0	0	0	1	0	0	0	0	0	0	0	0	0	0	0	0	0	1	0	3	0	1	0	1	0	1	0	1	0	0	0	0	0	0	0	0	0
Uniq1986	0	0	2	0	0	0	0	0	1	6	0	0	0	1	0	2	5	8	2	0	7	0	6	0	2	4	2	0	0	0	0	0	0	0	0	0	0	0	0	0	0	0	0	1	0	0	0	1
Uniq3241	1	0	0	0	0	0	0	0	1	0	0	0	0	0	0	0	0	0	0	0	0	0	0	0	0	0	0	1	0	1	0	2	0	1	0	1	0	2	0	1	0	0	0	0	0	0	0	0
Uniq3787	0	0	0	0	0	0	1	0	0	0	2	0	3	0	2	0	0	1	0	2	0	0	0	2	0	0	0	0	0	0	0	0	0	0	1	0	0	0	0	0	0	0	0	1	0	0	0	0
Uniq895	0	0	0	0	0	0	0	0	0	0	0	0	0	0	0	0	0	0	0	0	0	0	0	0	0	0	0	0	0	0	0	0	0	0	0	0	0	0	0	0	0	0	0	0	0	0	0	0
Uniq3294	0	0	1	0	0	0	0	1	0	0	1	0	0	0	0	0	0	0	0	0	0	0	0	0	0	1	0	0	0	1	0	1	0	1	0	0	0	1	0	0	0	0	0	0	0	0	0	1
Uniq1174	0	0	0	0	0	0	0	0	0	1	0	0	0	0	0	0	0	1	0	0	0	0	0	0	0	0	0	0	0	1	0	0	0	0	0	0	0	0	0	0	0	0	0	0	0	0	0	0
Uniq75	0	0	5	0	0	0	6	0	4	7	0	1	0	0	0	0	0	0	0	0	0	0	0	0	0	9	5	0	0	0	0	0	0	0	78	2	146	0	126	1	62	0	42	0	59	0	1	3
Uniq777	0	0	1	0	1	0	0	1	1	6	0	13	0	9	0	5	8	12	6	0	3	0	1	0	4	3	4	1	0	1	0	0	0	0	0	2	0	1	0	0	0	0	0	1	0	0	0	0
Uniq614	0	0	1	0	1	0	0	1	0	15	2	5	1	31	3	5	4	6	4	0	1	0	2	1	4	5	5	1	0	0	1	0	0	0	0	2	0	1	0	0	0	0	0	1	0	1	0	0
Uniq1104	0	0	2	1	0	0	1	0	0	0	8	0	11	0	6	3	0	2	2	8	2	0	4	6	2	1	2	0	0	0	0	0	0	0	1	0	1	0	1	0	0	0	0	2	0	0	0	0
Uniq3312	0	5	0	6	0	7	0	1	1	0	1	0	0	0	1	0	0	0	1	0	0	0	0	0	1	0	0	0	5	0	5	0	3	0	2	0	0	0	1	2	0	2	1	0	1	1	0	2
Uniq1163	0	0	1	0	2	0	3	0	0	0	0	6	0	0	0	0	4	0	0	0	1	0	0	0	4	1	0	0	0	0	0	0	0	0	0	0	0	0	0	1	0	12	0	4	0	1	0	1
Uniq3981	0	0	1	0	0	0	0	1	1	0	0	0	0	0	0	0	0	0	0	0	0	0	0	0	0	0	0	0	0	0	0	1	0	0	0	0	0	0	0	1	0	0	0	0	0	1	0	0
Uniq1279	0	0	1	0	0	0	0	1	1	4	2	5	2	16	1	2	2	2	2	0	1	0	2	1	3	3	5	0	0	0	0	0	1	0	0	1	0	0	0	0	0	1	0	1	0	0	0	0
Uniq628	0	0	2	0	2	0	0	1	1	22	4	11	3	55	6	8	8	11	5	0	2	1	3	4	8	8	10	0	0	0	1	0	2	0	0	3	0	2	0	0	0	1	0	2	0	2	0	1
Uniq4342	0	4	0	4	0	3	0	0	0	0	1	0	0	0	1	0	0	0	0	0	0	0	0	0	0	0	0	0	3	0	3	0	1	0	1	0	1	0	1	0	0	0	0	0	0	0	0	0
Uniq146	0	0	3	0	0	0	3	0	5	1	0	1	0	0	0	0	0	0	0	0	0	0	0	0	1	4	3	0	0	0	0	0	0	0	44	1	82	0	71	1	32	0	27	0	33	0	0	3
Uniq4446	0	0	0	0	0	0	0	0	0	0	0	0	0	0	0	0	0	0	0	0	0	0	0	0	0	0	0	0	0	0	0	0	0	0	0	0	0	0	0	0	0	0	0	0	0	0	0	0
Uniq461	0	0	0	0	1	0	0	0	0	0	0	0	0	0	0	0	0	0	0	0	0	0	0	0	0	0	0	0	0	0	0	0	0	1	0	0	0	0	0	0	0	0	0	0	0	0	0	0
Uniq2924	0	0	0	0	0	0	0	0	0	0	0	0	0	0	0	0	0	0	0	0	0	0	0	0	0	0	0	0	0	0	0	0	0	0	0	0	0	0	0	0	0	0	0	0	0	0	0	0
Uniq1861	1	0	3	0	2	0	2	3	0	1	0	0	0	1	0	1	1	0	1	0	0	0	0	0	0	0	0	1	0	1	0	2	0	1	0	0	0	1	0	1	0	0	0	1	0	1	0	1
Uniq2223	0	0	1	0	0	0	0	2	0	0	0	0	0	0	0	0	0	0	0	0	0	0	0	0	0	0	0	0	0	1	0	0	0	0	0	1	0	1	0	0	0	0	0	0	0	0	0	0
Uniq3952	0	0	3	0	0	0	0	1	0	0	0	0	0	0	0	0	0	0	0	0	0	0	0	0	0	0	0	1	0	0	0	2	0	1	0	2	0	1	0	0	0	0	0	0	0	0	0	0
Uniq2003	0	0	0	0	0	0	0	0	0	0	0	0	0	0	0	0	0	0	0	0	0	0	0	0	0	0	0	0	0	0	0	0	0	0	0	0	0	0	0	0	0	0	0	0	0	0	0	0
Uniq3457	0	2	0	0	0	0	0	0	0	0	0	0	0	0	1	0	0	0	0	0	0	0	0	0	0	0	0	0	0	0	0	0	1	0	1	0	0	0	0	0	0	0	0	0	0	0	0	0
Uniq691	0	0	1	0	1	0	0	1	1	13	1	6	1	27	1	5	3	6	4	0	1	0	1	1	3	3	5	1	0	0	0	0	1	0	0	1	0	0	0	0	0	0	0	2	0	1	0	1
Uniq2170	0	0	0	0	0	0	0	1	0	1	0	0	0	2	0	0	1	1	0	0	0	0	0	0	1	0	0	1	0	1	0	3	0	1	0	4	0	2	0	0	0	0	0	0	0	0	0	0
Uniq938	0	0	0	0	0	0	0	0	0	0	0	0	0	0	0	0	0	0	0	0	0	0	0	0	0	0	0	1	0	1	0	0	0	1	0	0	0	0	0	0	0	0	0	0	0	0	0	0
Uniq2518	0	0	0	0	0	0	0	0	0	0	0	0	0	0	0	0	0	0	0	0	0	0	0	0	0	0	0	0	0	0	0	0	0	0	0	0	0	0	0	0	0	0	0	0	0	0	0	0
Uniq1549	0	1	0	2	1	1	1	1	2	0	0	0	0	1	1	0	2	0	0	0	0	0	0	0	1	1	1	1	5	0	3	0	2	1	1	0	1	1	1	0	1	2	0	0	0	0	1	0
Uniq2011	0	13	0	12	0	14	0	0	0	0	2	0	0	0	3	0	0	0	0	1	0	0	0	0	0	0	0	0	6	0	9	0	6	0	4	0	3	0	3	0	1	0	0	0	1	1	0	0
Uniq2829	0	1	0	2	0	1	0	0	0	0	0	0	0	0	0	0	0	0	0	0	0	0	0	0	0	0	0	0	3	0	2	0	1	0	0	0	0	0	0	0	0	0	0	0	0	0	0	0
Uniq984	0	0	1	0	1	0	3	1	0	0	0	5	0	0	0	0	4	0	0	0	0	0	0	0	3	0	0	0	0	0	0	0	0	0	0	0	0	0	0	0	0	15	0	7	0	0	1	1
Uniq2107	0	0	0	0	0	0	0	0	0	10	0	1	0	3	0	0	3	3	0	0	0	0	1	0	3	1	0	0	0	0	0	0	0	0	0	0	0	0	0	0	0	1	0	1	0	2	0	0
Uniq3439	0	1	0	2	0	3	0	1	0	0	0	0	0	0	0	0	0	0	0	0	0	0	0	0	0	0	0	0	3	0	2	0	2	0	1	0	1	0	0	1	0	1	0	0	1	0	1	1
Uniq3911	0	0	0	0	1	0	0	0	1	0	0	0	0	0	0	0	0	0	0	0	0	0	0	0	0	0	0	1	0	0	0	1	0	0	0	1	0	1	0	0	0	0	0	1	0	0	1	0
Uniq358	0	0	0	0	0	0	0	0	0	0	0	0	0	0	0	0	0	0	0	0	0	0	0	0	0	0	0	0	0	0	0	0	0	0	0	0	0	0	0	0	0	0	0	0	0	0	0	0
Uniq3027	0	0	0	0	0	0	0	0	1	0	0	0	0	0	0	0	0	0	0	0	0	0	0	0	0	0	0	0	0	0	0	1	0	0	0	0	0	0	0	0	0	0	0	0	0	0	0	0
Uniq1555	0	0	0	0	0	0	0	1	0	3	0	0	0	2	0	1	1	2	0	0	0	0	1	0	1	0	0	4	0	2	0	3	0	4	0	4	0	2	0	0	0	0	0	0	0	0	0	0
Uniq2430	0	0	0	0	1	0	0	0	0	0	0	0	0	0	0	0	0	0	0	0	0	0	0	0	0	0	0	0	0	0	0	0	0	0	0	0	0	0	0	0	0	0	0	0	0	0	0	0
Uniq1212	0	0	0	0	0	0	0	0	0	0	0	0	0	0	0	0	0	0	0	0	0	0	0	0	0	0	0	0	0	0	0	0	0	0	0	0	0	0	0	0	0	0	0	0	0	0	0	0
Uniq4485	0	0	0	0	0	0	0	0	0	0	1	0	2	0	1	0	0	0	0	1	0	0	1	0	0	0	0	0	0	0	0	0	0	0	0	0	0	0	0	0	0	0	0	1	0	0	0	0
Uniq3079	0	0	1	0	0	0	0	0	0	1	0	0	0	0	0	0	0	0	0	0	0	0	0	0	1	0	0	1	0	2	0	1	0	1	0	1	0	2	0	0	0	0	0	0	0	0	0	1
Uniq444	0	0	0	0	0	0	0	0	0	0	0	0	0	0	0	0	0	0	0	0	0	0	0	0	0	0	0	0	0	0	0	0	0	0	0	0	0	1	0	0	0	0	0	0	0	0	0	0
Uniq4514	0	0	0	0	1	1	0	0	0	0	0	0	0	0	0	0	0	0	0	0	0	0	0	0	0	0	0	1	0	1	0	2	0	1	0	1	0	1	0	0	0	0	0	1	0	1	0	2
Uniq999	0	0	1	0	1	0	0	0	0	12	1	4	1	20	2	4	3	4	2	0	2	0	2	2	3	3	3	0	0	1	1	0	0	0	0	1	0	1	0	0	0	0	0	1	0	0	0	0
Uniq195	0	0	0	0	0	0	0	0	0	0	0	0	0	0	0	0	0	0	0	0	0	0	0	0	0	0	0	0	0	0	0	0	0	0	0	0	0	1	0	0	0	0	0	0	0	0	0	0
Uniq361	0	0	0	0	0	0	0	0	0	0	0	0	0	0	0	0	0	0	0	0	0	0	0	0	0	0	0	0	0	0	0	0	0	0	0	0	0	0	0	0	0	0	0	0	0	0	0	0
Uniq3176	1	0	0	0	1	0	1	1	2	0	0	0	0	0	0	0	0	0	0	0	0	0	0	0	0	0	0	0	0	1	0	1	0	0	0	0	0	1	0	0	0	0	0	0	0	0	0	0
Uniq1746	0	0	0	0	0	0	0	0	0	0	0	0	0	0	0	0	0	0	0	0	0	0	0	0	0	0	0	0	0	0	0	0	0	0	0	0	0	1	0	0	0	0	0	0	0	0	0	1
Uniq3925	0	0	0	0	1	0	0	0	0	0	0	0	0	0	0	0	1	0	8	0	0	0	0	0	0	1	0	2	0	2	0	0	0	1	0	2	0	1	0	1	0	0	0	0	0	0	0	0
Uniq2178	0	0	0	0	0	0	0	0	0	0	0	0	0	0	0	0	0	0	0	0	0	0	0	0	0	0	0	0	0	0	0	0	0	0	0	0	0	0	0	0	0	0	0	0	0	0	0	0
Uniq2281	0	0	0	0	0	0	1	1	0	0	0	0	0	0	0	0	0	0	0	0	0	0	0	0	0	0	0	0	0	0	0	0	0	0	0	0	0	1	0	0	0	0	0	0	0	0	0	0
Uniq1898	0	0	0	0	0	0	0	0	0	0	0	0	0	0	0	0	0	0	0	0	0	0	0	0	0	0	0	0	0	0	0	0	0	0	0	0	0	0	0	0	0	0	0	0	0	0	0	0
Uniq3219	0	0	0	0	0	0	0	0	0	0	0	0	0	0	0	0	0	0	0	0	0	0	0	0	0	0	0	0	0	0	0	0	0	0	0	0	0	0	0	0	0	0	0	0	0	0	0	0
Uniq256	0	0	0	0	0	0	0	0	0	0	0	0	0	0	0	0	0	0	0	0	0	0	0	0	0	0	0	0	0	0	0	0	0	0	0	0	0	0	0	0	0	0	0	0	0	0	0	0
Uniq1533	0	0	1	0	1	0	1	0	1	0	0	0	0	0	0	0	0	0	0	0	0	0	0	0	0	0	0	0	0	0	0	0	0	1	0	1	0	1	0	0	0	0	0	0	0	0	0	0
Uniq1353	0	0	0	0	0	0	0	0	0	2	0	22	0	4	0	2	0	3	1	0	2	0	1	0	1	1	2	0	0	0	0	0	0	0	0	0	0	0	0	0	0	0	0	1	0	0	0	0
Uniq4520	0	0	0	0	0	0	0	0	0	0	0	0	0	0	0	0	0	0	0	0	0	0	0	0	0	0	0	0	0	0	0	0	0	0	0	0	0	0	0	0	0	0	0	0	0	0	0	0
Uniq1530	0	0	0	0	0	0	0	0	0	0	0	0	0	0	0	0	0	0	0	0	0	0	0	0	0	0	0	0	0	0	0	0	0	0	0	0	0	0	0	0	0	0	0	0	0	0	0	0
Uniq3330	0	0	0	0	0	0	0	0	0	0	0	0	0	0	0	0	0	0	0	0	0	0	0	0	0	0	0	0	0	0	0	0	0	0	0	0	0	0	0	0	0	0	0	0	0	0	0	0
Uniq3044	0	0	0	0	0	0	0	0	0	0	0	0	0	0	0	0	0	0	0	0	0	0	0	0	0	0	0	0	0	0	0	0	0	0	0	0	0	0	0	0	0	0	0	0	0	0	0	0
Uniq2844	0	0	1	0	1	0	1	1	1	0	0	0	0	0	0	1	1	0	0	0	0	0	0	0	0	0	0	0	0	0	0	0	0	1	0	1	0	0	0	0	0	0	0	0	0	1	0	0
Uniq2585	0	0	0	0	0	0	0	0	0	6	0	0	0	0	0	0	2	2	0	0	0	0	1	0	1	0	0	0	0	0	0	0	0	0	0	0	0	0	0	0	0	0	0	1	0	1	0	0
Uniq1062	0	0	0	0	0	0	0	0	0	0	0	0	0	0	0	0	0	0	0	0	0	0	0	0	0	0	0	0	0	0	0	0	0	0	0	0	0	0	0	0	0	0	0	0	0	0	0	0
Uniq1737	0	0	1	0	1	0	1	0	0	0	0	3	0	0	0	0	2	0	0	0	0	0	0	0	1	0	0	0	0	0	0	0	0	0	0	0	0	0	0	0	0	9	0	4	0	1	0	0
Uniq2030	0	0	0	0	0	0	0	0	0	0	0	0	0	0	0	0	0	0	0	0	0	0	0	0	0	0	0	0	0	0	0	0	0	1	0	0	0	0	0	0	0	0	0	0	0	0	0	0
Uniq4440	0	0	1	0	1	0	0	1	0	0	0	0	0	0	0	0	0	0	0	0	0	0	0	0	1	0	0	1	0	1	0	1	0	1	0	2	0	2	0	0	0	1	0	0	0	0	0	1
Uniq959	0	0	1	0	0	0	0	1	0	0	0	0	0	0	0	0	0	0	0	0	0	0	0	0	0	0	0	0	0	1	0	1	0	0	0	1	0	0	0	0	0	0	0	0	0	0	0	0
Uniq627	0	0	0	0	0	0	0	0	0	0	0	0	0	0	0	0	0	0	0	0	0	0	0	0	0	0	0	0	0	0	0	0	0	0	0	0	0	0	0	0	0	0	0	0	0	0	0	0
Uniq1470	0	0	1	0	0	0	0	0	1	39	3	10	2	18	2	12	5	11	3	1	1	1	1	1	3	3	3	0	0	0	1	0	1	0	0	1	0	3	0	0	0	0	0	1	0	1	0	1
Uniq2530	0	0	0	0	0	0	0	0	0	0	0	0	0	0	0	0	0	0	0	0	0	0	0	0	0	0	0	0	0	1	0	0	0	0	0	0	0	0	0	0	0	0	0	0	0	0	0	0
Uniq1356	0	0	0	0	0	0	0	0	0	2	0	17	0	3	0	2	0	1	1	0	2	0	1	0	0	0	1	0	0	0	0	0	0	0	0	0	0	0	0	0	0	0	0	0	0	0	0	0
Uniq337	0	0	0	0	0	0	0	0	0	0	0	0	0	0	0	0	0	0	0	0	0	0	0	0	0	0	0	0	0	0	0	0	0	0	0	0	0	0	0	0	0	0	0	0	0	0	0	0
Uniq769	0	0	0	0	0	0	0	0	1	1	0	1	0	24	0	1	1	2	2	0	1	0	1	2	3	3	3	0	0	0	0	0	0	0	0	2	0	0	0	0	0	0	0	0	0	0	0	0
Uniq1135	0	0	1	0	1	0	0	1	0	51	5	13	3	22	5	12	9	12	3	1	2	1	1	2	4	4	2	0	0	1	1	0	2	0	0	1	0	3	0	0	0	0	0	2	0	1	0	1
Uniq1184	0	0	0	0	0	0	0	0	0	0	0	0	0	0	0	0	0	0	0	0	0	0	0	0	0	0	0	0	0	0	0	0	0	0	0	0	0	0	0	0	0	0	0	0	0	0	0	0
Uniq732	0	0	1	0	1	0	0	0	0	2	2	5	1	31	3	3	3	5	5	0	2	0	3	2	3	5	5	0	0	0	1	0	1	0	0	1	0	0	0	0	0	0	0	1	0	0	0	1
Uniq4474	0	0	0	0	0	0	0	0	1	1	0	0	0	0	0	0	4	1	0	0	1	0	0	0	0	0	0	0	0	0	0	0	0	0	0	0	0	0	0	0	0	0	0	0	0	0	0	0
Uniq798	0	0	0	0	0	0	0	0	0	0	0	0	0	0	0	0	0	0	0	0	0	0	0	0	0	0	0	0	0	0	0	0	0	0	0	0	0	0	0	0	0	0	0	0	0	0	0	0
Uniq546	0	0	0	0	0	0	0	0	0	0	0	0	0	0	0	0	0	0	0	0	0	0	0	0	0	0	0	0	0	0	0	0	0	0	0	0	0	0	0	0	0	0	0	0	0	0	0	0
Uniq422	0	0	0	0	0	0	0	0	0	0	0	0	0	0	0	0	0	0	0	0	0	0	0	0	0	0	0	0	0	0	0	0	0	0	0	0	0	0	0	0	0	0	0	0	0	0	0	0
Uniq2988	0	0	1	0	0	0	1	1	1	0	0	1	0	0	0	0	0	0	1	0	0	0	0	0	0	0	0	3	0	0	0	1	0	2	0	2	0	2	0	1	0	0	0	0	0	1	0	1
Uniq3755	0	3	1	2	1	2	0	1	0	0	2	1	0	0	0	1	0	0	0	0	0	0	0	0	0	0	0	1	5	1	2	0	2	1	0	1	0	1	0	1	0	0	0	0	0	0	1	1
Uniq150	0	0	0	0	0	0	0	0	0	0	0	0	0	0	0	0	0	0	0	0	0	0	0	0	0	0	0	0	0	0	0	0	0	0	0	0	0	0	0	0	0	0	0	0	0	0	0	0
Uniq758	0	0	2	0	3	0	3	1	0	0	0	6	0	1	0	0	4	0	0	0	1	0	0	0	4	0	0	0	0	0	0	0	0	0	0	0	0	0	0	0	0	17	0	7	0	1	0	1
Uniq2593	0	0	0	0	0	0	0	0	0	0	0	0	0	0	0	0	0	0	0	0	0	0	0	0	0	0	0	0	0	0	0	0	0	0	0	0	0	0	0	0	0	0	0	0	0	0	0	0
Uniq333	0	0	1	0	2	0	0	1	1	9	7	14	4	70	7	9	7	9	6	1	2	1	4	4	8	12	12	1	1	1	2	0	3	0	0	4	0	1	0	0	0	1	0	2	0	1	0	1
Uniq2267	0	0	0	0	1	0	0	0	0	1	0	11	0	1	0	0	0	1	0	0	1	0	1	0	1	1	1	0	0	0	0	0	0	0	0	0	0	0	0	0	0	0	0	0	0	0	0	0
Uniq2601	0	0	0	0	0	0	0	0	0	0	3	0	4	0	2	0	0	0	0	2	0	0	1	2	0	0	0	0	0	0	0	0	0	0	0	0	0	0	1	0	0	0	0	1	0	0	0	0
Uniq1779	0	0	0	0	0	0	0	0	1	1	0	9	0	3	0	4	2	1	0	0	1	0	1	0	1	1	0	0	0	0	0	0	0	0	0	0	0	0	0	0	0	0	0	0	0	0	0	0
Uniq3992	0	1	0	1	1	1	0	0	0	0	0	0	0	0	0	0	0	0	0	0	0	0	0	0	0	0	0	0	2	0	0	0	1	0	0	0	0	0	0	0	0	0	1	0	0	0	0	0
Uniq2680	0	0	1	0	0	0	0	0	0	5	0	0	0	0	0	1	2	2	0	0	0	0	1	0	1	0	0	0	0	0	0	0	0	0	0	0	0	0	0	0	0	0	0	0	0	0	0	0
Uniq3343	0	0	1	0	0	0	0	0	0	0	0	0	0	0	0	0	0	0	0	0	0	0	0	0	0	0	0	0	0	0	0	0	0	0	0	1	0	1	0	0	0	0	0	0	0	0	0	0
Uniq2824	0	0	0	0	0	0	1	0	0	0	0	0	0	0	0	0	0	0	0	0	0	0	0	0	0	0	0	0	0	0	0	1	0	0	0	0	0	0	0	0	0	0	0	0	0	0	0	1
Uniq1105	0	0	0	0	0	0	0	0	0	0	0	0	0	0	0	0	0	0	0	0	0	0	0	0	0	0	0	0	0	0	0	0	0	0	0	0	0	0	0	0	0	0	0	0	0	0	0	0
Uniq4314	0	0	0	0	0	0	0	0	1	0	0	1	0	0	0	0	1	0	0	0	0	0	0	0	1	0	0	0	0	0	0	0	0	0	0	0	0	0	0	0	0	0	0	0	0	0	0	0
Uniq1341	0	0	0	0	0	0	0	0	0	0	0	0	0	0	0	0	0	0	0	0	0	0	0	0	0	0	0	0	0	0	0	0	0	0	0	0	0	0	0	0	0	0	0	0	0	0	0	0
Uniq3380	0	0	0	0	1	0	2	0	0	0	0	0	0	1	0	0	3	2	0	0	0	0	1	0	1	0	0	0	0	0	0	0	0	0	0	0	0	0	0	0	0	1	0	1	0	0	0	1
Uniq897	0	0	0	0	0	0	0	0	0	0	0	0	0	0	0	0	0	0	0	0	0	0	0	0	0	0	0	0	0	0	0	0	0	0	0	0	0	0	0	0	0	0	0	0	0	0	0	0
Uniq1771	0	0	0	0	1	0	0	0	0	0	0	0	0	0	0	0	0	0	0	0	0	0	0	0	0	0	0	0	0	0	0	0	0	0	0	0	0	0	0	0	0	0	0	0	0	0	0	0
Uniq2969	0	1	0	3	1	2	1	1	0	0	1	0	0	0	1	0	0	0	0	0	0	0	0	0	0	1	1	0	4	0	3	0	2	0	1	0	0	0	0	1	1	0	1	0	1	0	0	2
Uniq2566	0	1	0	2	1	1	0	0	0	0	0	0	0	0	1	0	0	0	0	0	0	0	0	0	0	0	1	0	4	0	2	0	2	0	0	0	0	0	0	0	1	0	1	0	1	0	1	1
Uniq2271	0	6	0	9	0	11	1	0	1	0	1	1	0	0	1	0	1	0	0	0	1	0	0	0	0	0	0	0	6	0	6	0	3	0	1	0	1	0	1	3	2	1	1	0	1	1	1	3
Uniq2398	0	0	1	0	3	0	1	2	1	1	0	1	0	1	0	2	0	1	0	0	0	0	0	0	0	0	0	1	0	1	0	1	0	1	0	0	0	0	0	2	0	0	0	1	0	1	1	2
Uniq1444	0	0	0	0	0	0	0	0	0	0	0	0	0	0	0	0	0	0	0	0	0	0	0	0	0	0	0	0	0	0	0	0	0	0	0	0	0	0	0	0	0	0	0	0	0	0	0	0
Uniq2950	0	0	0	0	0	0	0	0	0	6	0	0	0	0	0	1	0	1	0	0	0	0	0	0	0	0	1	0	0	0	0	0	0	0	0	0	0	0	0	0	0	0	0	0	0	0	0	0
Uniq3647	0	2	0	1	0	2	0	0	0	0	0	0	0	0	0	0	0	0	0	0	0	0	0	0	0	0	0	0	3	0	4	0	1	0	1	0	1	0	1	0	0	0	0	0	0	0	0	0
Uniq688	0	0	0	0	0	0	0	0	0	0	0	0	0	0	0	0	0	0	0	0	0	0	0	0	0	0	0	0	0	0	0	0	0	0	0	0	0	0	0	0	0	0	0	0	0	0	0	0
Uniq1750	0	3	0	6	0	6	0	0	0	0	1	0	0	0	1	0	0	0	0	0	0	0	0	0	0	0	0	0	7	0	5	0	4	0	2	0	2	0	1	0	0	0	1	0	0	0	0	0
Uniq755	0	0	0	0	0	0	0	0	0	0	0	0	0	0	0	0	0	0	0	0	0	0	0	0	0	0	0	0	0	0	0	0	0	0	0	0	0	0	0	0	0	0	0	0	0	0	0	0
Uniq196	0	0	4	0	0	0	3	0	5	3	0	1	0	0	0	0	0	0	0	0	0	0	0	0	1	8	4	0	0	0	0	0	0	0	36	2	66	0	60	1	29	0	23	0	28	0	1	1
Uniq1340	0	0	1	0	0	0	1	0	0	0	5	1	6	0	3	2	0	2	1	5	2	1	3	4	1	1	1	0	0	0	0	0	0	0	1	0	1	0	1	0	0	0	0	2	0	0	0	0
Uniq3644	0	2	0	2	0	2	0	0	0	0	0	0	0	0	0	0	0	0	0	0	0	0	0	0	0	0	0	0	3	0	1	0	1	0	1	0	1	0	1	0	0	0	0	0	0	0	0	0
Uniq1266	0	0	0	0	0	0	0	0	0	0	0	0	0	0	0	0	0	0	0	0	0	0	0	0	0	0	0	0	0	0	0	0	0	0	0	0	0	0	0	0	0	0	0	0	0	0	0	0
Uniq2960	0	0	0	0	0	0	0	0	0	23	0	67	0	4	0	0	14	8	9	0	4	0	1	0	11	0	3	0	0	0	0	0	0	0	0	0	0	0	0	0	0	1	0	4	0	3	1	0
Uniq3786	0	0	0	0	0	0	0	0	0	2	0	2	0	0	0	0	3	2	0	0	0	0	0	0	0	1	0	0	0	0	0	0	0	0	0	0	0	0	0	0	0	0	0	0	0	0	0	0
Uniq1050	0	0	0	0	0	0	0	1	0	0	0	0	0	0	0	0	0	0	0	0	0	0	0	0	0	0	0	0	0	0	0	0	0	1	0	0	0	1	0	0	0	0	0	1	0	0	0	0
Uniq79	0	0	6	0	0	0	7	0	7	6	0	1	0	0	0	0	0	0	0	0	0	0	0	0	1	10	5	0	0	0	0	0	0	0	70	2	129	0	117	1	48	0	41	0	54	0	1	3
Uniq102	0	71	0	57	0	28	0	0	0	0	93	0	12	0	92	0	0	0	0	67	0	22	0	17	0	0	0	0	49	0	57	0	49	0	67	0	6	0	14	0	1	0	1	0	5	0	0	0
Uniq2705	0	4	0	4	0	5	0	0	0	0	0	0	0	0	1	0	0	0	0	0	0	0	0	0	0	0	0	0	3	0	3	0	2	0	1	0	1	0	1	0	0	0	0	0	0	0	0	0
Uniq682	0	17	0	17	0	25	0	0	0	0	4	0	0	0	7	0	0	0	0	1	0	1	0	1	0	0	0	0	18	0	20	0	9	0	11	0	8	0	6	0	1	0	1	0	1	0	0	0
Uniq279	0	27	0	20	0	8	0	0	0	0	36	0	5	0	33	0	0	0	0	22	0	9	0	4	0	0	0	0	19	0	19	0	18	0	24	0	1	0	6	0	0	0	0	0	2	0	0	0
Uniq3893	0	3	0	0	0	1	0	0	0	0	0	0	0	0	1	0	0	0	0	0	0	0	0	0	0	0	0	0	0	0	0	0	3	0	1	0	0	0	0	0	0	0	0	0	0	0	0	0
Uniq681	0	5	0	4	0	4	0	0	0	0	3	0	7	0	2	0	0	0	0	1	0	1	0	9	0	0	0	0	5	0	3	0	9	0	5	0	1	0	5	0	1	0	0	0	0	0	0	0
Uniq258	0	28	0	22	0	8	0	0	0	0	34	0	5	0	37	0	0	0	0	27	0	8	0	4	0	0	0	0	19	0	24	0	19	0	25	0	2	0	7	0	0	0	1	0	2	0	0	0
Uniq770	0	12	0	10	0	15	0	0	0	0	4	0	1	0	3	0	0	0	0	1	0	1	0	1	0	0	0	0	10	0	13	0	9	0	4	0	4	0	5	0	1	0	1	0	1	0	0	0
Uniq482	0	17	0	15	0	22	0	0	0	0	6	0	1	0	7	0	0	0	0	1	0	1	0	1	0	0	0	0	17	0	15	0	10	0	9	0	6	0	6	0	2	0	1	0	2	0	0	0
Uniq122	0	146	0	157	0	216	0	0	0	0	36	0	7	0	50	0	0	0	0	6	0	6	0	9	0	0	0	0	146	0	164	0	96	0	73	0	57	0	43	0	10	0	8	0	9	0	0	0
Uniq288	0	27	0	19	0	9	0	0	0	0	33	0	3	0	32	0	0	0	0	22	0	7	0	5	0	0	0	0	19	0	23	0	18	0	25	0	2	0	5	0	0	0	1	0	1	0	0	0
Uniq2193	0	9	0	10	0	11	0	0	0	0	2	0	0	0	2	0	0	0	0	0	0	0	0	0	0	0	0	0	8	0	12	0	7	0	5	0	3	0	2	0	0	0	1	0	0	0	0	0
Uniq273	0	30	0	21	0	12	0	0	0	0	32	0	3	0	36	0	0	0	0	26	0	9	0	4	0	0	0	0	19	0	20	0	17	0	27	0	2	0	4	0	1	0	1	0	1	0	0	0
Uniq2119	0	6	0	2	0	7	0	0	0	0	1	0	0	0	2	0	0	0	0	0	0	0	0	0	0	0	0	0	1	0	0	0	1	0	3	0	2	0	2	0	0	0	0	0	0	0	0	0
Uniq249	0	40	0	35	0	53	0	0	0	0	9	0	2	0	15	0	0	0	0	1	0	2	0	2	0	0	0	0	35	0	44	0	24	0	17	0	16	0	13	0	3	0	2	0	2	0	0	0
Uniq1440	0	9	0	11	0	8	0	0	0	0	1	0	0	0	1	0	0	0	0	0	0	1	0	0	0	0	0	0	8	0	4	0	2	0	1	0	1	0	0	0	0	0	0	0	0	0	0	0
Uniq746	0	7	0	5	0	3	0	0	0	0	4	0	7	0	4	0	0	0	0	1	0	1	0	11	0	0	0	0	5	0	2	0	12	0	5	0	1	0	7	0	1	0	0	0	0	0	0	0
Uniq334	0	10	0	6	0	5	0	0	0	0	7	0	11	0	5	0	0	0	0	1	0	3	0	23	0	0	0	0	10	0	6	0	21	0	8	0	3	0	10	0	2	0	1	0	0	0	0	0
Uniq1691	0	12	1	12	0	18	0	0	0	0	2	0	0	0	4	0	0	0	0	0	0	0	0	0	0	0	0	0	11	0	11	0	7	0	4	0	3	0	2	0	0	0	1	0	1	0	0	0
Uniq4470	0	8	0	15	0	31	0	0	0	0	0	0	0	0	2	0	0	0	0	0	0	0	0	0	0	0	0	0	6	0	5	0	1	0	0	0	0	0	0	0	0	0	0	0	0	0	0	0
Uniq3267	0	3	0	5	0	10	0	0	0	0	0	0	0	0	0	0	0	0	0	0	0	0	0	0	0	0	0	0	0	0	0	0	0	0	0	0	0	0	0	0	0	0	0	0	0	0	0	0
Uniq2548	0	4	0	1	0	4	0	0	0	0	1	0	0	0	2	0	0	0	0	0	0	0	0	0	0	0	0	0	1	0	0	0	0	0	2	0	2	0	1	0	0	0	0	0	0	0	0	0
Uniq49	0	2	0	0	0	0	0	0	0	0	0	0	0	0	0	0	0	0	30	35	26	60	30	40	27	28	34	0	0	0	0	0	0	0	0	0	0	0	0	26	51	31	57	34	51	35	34	16
Uniq4025	0	5	0	3	0	3	0	0	0	0	0	0	0	0	0	0	0	0	0	0	0	0	0	0	0	0	0	0	2	0	1	0	1	0	0	0	0	0	0	0	0	0	0	0	0	0	0	0
Uniq3976	0	3	0	4	0	6	0	0	0	0	0	0	0	0	0	0	0	0	0	0	0	0	0	0	0	0	0	0	0	0	0	0	0	0	0	0	0	0	0	0	0	0	0	0	0	0	0	0
Uniq1781	0	12	0	11	0	13	0	0	0	0	1	0	0	0	2	0	0	0	0	1	0	0	0	0	0	0	0	0	12	0	12	0	8	0	5	0	4	0	2	0	0	0	1	0	1	0	0	0
Uniq74	0	126	0	63	0	35	0	0	0	0	146	0	15	0	165	0	0	0	0	114	0	25	0	14	0	0	0	0	60	0	90	0	57	0	98	0	8	0	16	0	1	0	0	0	4	0	0	0
Uniq164	0	51	0	35	0	14	0	0	0	0	55	0	6	0	56	0	0	0	0	39	0	14	0	10	0	0	0	0	29	0	37	0	30	0	38	0	3	0	9	0	1	0	1	0	3	0	0	0
Uniq235	0	35	0	30	0	13	0	0	0	0	40	0	5	0	47	0	0	0	0	34	0	11	0	8	0	0	0	0	23	0	29	0	22	0	34	0	2	0	6	0	1	0	0	0	3	0	0	0
Uniq3517	0	9	0	12	0	8	0	0	0	0	0	0	0	0	1	0	0	0	0	0	0	0	0	0	0	0	0	0	6	0	4	0	2	0	1	0	1	0	1	0	0	0	0	0	0	0	0	0
Uniq350	0	26	0	27	0	35	0	0	0	0	6	0	1	0	10	0	0	0	0	1	0	2	0	2	0	0	0	0	26	0	28	0	13	0	14	0	10	0	9	0	1	0	2	0	1	0	0	0
Uniq223	0	34	0	25	0	11	0	0	0	0	39	0	5	0	44	0	0	0	0	35	0	10	0	8	0	0	0	0	23	0	29	0	25	0	31	0	2	0	7	0	1	0	1	0	2	0	0	0
Uniq275	0	24	0	21	0	7	0	0	0	0	37	0	4	0	35	0	0	0	0	22	0	8	0	5	0	0	0	0	18	0	23	0	19	0	25	0	2	0	4	0	1	0	0	0	2	0	0	0
Uniq152	0	44	0	32	0	15	0	0	0	0	45	0	7	0	56	0	0	0	0	38	0	12	0	8	0	0	0	0	32	0	36	0	27	0	39	0	3	0	9	0	0	0	1	0	2	0	0	0
Uniq297	0	26	0	29	0	38	0	0	0	0	7	0	1	0	10	0	0	0	0	2	0	1	0	2	0	0	0	0	27	0	30	0	17	0	12	0	10	0	8	0	2	0	2	0	2	0	0	0
Uniq130	0	49	0	25	0	14	0	0	0	0	56	0	6	0	61	0	0	0	0	47	0	8	0	5	0	0	0	0	23	0	38	0	23	0	34	0	3	0	7	0	0	0	0	0	3	0	0	0
Uniq1564	0	10	0	2	0	2	0	0	0	0	0	0	1	0	4	0	0	0	0	1	0	1	0	1	0	0	0	0	1	0	1	0	7	0	2	0	0	0	0	0	0	0	0	0	0	0	0	0
Uniq1169	0	12	0	10	0	15	0	0	0	0	2	0	0	0	2	0	0	0	0	0	0	0	0	0	0	0	0	0	17	0	13	0	11	0	6	0	5	0	4	0	1	0	1	0	0	0	0	0
Uniq4508	0	9	0	4	0	11	0	0	0	0	1	0	0	0	4	0	0	0	0	0	0	1	0	0	0	0	0	0	0	0	0	0	1	0	5	0	4	0	3	0	0	0	0	0	1	0	0	0
Uniq488	0	19	0	15	0	7	0	0	0	0	22	0	4	0	29	0	0	0	0	20	0	6	0	4	0	0	0	0	14	0	17	0	12	0	19	0	1	0	3	0	0	0	0	0	1	0	0	0
Uniq2339	0	7	0	5	0	11	0	0	0	0	1	0	0	0	2	0	0	0	0	0	0	1	0	0	0	0	0	0	8	0	12	0	6	0	4	0	2	0	3	0	1	0	1	0	0	0	0	0
Uniq1563	0	7	0	8	0	5	0	0	0	0	0	0	0	0	1	0	0	0	0	0	0	0	0	0	0	0	0	0	6	0	3	0	2	0	0	0	1	0	0	0	0	0	0	0	0	0	0	0
Uniq276	0	28	0	26	0	11	0	0	0	0	35	0	5	0	42	0	0	0	0	27	0	9	0	5	0	0	0	0	17	0	26	0	21	0	27	0	2	0	5	0	0	0	1	0	1	0	0	0
Uniq585	0	13	0	15	0	17	0	0	0	0	5	0	1	0	4	0	0	0	0	0	0	1	0	1	0	0	0	0	15	0	20	0	10	0	7	0	6	0	5	0	1	0	1	0	1	0	0	0
Uniq752	0	4	0	4	0	4	0	0	0	0	4	0	7	0	4	0	0	0	0	1	0	2	0	11	0	0	0	0	5	0	2	0	13	0	5	0	1	0	8	0	1	0	1	0	0	0	0	0
Uniq2784	0	3	0	1	0	3	0	0	0	0	1	0	0	0	1	0	0	0	0	0	0	0	0	0	0	0	0	0	2	0	3	0	1	0	1	0	1	0	1	0	0	0	0	0	0	0	0	0
Uniq201	0	54	0	51	0	67	0	0	0	0	13	0	1	0	17	0	0	0	0	2	0	2	0	3	0	0	0	0	52	0	54	0	33	0	28	0	19	0	17	0	2	0	3	0	4	0	0	0
Uniq1462	0	4	0	3	0	2	0	0	0	0	4	0	1	0	1	0	0	0	0	0	0	5	0	2	0	0	0	0	5	0	1	0	8	0	2	0	2	0	1	0	1	0	0	0	0	0	0	0
Uniq2494	0	3	0	5	0	3	0	0	0	0	0	0	0	0	1	0	0	0	0	0	0	0	0	0	0	0	0	0	17	0	8	0	3	0	1	0	1	0	1	0	0	0	0	0	0	0	0	0
Uniq287	0	15	0	12	0	8	0	0	0	0	8	0	15	0	10	0	0	0	0	1	0	5	0	32	0	0	0	0	14	0	7	0	34	0	14	0	3	0	19	0	2	0	1	0	0	0	0	0
Uniq1375	0	18	0	23	0	13	0	0	0	0	1	0	0	0	2	0	0	0	0	0	0	0	0	0	0	0	0	0	11	0	8	0	5	0	1	0	3	0	1	0	0	0	0	0	0	0	0	0
Uniq136	0	46	0	36	0	12	0	0	0	0	50	0	6	0	58	0	0	0	0	43	0	15	0	12	0	0	0	0	30	0	39	0	33	0	39	0	3	0	10	0	1	0	1	0	2	0	0	0
Uniq3189	0	1	0	7	0	2	0	0	0	0	0	0	0	0	0	0	0	0	0	0	0	0	0	0	0	0	0	0	4	0	3	0	1	0	0	0	0	0	0	0	0	0	0	0	0	0	0	0
Uniq283	0	31	0	33	0	43	0	0	0	0	5	0	1	0	10	0	0	0	0	2	0	1	0	2	0	0	0	0	28	0	36	0	19	0	16	0	10	0	8	0	2	0	1	0	3	0	0	0
Uniq158	0	41	0	27	0	14	0	0	0	0	49	0	8	0	51	0	0	0	0	41	0	13	0	8	0	0	0	0	27	0	39	0	28	0	38	0	3	0	8	0	0	0	1	0	1	0	0	0
Uniq1763	0	6	0	1	0	1	0	0	0	0	0	0	1	0	3	0	0	0	0	0	0	1	0	1	0	0	0	0	0	0	0	0	3	0	2	0	0	0	0	0	0	0	0	0	0	0	0	0
Uniq1556	0	6	0	7	0	9	0	0	0	0	1	0	0	0	1	0	0	0	0	0	0	0	0	0	0	0	0	0	7	0	7	0	5	0	3	0	3	0	1	0	0	0	0	0	0	0	0	0
Uniq3603	0	10	0	12	0	14	0	0	0	0	1	0	1	0	3	0	0	0	0	0	0	0	0	0	0	0	0	0	13	0	18	0	10	0	5	0	4	0	4	0	1	0	1	0	1	0	0	0
Uniq4509	0	9	0	10	0	25	0	0	0	0	0	0	1	0	3	0	0	0	0	0	0	0	0	0	0	0	0	0	15	0	38	0	20	0	0	0	0	0	1	0	0	0	0	0	0	0	0	0
Uniq2762	0	7	0	6	0	6	0	0	0	0	0	0	0	0	1	0	0	0	0	0	0	0	0	0	0	0	0	0	3	0	2	0	1	0	0	0	1	0	0	0	0	0	0	0	0	0	0	0
Uniq476	0	15	0	19	0	25	0	0	0	0	4	0	1	0	4	0	0	0	0	1	0	1	0	1	0	0	0	0	20	0	19	0	11	0	8	0	8	0	6	0	1	0	1	0	2	0	0	0
Uniq3069	0	4	0	9	0	11	0	0	0	0	0	0	0	0	0	0	0	0	0	0	0	0	0	0	0	0	0	0	0	0	0	0	0	0	0	0	0	0	0	0	0	0	0	0	0	0	0	0
Uniq1683	0	22	0	6	0	23	0	0	0	0	2	0	0	0	10	0	0	0	0	0	0	1	0	0	0	0	0	0	1	0	0	0	2	0	13	0	8	0	6	0	1	0	1	0	1	0	0	0
Uniq510	0	16	0	17	0	22	0	0	0	0	4	0	1	0	6	0	0	0	0	0	0	1	0	1	0	0	0	0	16	0	16	0	10	0	7	0	5	0	5	0	1	0	0	0	1	0	0	0
Uniq388	0	20	0	16	0	7	0	0	0	0	24	0	2	0	27	0	0	0	0	19	0	8	0	5	0	0	0	0	17	0	18	0	13	0	21	0	2	0	4	0	0	0	0	0	1	0	0	0
Uniq3937	0	3	0	6	0	9	0	0	0	0	0	0	0	0	0	0	0	0	0	0	0	0	0	0	0	0	0	0	0	0	0	0	0	0	0	0	0	0	0	0	0	0	0	0	0	0	0	0
Uniq32	0	1	0	1	0	0	0	0	0	0	0	0	0	0	0	0	0	0	38	41	39	62	40	42	35	36	44	0	0	0	0	0	0	0	0	0	0	0	0	42	57	39	62	39	53	51	47	29
Uniq568	0	14	0	16	0	28	0	0	0	0	4	0	0	0	7	0	0	0	0	1	0	0	0	1	0	0	0	0	18	0	20	0	8	0	9	0	6	0	6	0	1	0	1	0	1	0	0	0
Uniq1591	0	4	0	3	0	2	0	0	0	0	3	0	2	0	1	0	0	0	0	0	0	5	0	1	0	0	0	0	3	0	0	0	7	0	0	0	2	0	1	0	0	0	0	0	0	0	0	0
Uniq2911	0	13	0	11	0	21	0	0	0	0	2	0	0	0	8	0	0	0	0	1	0	1	0	0	0	0	0	0	12	0	12	0	8	0	5	0	5	0	2	0	2	0	1	0	2	0	0	0
Uniq915	0	5	0	3	0	2	0	0	0	0	3	0	3	0	4	0	0	0	0	1	0	1	0	10	0	0	0	0	3	0	2	0	10	0	5	0	1	0	6	0	1	0	0	0	0	0	0	0
Uniq446	0	1	0	1	0	1	0	0	0	0	2	0	1	0	1	0	0	0	0	1	0	2	0	1	0	0	0	0	3	0	1	0	2	0	1	0	0	0	1	0	0	0	0	0	0	0	0	0
Uniq282	0	28	0	20	0	6	0	0	0	0	31	0	3	0	38	0	0	0	0	22	0	8	0	5	0	0	0	0	16	0	26	0	19	0	22	0	2	0	6	0	0	0	0	0	2	0	0	0
Uniq353	0	1	0	3	0	1	0	0	0	0	2	0	0	0	1	0	0	0	0	1	0	1	0	1	0	0	0	0	2	0	2	0	1	0	1	0	0	0	0	0	0	0	0	0	0	0	0	0
Uniq1310	0	2	0	1	0	2	0	0	0	0	1	0	2	0	3	0	0	0	0	1	0	1	0	3	0	0	0	0	5	0	16	0	4	0	1	0	0	0	0	0	0	0	0	0	0	0	0	0
Uniq1083	0	10	0	34	0	26	0	0	0	0	1	0	0	0	2	0	0	0	0	0	0	1	0	0	0	0	0	0	16	0	14	0	7	0	1	0	2	0	1	0	1	0	1	0	1	0	0	0
Uniq1379	0	29	0	27	0	18	0	0	0	0	0	0	0	0	2	0	0	0	0	0	0	0	0	0	0	0	0	0	14	0	11	0	6	0	1	0	3	0	1	0	0	0	0	0	0	0	0	0
Uniq2537	0	3	0	12	0	6	0	0	0	0	0	0	0	0	1	0	0	0	0	0	0	0	0	0	0	0	0	0	4	0	4	0	2	0	0	0	1	0	0	0	0	0	0	0	0	0	0	0
Uniq2287	0	6	0	1	0	0	0	0	0	0	0	0	1	0	2	0	0	0	0	0	0	0	0	0	0	0	0	0	1	0	0	0	3	0	1	0	0	0	0	0	0	0	0	0	0	0	0	0
Uniq569	0	6	0	4	0	3	0	0	0	0	3	0	8	0	5	0	0	0	0	0	0	2	0	14	0	0	0	0	6	0	5	0	14	0	7	0	2	0	9	0	1	0	0	0	0	0	0	0
Uniq144	0	54	0	94	0	37	0	0	0	0	71	0	18	0	76	0	0	0	0	53	0	43	0	34	0	0	0	0	96	0	78	0	95	0	68	0	4	0	23	0	5	0	4	0	6	0	0	0
Uniq390	0	20	0	16	0	8	0	0	0	0	28	0	3	0	28	0	0	0	0	20	0	8	0	4	0	0	0	0	15	0	19	0	15	0	19	0	1	0	5	0	0	0	0	0	1	0	0	0
Uniq373	0	20	0	21	0	37	0	0	0	0	5	0	1	0	7	0	0	0	0	1	0	1	0	2	0	0	0	0	22	0	20	0	12	0	10	0	8	0	5	0	2	0	1	0	1	0	0	0
Uniq914	0	24	0	23	0	18	0	0	0	0	1	0	0	0	3	0	0	0	0	0	0	0	0	0	0	0	0	0	16	0	9	0	4	0	1	0	2	0	1	0	0	0	0	0	0	0	0	0
Uniq355	0	24	0	21	0	30	0	0	0	0	4	0	1	0	8	0	0	0	0	1	0	0	0	1	0	0	0	0	20	0	21	0	13	0	10	0	8	0	7	0	1	0	2	0	1	0	0	0
Uniq408	0	18	0	23	0	33	0	0	0	0	6	0	1	0	8	0	0	0	0	1	0	1	0	2	0	0	0	0	21	0	21	0	14	0	12	0	7	0	6	0	2	0	1	0	2	0	0	0
Uniq3469	0	6	0	12	0	23	0	0	0	0	1	0	0	0	0	0	0	0	0	0	0	0	0	0	0	0	0	0	0	0	0	0	0	0	0	0	0	0	0	0	0	0	0	0	0	0	0	0
Uniq4327	0	27	0	32	0	20	0	0	0	0	2	0	0	0	39	0	0	0	0	1	0	1	0	1	0	0	0	0	0	0	4	0	1	0	1	0	3	0	1	0	1	0	1	0	0	0	0	0
Uniq4246	0	15	0	32	0	61	0	0	0	0	1	0	0	0	4	0	0	0	0	0	0	0	0	0	0	0	0	0	11	0	10	0	1	0	1	0	0	0	0	0	0	0	0	0	0	0	0	0
Uniq2751	0	8	0	0	0	9	0	0	0	0	10	0	21	0	17	0	0	0	0	5	0	1	0	4	0	0	0	0	3	0	47	0	32	0	10	0	16	0	2	0	7	0	18	0	0	0	0	0
Uniq2129	0	8	0	6	0	4	0	0	0	0	0	0	0	0	1	0	0	0	0	0	0	0	0	0	0	0	0	0	2	0	3	0	2	0	0	0	0	0	0	0	0	0	0	0	0	0	0	0
Uniq135	0	47	0	36	0	19	0	0	0	0	61	0	9	0	69	0	0	0	0	49	0	14	0	13	0	0	0	0	36	0	40	0	34	0	42	0	2	0	10	0	1	0	0	0	2	0	0	0
Uniq1178	0	25	0	22	0	14	0	0	0	0	1	0	0	0	3	0	0	0	0	0	0	0	0	0	0	0	0	0	10	0	8	0	4	0	1	0	3	0	1	0	0	0	0	0	0	0	0	0
Uniq10	0	3	0	0	0	0	0	0	0	0	0	0	0	0	0	0	0	0	72	59	69	103	68	62	57	56	78	0	0	0	0	0	0	0	0	0	0	0	0	62	82	73	94	62	83	79	77	42
Uniq501	0	17	0	19	0	28	0	0	0	0	4	0	0	0	6	0	0	0	0	1	0	1	0	0	0	0	0	0	20	0	21	0	11	0	9	0	8	0	5	0	1	0	1	0	1	0	0	0
Uniq3476	0	4	0	5	0	5	0	0	0	0	1	0	0	0	1	0	0	0	0	0	0	0	0	0	0	0	0	0	4	0	3	0	2	0	1	0	1	0	1	0	0	0	0	0	0	0	0	0
Uniq705	0	9	0	5	0	4	0	0	0	0	4	0	7	0	4	0	0	0	0	0	0	2	0	12	0	0	0	0	5	0	4	0	13	0	4	0	1	0	7	0	1	0	0	0	0	0	0	0
Uniq251	0	28	0	26	0	12	0	0	0	0	34	0	4	0	38	0	0	0	0	28	0	8	0	7	0	0	0	0	21	0	35	0	22	0	24	0	2	0	7	0	1	0	0	0	1	0	0	0
Uniq2686	0	4	0	8	0	13	0	0	0	0	0	0	0	0	0	0	0	0	0	0	0	0	0	0	0	0	0	0	0	0	0	0	0	0	0	0	0	0	0	0	0	0	0	0	0	0	0	0
Uniq1499	0	23	0	17	0	27	0	0	0	0	3	0	0	0	7	0	0	0	0	0	0	0	0	0	0	0	0	0	19	0	25	0	16	0	9	0	6	0	6	0	1	0	2	0	1	0	0	1
Uniq4516	0	4	0	4	0	5	0	0	0	0	0	0	0	0	1	0	0	0	0	0	0	0	0	0	0	0	0	0	2	0	2	0	1	0	0	0	1	0	0	0	0	0	0	0	0	0	0	0
Uniq4026	0	8	0	7	0	9	0	0	0	0	1	0	0	0	6	0	0	0	0	0	0	1	0	0	0	0	0	0	6	0	7	0	5	0	2	0	3	0	1	0	1	0	1	0	2	0	0	0
Uniq4196	0	6	0	6	0	9	0	0	0	0	2	0	0	0	2	0	0	0	0	0	0	0	0	0	0	0	0	0	5	0	7	0	4	0	3	0	3	0	2	0	0	0	0	0	1	0	0	0
Uniq2427	0	12	0	11	0	10	0	0	0	0	0	0	0	0	2	0	0	0	0	0	0	0	0	0	0	0	0	0	6	0	5	0	2	0	1	0	1	0	1	0	0	0	0	0	0	0	0	0
Uniq264	0	24	0	20	0	11	0	0	0	0	33	0	4	0	42	0	0	0	0	26	0	7	0	7	0	0	0	0	20	0	22	0	20	0	25	0	2	0	5	0	1	0	0	0	2	0	0	0
Uniq1095	0	9	0	24	0	37	0	0	0	0	0	0	0	0	0	0	0	0	0	0	0	0	0	0	0	0	0	0	1	0	0	0	0	0	0	0	0	0	0	0	0	0	0	0	0	0	0	0
Uniq1	0	9	0	1	0	1	0	0	0	1	0	0	0	0	0	0	0	0	171	148	155	233	157	163	134	132	160	0	0	0	0	0	1	0	1	0	1	0	0	142	213	170	242	157	207	195	183	96
Uniq35	0	3	0	0	0	1	0	0	0	0	0	0	0	0	0	0	0	0	39	44	40	63	40	41	35	32	44	0	0	0	0	0	0	0	0	0	0	0	0	33	53	44	64	37	58	45	44	24
Uniq3316	0	2	0	0	0	0	0	0	0	0	0	0	1	0	2	0	0	0	0	0	0	0	0	0	0	0	0	0	0	0	0	0	2	0	1	0	0	0	0	0	0	0	0	0	0	0	0	0
Uniq2245	0	2	0	11	0	8	0	0	0	0	0	0	0	0	1	0	0	0	0	0	0	0	0	0	0	0	0	0	6	0	4	0	2	0	1	0	1	0	0	0	0	0	0	0	0	0	0	0
Uniq3554	0	0	0	0	0	0	0	0	0	0	0	0	0	0	0	0	0	0	1	0	0	1	1	1	0	1	1	0	0	0	0	0	0	0	0	0	0	0	0	0	1	1	2	0	1	1	2	0
Uniq638	0	8	0	3	0	4	0	0	0	0	4	0	8	0	4	0	0	0	0	1	0	2	0	13	0	0	0	0	5	0	3	0	14	0	5	0	1	0	7	0	1	0	0	0	0	0	0	0
Uniq1599	0	4	0	13	0	16	0	0	0	0	0	0	0	0	0	0	0	0	0	0	0	0	0	0	0	0	0	0	0	0	0	0	0	0	0	0	0	0	0	0	0	0	0	0	0	0	0	0
Uniq4385	0	34	0	12	0	48	0	0	0	0	7	0	2	0	15	0	0	0	0	2	0	14	0	44	0	0	0	0	3	0	1	0	7	0	1	0	0	0	1	0	1	0	0	0	1	0	0	0
Uniq11	0	1	0	1	0	0	0	0	0	0	0	0	0	0	0	0	0	0	83	47	83	80	86	53	72	77	98	0	0	0	0	0	0	0	0	0	0	0	0	77	68	87	74	92	67	102	103	58
Uniq498	0	17	0	16	0	26	0	0	0	0	4	0	1	0	5	0	0	0	0	1	0	0	0	0	0	0	0	0	15	0	20	0	10	0	6	0	7	0	6	0	1	0	1	0	1	0	0	0
Uniq473	0	3	0	3	0	1	0	0	0	0	2	0	1	0	2	0	0	0	0	1	0	1	0	1	0	0	0	0	4	0	3	0	3	0	2	0	0	0	1	0	0	0	0	0	0	0	0	0
Uniq851	0	4	0	3	0	1	0	0	0	0	2	0	5	0	2	0	0	0	0	0	0	1	0	9	0	0	0	0	5	0	3	0	9	0	3	0	1	0	6	0	1	0	0	0	0	0	0	0
Uniq3798	0	3	0	1	0	3	0	0	0	0	0	0	0	0	0	0	0	0	0	0	0	0	0	0	0	0	0	0	4	0	2	0	2	0	1	0	1	0	0	0	0	0	0	0	0	0	0	0
Uniq1821	0	3	0	2	0	1	0	0	0	0	1	0	1	0	1	0	0	0	0	0	0	2	0	1	0	0	0	0	2	0	0	0	4	0	1	0	1	0	0	0	0	0	0	0	0	0	0	0
Uniq2027	0	4	0	15	0	10	0	0	0	0	0	0	0	0	1	0	0	0	0	0	0	0	0	0	0	0	0	0	9	0	5	0	2	0	1	0	1	0	0	0	0	0	0	0	0	0	0	0
Uniq1331	0	4	0	3	0	2	0	0	0	0	4	0	1	0	1	0	0	0	0	0	0	5	0	1	0	0	0	0	3	0	1	0	7	0	1	0	1	0	1	0	0	0	0	0	0	0	0	0
Uniq3396	0	5	0	6	0	2	0	0	0	0	0	0	0	0	1	0	0	0	0	0	0	0	0	0	0	0	0	0	2	0	2	0	1	0	1	0	1	0	0	0	0	0	0	0	0	0	0	0
Uniq1790	0	6	0	1	0	0	0	0	0	0	0	0	1	0	2	0	0	0	0	0	0	1	0	1	0	0	0	0	1	0	0	0	4	0	1	0	0	0	0	0	0	0	0	0	0	0	0	0
Uniq2143	0	5	0	3	0	5	0	0	0	0	1	0	0	0	3	0	0	0	0	0	0	0	0	0	0	0	0	0	0	0	0	0	2	0	3	0	2	0	2	0	0	0	0	0	0	0	0	0
Uniq1760	0	8	0	7	0	7	0	0	0	0	0	0	0	0	1	0	0	0	0	0	0	0	0	0	0	0	0	0	4	0	3	0	2	0	1	0	1	0	0	0	0	0	0	0	0	0	0	0
Uniq615	0	4	0	4	0	4	0	0	0	0	2	0	5	0	4	0	0	0	0	1	0	2	0	10	0	0	0	0	5	0	3	0	12	0	6	0	1	0	6	0	1	0	0	0	0	0	0	0
Uniq1589	0	6	0	1	0	0	0	0	0	0	1	0	0	0	3	0	0	0	0	1	0	1	0	1	0	0	0	0	1	0	0	0	5	0	2	0	0	0	0	0	0	0	0	0	0	0	0	0
Uniq4389	0	5	0	0	0	15	0	0	0	0	3	0	0	0	7	0	0	0	0	0	0	0	0	0	0	0	0	0	2	0	3	0	2	0	2	0	0	0	2	0	1	0	0	0	0	0	0	0
Uniq3056	0	3	0	4	0	3	0	0	0	0	1	0	0	0	1	0	0	0	0	0	0	0	0	0	0	0	0	0	5	0	3	0	3	0	2	0	1	0	1	0	0	0	0	0	0	0	0	0
Uniq3374	0	3	0	5	0	6	0	0	0	0	1	0	0	0	1	0	0	0	0	0	0	0	0	0	0	0	0	0	4	0	5	0	3	0	2	0	1	0	1	0	1	0	0	0	0	0	0	0
Uniq2269	0	2	0	6	0	4	0	0	0	0	0	0	0	0	0	0	0	0	0	0	0	0	0	0	0	0	0	0	5	0	3	0	1	0	0	0	1	0	0	0	0	0	0	0	0	0	0	0
Uniq2437	0	3	0	6	0	11	0	0	0	0	0	0	0	0	0	0	0	0	0	0	0	0	0	0	0	0	0	0	0	0	0	0	0	0	0	0	0	0	0	0	0	0	0	0	0	0	0	0
Uniq2411	0	6	0	2	0	6	0	0	0	0	1	0	0	0	2	0	0	0	0	0	0	1	0	0	0	0	0	0	1	0	0	0	1	0	3	0	2	0	3	0	0	0	0	0	0	0	0	0
Uniq703	0	11	0	13	0	20	0	0	0	0	3	0	0	0	5	0	0	0	0	0	0	1	0	1	0	0	0	0	10	0	15	0	8	0	6	0	4	0	2	0	1	0	0	0	1	0	0	0
Uniq3391	0	2	0	2	0	3	0	0	0	0	0	0	0	0	1	0	0	0	0	0	0	0	0	0	0	0	0	0	4	0	3	0	1	0	1	0	1	0	0	0	0	0	0	0	0	0	0	0
Uniq1453	0	7	0	7	0	8	0	0	0	0	1	0	0	0	1	0	0	0	0	0	0	0	0	0	0	0	0	0	7	0	7	0	4	0	4	0	2	0	1	0	0	0	0	0	0	0	0	0
Uniq2562	0	11	0	8	0	11	0	0	0	0	2	0	0	0	3	0	0	0	0	0	0	0	0	0	0	0	0	0	9	0	10	0	7	0	4	0	4	0	2	0	1	0	1	0	0	0	0	0
Uniq1715	0	3	0	6	2	5	1	2	0	0	1	0	1	0	3	0	0	1	0	1	0	1	0	1	0	1	0	0	13	0	7	0	8	0	2	0	1	0	1	1	2	1	3	0	2	0	2	3
Uniq1232	0	10	0	8	0	10	0	0	0	0	1	0	0	0	1	0	0	0	0	0	0	0	0	0	0	0	0	0	8	0	12	0	6	0	5	0	4	0	3	0	0	0	1	0	1	0	0	0
Uniq383	0	7	0	6	0	7	0	0	0	0	6	0	15	0	7	0	0	0	0	1	0	2	0	21	0	0	0	0	12	0	5	0	22	0	8	0	2	0	13	0	1	0	1	0	0	0	0	0
Uniq1497	0	6	0	21	0	18	0	0	0	0	1	0	0	0	2	0	0	0	0	0	0	0	0	0	0	0	0	0	13	0	10	0	5	0	1	0	2	0	0	0	0	0	0	0	1	0	0	0
Uniq735	0	3	0	8	0	5	0	0	0	0	3	0	4	0	8	0	0	0	0	2	0	2	0	6	0	0	0	0	12	0	53	0	11	0	0	0	1	0	1	0	1	0	0	0	1	0	0	0
Uniq2788	0	4	0	1	0	6	0	0	0	0	1	0	0	0	1	0	0	0	0	0	0	0	0	0	0	0	0	0	0	0	0	0	1	0	2	0	1	0	1	0	0	0	0	0	0	0	0	0
Uniq1811	0	6	0	8	0	5	0	0	0	0	0	0	0	0	1	0	0	0	0	0	0	0	0	0	0	0	0	0	3	0	3	0	1	0	0	0	1	0	0	0	0	0	0	0	0	0	0	0
Uniq2197	0	3	0	3	0	6	0	0	0	0	0	0	0	0	1	0	0	0	0	0	0	0	0	0	0	0	0	0	6	0	5	0	4	0	2	0	1	0	1	0	0	0	0	0	0	0	0	0
Uniq601	0	12	0	15	0	21	0	0	0	0	3	0	1	0	5	0	0	0	0	1	0	1	0	1	0	0	0	0	15	0	17	0	9	0	8	0	6	0	5	0	1	0	1	0	1	0	0	0
Uniq367	0	21	0	26	0	36	0	0	0	0	5	0	2	0	8	0	0	0	0	1	0	1	0	2	0	0	0	0	27	0	23	0	14	0	10	0	9	0	10	0	3	0	1	0	2	0	0	0
Uniq2348	0	2	0	5	0	2	0	0	0	0	0	0	0	0	1	0	0	0	0	0	0	0	0	0	0	0	0	0	14	0	8	0	2	0	1	0	0	0	0	0	1	0	0	0	0	0	0	0
Uniq4	0	5	0	0	0	1	0	0	0	0	0	0	0	0	0	0	0	0	148	72	137	120	139	76	122	119	145	0	1	0	0	0	1	0	0	0	0	0	0	138	107	151	123	141	102	174	162	86
Uniq492	0	5	0	5	0	3	0	0	0	0	3	0	10	0	5	0	0	0	0	2	0	3	0	14	0	0	0	0	8	0	3	0	15	0	6	0	2	0	8	0	1	0	0	0	0	0	0	0
Uniq1306	0	4	0	3	0	2	0	0	0	0	3	0	1	0	1	0	0	0	0	0	0	3	0	1	0	0	0	0	3	0	0	0	7	0	1	0	2	0	1	0	1	0	0	0	0	0	0	0
Uniq827	0	13	0	7	0	8	0	0	0	0	5	0	4	0	3	0	0	0	0	1	0	10	0	3	0	0	0	0	7	0	3	0	19	0	3	0	3	0	1	0	1	0	0	0	0	0	0	0
Uniq1680	0	6	0	7	0	8	0	0	0	0	0	0	0	0	1	0	0	0	0	0	0	0	0	0	0	0	0	0	6	0	10	0	5	0	3	0	3	0	2	0	0	0	0	0	0	0	0	0
Uniq1982	0	8	0	6	0	4	0	0	0	0	0	0	0	0	1	0	0	0	0	0	0	0	0	0	0	0	0	0	4	0	2	0	1	0	0	0	1	0	1	0	0	0	0	0	0	0	0	0
Uniq2182	0	5	0	5	0	3	0	0	0	0	0	0	0	0	1	0	0	0	0	0	0	0	0	0	0	0	0	0	3	0	2	0	1	0	0	0	0	0	0	0	0	0	0	0	0	0	0	0
Uniq1835	0	5	0	9	0	5	0	0	0	0	0	0	1	0	1	0	0	0	0	0	0	1	0	0	0	0	0	0	36	0	16	0	5	0	2	0	1	0	1	0	1	0	1	0	1	0	0	0
Uniq1687	0	8	0	11	0	8	0	0	0	0	0	0	0	0	1	0	0	0	0	0	0	0	0	0	0	0	0	0	5	0	3	0	2	0	1	0	0	0	1	0	0	0	0	0	0	0	0	0
Uniq308	0	13	0	9	0	8	0	0	0	0	8	0	15	0	9	0	0	0	0	2	0	5	0	26	0	0	0	0	13	0	5	0	30	0	12	0	2	0	12	0	3	0	1	0	0	0	0	0
Uniq1483	0	1	0	2	0	2	0	0	0	0	0	0	1	0	2	0	0	0	0	1	0	1	0	3	0	0	0	0	6	0	17	0	4	0	0	0	0	0	0	0	0	0	0	0	0	0	0	0
Uniq3497	0	3	0	9	0	8	0	0	0	0	0	0	0	0	1	0	0	0	0	0	0	0	0	0	0	0	0	0	6	0	4	0	2	0	1	0	0	0	0	0	0	0	0	0	0	0	0	0
Uniq2421	0	2	0	7	0	4	0	0	0	0	0	0	0	0	0	0	0	0	0	0	0	0	0	0	0	0	0	0	5	0	2	0	1	0	0	0	0	0	0	0	0	0	0	0	0	0	0	0
Uniq284	0	25	0	24	0	8	0	0	0	0	25	0	4	0	37	0	0	0	0	24	0	9	0	6	0	0	0	0	16	0	21	0	17	0	21	0	2	0	5	0	0	0	0	0	2	0	0	0
Uniq479	0	19	0	18	0	25	0	0	0	0	5	0	1	0	6	0	0	0	0	1	0	1	0	1	0	0	0	0	17	0	15	0	10	0	7	0	7	0	4	0	1	0	0	0	1	0	0	0
Uniq2177	0	4	0	2	0	1	0	0	0	0	2	0	1	0	0	0	0	0	0	0	0	2	0	1	0	0	0	0	3	0	1	0	5	0	1	0	1	0	0	0	1	0	0	0	0	0	0	0
Uniq630	0	5	0	4	0	3	0	0	0	0	3	0	7	0	4	0	0	0	0	2	0	1	0	12	0	0	0	0	5	0	2	0	12	0	4	0	1	0	9	0	1	0	0	0	0	0	0	0
Uniq604	0	19	0	17	0	28	0	0	0	0	4	0	1	0	7	0	0	0	0	1	0	1	0	1	0	0	0	0	21	0	22	0	10	0	11	0	6	0	4	0	1	0	1	0	1	0	0	0
Uniq699	0	16	0	17	0	20	0	0	0	0	3	0	0	0	4	0	0	0	0	1	0	1	0	1	0	0	0	0	17	0	14	0	9	0	7	0	5	0	4	0	1	0	1	0	1	0	0	0
Uniq541	0	5	0	4	0	5	0	0	0	0	5	0	9	0	5	0	0	0	0	1	0	3	0	14	0	0	0	0	6	0	3	0	13	0	6	0	2	0	10	0	1	0	0	0	0	0	0	0
Uniq2536	0	5	0	4	0	6	0	0	0	0	1	0	0	0	1	0	0	0	0	0	0	0	0	0	0	0	0	0	5	0	6	0	3	0	2	0	2	0	2	0	0	0	0	0	0	0	0	0
Uniq3051	0	3	0	3	0	2	0	0	0	0	0	0	0	0	1	0	0	0	0	0	0	0	0	0	0	0	0	0	4	0	3	0	1	0	2	0	1	0	1	0	0	0	0	0	0	0	0	0
Uniq679	0	0	0	0	0	0	0	0	0	0	10	0	51	0	9	0	0	0	0	14	0	7	0	6	0	0	0	0	0	0	0	0	0	0	0	0	0	0	0	0	0	0	0	0	0	0	0	0
Uniq3299	0	3	0	0	0	0	0	0	0	0	0	0	0	0	1	0	0	0	0	0	0	0	0	0	0	0	0	0	0	0	0	0	1	0	1	0	0	0	0	0	0	0	0	0	0	0	0	0
Uniq2235	0	7	0	8	0	7	0	0	0	0	1	0	0	0	2	0	0	0	0	0	0	1	0	0	0	0	0	0	6	0	6	0	4	0	3	0	2	0	1	0	0	0	0	0	1	0	0	0
Uniq61	0	2	0	0	0	0	0	0	0	0	0	0	0	0	0	0	0	0	16	32	24	51	23	33	20	20	26	0	0	0	0	0	0	0	0	0	0	0	0	24	42	24	53	22	45	29	27	15
Uniq221	0	32	0	29	0	10	0	0	0	0	36	0	6	0	46	0	0	0	0	32	0	11	0	7	0	0	0	0	25	0	28	0	23	0	34	0	2	0	6	0	0	0	1	0	1	0	0	0
Uniq1435	0	10	0	2	0	1	0	0	0	0	0	0	2	0	4	0	0	0	0	1	0	1	0	1	0	0	0	0	1	0	1	0	6	0	3	0	1	0	0	0	0	0	0	0	0	0	0	0
Uniq3989	0	2	0	3	0	3	0	0	0	0	0	0	0	0	1	0	0	0	0	0	0	0	0	0	0	0	0	0	2	0	3	0	1	0	0	0	0	0	0	0	0	0	0	0	1	0	0	1
Uniq2385	0	3	0	5	0	2	0	0	0	0	0	0	0	0	1	0	0	0	0	0	0	0	0	0	0	0	0	0	20	0	10	0	3	0	2	0	0	0	0	0	1	0	0	0	1	0	0	0
Uniq19	0	3	0	0	0	0	0	0	0	0	0	0	0	0	0	0	0	0	61	54	60	90	62	58	49	53	68	0	0	0	0	0	0	0	0	0	0	0	0	55	76	60	88	62	72	74	68	43
Uniq331	0	23	0	19	0	8	0	0	0	0	31	0	4	0	32	0	0	0	0	19	0	5	0	5	0	0	0	0	15	0	23	0	17	0	19	0	2	0	7	0	1	0	0	0	1	0	0	0
Uniq4335	0	2	0	2	0	2	0	0	0	0	1	0	0	0	0	0	0	0	0	0	0	0	0	0	0	0	0	0	2	0	3	0	1	0	2	0	1	0	0	0	1	0	0	0	0	0	0	0
Uniq341	0	22	0	16	0	7	0	0	0	0	23	0	4	0	31	0	0	0	0	23	0	6	0	4	0	0	0	0	17	0	21	0	16	0	23	0	1	0	4	0	0	0	0	0	2	0	0	0
Uniq391	0	24	0	17	0	8	0	0	0	0	25	0	4	0	32	0	0	0	0	24	0	6	0	5	0	0	0	0	17	0	22	0	17	0	21	0	1	0	5	0	0	0	1	0	2	0	0	0
Uniq1228	0	5	0	5	0	3	0	0	0	0	3	0	3	0	1	0	0	0	0	0	0	7	0	2	0	0	0	0	6	0	2	0	10	0	1	0	2	0	1	0	1	0	0	0	0	0	0	0
Uniq2671	0	5	0	2	0	6	0	0	0	0	0	0	0	0	2	0	0	0	0	0	0	0	0	0	0	0	0	0	0	0	0	0	0	0	3	0	2	0	1	0	0	0	0	0	0	0	0	0
Uniq3348	0	8	0	10	0	7	0	0	0	0	2	0	1	0	2	0	0	0	0	0	0	0	0	0	0	0	0	0	7	0	5	0	5	0	3	0	2	0	2	0	1	0	0	0	1	0	0	0
Uniq2851	0	2	0	1	0	1	0	0	0	0	1	0	0	0	0	0	0	0	0	0	0	2	0	1	0	0	0	0	0	0	0	0	5	0	1	0	1	0	0	0	0	0	0	0	0	0	0	0
Uniq347	0	20	0	18	0	8	0	0	0	0	26	0	4	0	31	0	0	0	0	22	0	6	0	4	0	0	0	0	18	0	19	0	15	0	19	0	1	0	5	0	0	0	0	0	1	0	0	0
Uniq3851	0	10	0	5	0	12	0	0	0	0	42	0	12	0	20	0	0	1	0	5	0	2	0	3	0	0	0	0	7	0	16	0	2	0	4	0	1	0	1	0	0	0	0	0	0	0	0	0
Uniq762	0	5	0	2	0	3	0	0	0	0	2	0	5	0	3	0	0	0	0	1	0	1	0	12	0	0	0	0	5	0	2	0	12	0	6	0	1	0	6	0	1	0	0	0	0	0	0	0
Uniq204	0	23	1	19	0	14	0	0	0	0	14	0	28	0	16	0	0	0	0	3	0	6	0	51	0	0	0	0	20	0	13	0	53	0	23	0	6	0	25	0	3	0	2	0	0	0	0	0
Uniq3433	0	4	0	0	0	0	0	0	0	0	74	0	4	0	5	0	0	0	0	2	0	1	0	1	0	0	0	0	0	0	0	0	0	0	0	0	0	0	0	0	0	0	0	0	0	0	0	0
Uniq494	0	17	0	17	0	26	0	0	0	0	5	0	1	0	6	0	0	0	0	0	0	1	0	1	0	0	0	0	15	0	20	0	9	0	9	0	5	0	4	0	1	0	1	0	1	0	0	0
Uniq2184	0	4	0	12	0	10	0	0	0	0	0	0	0	0	0	0	0	0	0	0	0	0	0	0	0	0	0	0	8	0	4	0	2	0	0	0	1	0	0	0	0	0	0	0	0	0	0	0
Uniq1611	0	1	0	1	0	1	0	0	0	0	1	0	1	0	2	0	0	0	0	0	0	1	0	1	0	0	0	0	3	0	10	0	2	0	1	0	0	0	0	0	0	0	0	0	0	0	0	0
Uniq1525	0	9	0	8	0	12	0	0	0	0	1	0	0	0	2	0	0	0	0	0	0	0	0	0	0	0	0	0	9	0	10	0	6	0	3	0	3	0	2	0	1	0	0	0	0	0	0	0
Uniq1313	0	6	0	20	0	28	0	0	0	0	0	0	0	0	0	0	0	0	0	0	0	0	0	0	0	0	0	0	1	0	0	0	0	0	0	0	0	0	0	0	0	0	0	0	0	0	0	0
Uniq2008	0	5	0	5	0	4	0	0	0	0	0	0	0	0	1	0	0	0	0	0	0	0	0	0	0	0	0	0	3	0	2	0	1	0	0	0	0	0	0	0	0	0	0	0	0	0	0	0
Uniq1590	0	6	0	15	0	24	0	0	0	0	0	0	0	0	0	0	0	0	0	0	0	0	0	0	0	0	0	0	0	0	0	0	0	0	0	0	0	0	1	0	0	0	0	0	0	0	0	0
Uniq3318	0	9	0	1	0	22	0	0	0	0	3	0	1	0	14	0	0	0	0	1	0	1	0	0	0	0	0	0	2	0	5	0	2	0	5	0	1	0	2	0	0	0	0	0	0	0	0	0
Uniq2354	0	4	0	3	0	2	0	0	0	0	2	0	1	0	1	0	0	0	0	0	0	3	0	1	0	0	0	0	2	0	0	0	5	0	0	0	1	0	1	0	0	0	0	0	0	0	0	0
Uniq1908	0	3	0	1	0	1	0	0	0	0	2	0	1	0	1	0	0	0	0	0	0	3	0	0	0	0	0	0	1	0	1	0	5	0	1	0	1	0	0	0	1	0	0	0	0	0	0	0
Uniq379	0	23	0	15	0	5	0	0	0	0	24	0	3	0	25	0	0	0	0	21	0	7	0	4	0	0	0	0	13	0	17	0	12	0	20	0	1	0	5	0	0	0	0	0	0	0	0	0
Uniq175	0	5	0	3	0	2	0	0	0	0	5	0	1	0	6	0	0	0	0	6	0	1	0	1	0	0	0	0	2	0	4	0	2	0	4	0	1	0	1	0	0	0	0	0	0	0	0	0
Uniq529	0	17	0	21	0	25	0	0	0	0	5	0	0	0	5	0	0	0	0	1	0	1	0	1	0	0	0	0	15	0	20	0	10	0	9	0	5	0	6	0	1	0	1	0	1	0	0	0
Uniq26	0	2	0	1	0	0	0	0	0	0	0	0	0	0	0	0	0	0	74	43	73	75	72	48	66	65	83	0	0	0	0	0	0	0	0	0	0	0	0	70	60	74	71	75	64	95	89	36
Uniq2949	0	3	0	7	0	8	0	0	0	0	0	0	0	0	0	0	0	0	0	0	0	0	0	0	0	0	0	0	0	0	0	0	0	0	0	0	0	0	0	0	0	0	0	0	0	0	0	0
Uniq1305	0	1	0	1	0	2	0	0	0	0	1	0	1	0	2	0	0	0	0	0	0	1	0	3	0	0	0	0	5	0	21	0	3	0	0	0	0	0	0	0	0	0	0	0	0	0	0	0
Uniq1390	0	4	0	4	0	2	0	0	0	0	3	0	2	0	1	0	0	0	0	0	0	5	0	1	0	0	0	0	3	0	1	0	7	0	1	0	2	0	1	0	1	0	0	0	0	0	0	0
Uniq426	0	13	0	20	0	27	0	0	0	0	3	0	0	0	7	0	0	0	0	1	0	1	0	1	0	0	0	0	20	0	22	0	13	0	10	0	6	0	5	0	2	0	1	0	1	0	0	0
Uniq330	0	9	0	9	0	6	0	0	0	0	6	0	12	0	7	0	0	0	0	1	0	5	0	20	0	0	0	0	9	0	4	0	24	0	10	0	2	0	12	0	2	0	1	0	0	0	0	0
Uniq768	0	11	0	12	0	19	0	0	0	0	2	0	1	0	5	0	0	0	0	1	0	0	0	0	0	0	0	0	14	0	11	0	10	0	7	0	4	0	4	0	1	0	1	0	0	0	0	0
Uniq2478	0	3	0	4	0	5	0	0	0	0	0	0	0	0	1	0	0	0	0	0	0	0	0	0	0	0	0	0	5	0	7	0	4	0	1	0	2	0	1	0	0	0	0	0	0	0	0	0
Uniq2116	0	8	0	6	0	9	0	0	0	0	1	0	0	0	2	0	0	0	0	0	0	0	0	0	0	0	0	0	6	0	8	0	5	0	2	0	3	0	1	0	0	0	0	0	0	0	0	0
Uniq2672	0	5	0	4	0	4	0	0	0	0	1	0	0	0	1	0	0	0	0	0	0	0	0	0	0	0	0	0	2	0	3	0	1	0	1	0	2	0	1	1	0	0	0	0	0	0	0	0
Uniq2067	0	6	0	7	0	5	0	0	0	0	0	0	0	0	1	0	0	0	0	0	0	0	0	0	0	0	0	0	3	0	3	0	1	0	0	0	1	0	0	0	0	0	0	0	0	0	0	0
Uniq1929	0	4	0	2	0	1	0	0	0	0	1	0	0	0	0	0	0	0	0	0	0	2	0	0	0	0	0	0	1	0	0	0	4	0	1	0	1	0	0	0	0	0	0	0	0	0	0	0
Uniq571	0	6	0	4	0	4	0	0	0	0	3	0	10	0	5	0	0	0	0	1	0	2	0	15	0	0	0	0	7	0	3	0	15	0	7	0	1	0	7	0	1	0	0	0	0	0	0	0
Uniq1567	0	7	0	11	0	12	0	0	0	0	0	0	0	0	0	0	0	0	0	0	0	0	0	0	0	0	0	0	8	0	4	0	2	0	0	0	1	0	0	0	1	0	0	0	0	0	0	0
Uniq730	0	11	0	13	0	17	0	0	0	0	1	0	1	0	4	0	0	0	0	1	0	0	0	1	0	0	0	0	9	0	14	0	6	0	7	0	4	0	3	0	1	0	0	0	1	0	0	0
Uniq1408	0	10	0	4	0	15	0	0	0	0	1	0	0	0	4	0	0	0	0	0	0	1	0	0	0	0	0	0	0	0	0	0	2	0	7	0	3	0	4	0	0	0	1	0	1	0	0	0
Uniq4450	0	3	0	3	0	5	0	0	0	0	1	0	0	0	2	0	0	0	0	0	0	0	0	0	0	0	0	0	2	0	3	0	2	0	1	0	1	0	1	0	0	0	0	0	0	0	0	0
Uniq553	0	1	0	1	0	1	0	0	0	0	1	0	0	0	1	0	0	0	0	1	0	1	0	1	0	0	0	0	1	0	1	0	1	0	0	0	0	0	0	0	0	0	0	0	0	0	0	0
Uniq632	0	5	0	4	0	4	0	0	0	0	3	0	8	0	3	0	0	0	0	1	0	3	0	10	0	0	0	0	4	0	4	0	14	0	5	0	1	0	7	0	1	0	0	0	0	0	0	0
Uniq2131	0	5	0	3	0	3	0	0	0	0	0	0	0	0	1	0	0	0	0	0	0	0	0	0	0	0	0	0	3	0	5	0	2	0	2	0	1	0	2	0	0	0	0	0	0	0	0	0
Uniq2807	0	1	0	6	0	7	0	0	0	0	0	0	0	0	0	0	0	0	0	0	0	0	0	0	0	0	0	0	0	0	0	0	0	0	0	0	0	0	0	0	0	0	0	0	0	0	0	0
Uniq1384	0	10	0	12	0	5	0	0	0	0	0	0	0	0	1	0	0	0	0	0	0	0	0	0	0	0	0	0	5	0	3	0	1	0	0	0	1	0	0	0	0	0	0	0	0	0	0	0
Uniq2312	0	9	0	5	0	2	0	0	0	0	9	0	1	0	7	0	0	0	0	6	0	2	0	1	0	0	0	0	4	0	4	0	3	0	7	0	0	0	1	0	0	0	0	0	0	0	0	0
Uniq4362	0	2	0	2	0	1	0	0	0	0	0	0	0	0	1	0	0	0	0	0	0	0	0	0	0	0	0	0	0	0	0	0	1	0	1	0	0	0	1	0	0	0	0	0	0	0	0	0
Uniq1613	0	8	0	7	0	5	0	0	0	0	0	0	0	0	1	0	0	0	0	0	0	0	0	0	0	0	0	0	5	0	3	0	2	0	1	0	1	0	0	0	0	0	0	0	0	0	0	0
Uniq3013	0	2	0	6	0	4	0	0	0	0	0	0	0	0	0	0	0	0	0	0	0	0	0	0	0	0	0	0	4	0	3	0	2	0	0	0	0	0	0	0	0	0	0	0	0	0	0	0
Uniq566	0	6	0	4	0	3	0	0	0	0	4	0	7	0	5	0	0	0	0	1	0	2	0	12	0	0	0	0	6	0	3	0	14	0	4	0	1	0	8	0	2	0	0	0	0	0	0	0
Uniq896	0	1	0	0	0	0	0	0	0	0	0	0	0	0	0	0	0	0	0	15	0	20	0	16	0	0	0	0	0	0	0	0	0	0	0	0	0	0	0	0	17	0	20	0	18	0	0	0
Uniq465	0	21	0	14	0	7	0	0	0	0	20	0	2	0	29	0	0	0	0	19	0	6	0	3	0	0	0	0	11	0	16	0	14	0	17	0	1	0	4	0	0	0	1	0	1	0	0	0
Uniq141	0	40	0	22	0	8	0	0	0	0	40	0	5	0	49	0	0	0	0	37	0	9	0	3	0	0	0	0	15	0	31	0	16	0	30	0	2	0	6	0	0	0	0	0	2	0	0	0
Uniq1296	0	18	0	21	0	25	0	0	0	0	2	0	0	0	4	0	0	0	0	0	0	0	0	1	0	0	0	0	25	0	27	0	14	0	8	0	7	0	6	0	1	0	1	0	2	0	0	0
Uniq2089	0	7	0	7	0	12	0	0	0	0	1	0	0	0	2	0	0	0	0	0	0	0	0	0	0	0	0	0	7	0	11	0	4	0	3	0	3	0	2	0	0	0	0	0	1	0	0	0
Uniq2983	0	3	0	6	0	12	0	0	0	0	0	0	0	0	0	0	0	0	0	0	0	0	0	0	0	0	0	0	0	0	0	0	0	0	0	0	0	0	0	0	0	0	0	0	0	0	0	0
Uniq3617	0	10	0	9	0	16	0	0	0	0	2	0	0	0	7	0	0	0	0	0	0	0	0	0	0	0	0	0	4	0	9	0	5	0	3	0	4	0	2	0	1	0	0	0	1	0	0	0
Uniq3223	0	19	0	2	0	47	0	0	0	0	10	0	1	0	26	0	0	0	0	1	0	2	0	1	0	0	0	0	4	0	6	0	6	0	6	0	3	0	5	0	1	0	1	0	1	0	0	0
Uniq2199	0	6	0	7	0	11	0	0	0	0	1	0	0	0	2	0	0	0	0	0	0	0	0	0	0	0	0	0	10	0	11	0	6	0	4	0	3	0	3	0	1	0	0	0	0	0	0	0
Uniq319	0	26	0	23	0	9	0	0	0	0	37	0	5	0	38	0	0	0	0	28	0	11	0	6	0	0	0	0	17	0	26	0	19	0	27	0	2	0	5	0	1	0	0	0	2	0	0	0
Uniq713	0	12	0	13	0	18	0	0	0	0	3	0	0	0	5	0	0	0	0	0	0	1	0	1	0	0	0	0	12	0	13	0	7	0	6	0	4	0	4	0	1	0	1	0	1	0	0	0
Uniq499	0	17	0	15	0	26	0	0	0	0	5	0	0	0	6	0	0	0	0	1	0	1	0	1	0	0	0	0	18	0	15	0	11	0	9	0	6	0	3	0	1	0	1	0	0	0	0	0
Uniq219	0	18	1	9	0	9	0	0	0	0	9	0	22	0	14	0	0	0	0	1	0	6	0	41	0	0	0	0	19	0	9	0	39	0	18	0	4	0	23	0	3	0	2	0	0	0	0	0
Uniq582	0	7	0	4	0	4	0	0	1	0	4	0	9	0	4	0	0	0	0	1	0	2	0	11	0	0	0	0	6	0	4	0	12	0	6	0	1	0	9	0	1	0	0	0	0	0	0	0
Uniq1997	0	2	0	1	0	1	0	0	0	0	1	0	0	0	0	0	0	0	0	0	0	2	0	1	0	0	0	0	1	0	0	0	2	0	0	0	0	0	0	0	0	0	0	0	0	0	0	0
Uniq4028	0	4	0	23	0	0	0	0	0	0	0	0	0	0	0	0	0	0	0	0	0	0	0	0	0	0	0	0	19	0	39	0	24	0	0	0	0	0	0	0	0	0	0	0	0	0	0	0
Uniq3852	0	3	0	2	0	2	0	0	0	0	0	0	0	0	0	0	0	0	0	0	0	0	0	0	0	0	0	0	3	0	2	0	1	0	1	0	1	0	1	0	0	0	0	0	0	0	0	0
Uniq1072	0	1	0	3	0	2	0	0	0	0	3	0	3	0	5	0	0	0	0	1	0	1	0	4	0	0	0	0	10	0	32	0	6	0	1	0	0	0	1	0	0	0	0	0	1	0	0	0
Uniq38	0	1	0	0	0	0	0	0	0	0	0	0	0	0	0	0	0	0	43	36	47	57	41	38	42	40	51	0	0	0	0	0	0	0	0	0	0	0	0	42	44	46	57	47	51	52	52	29
Uniq3248	0	6	0	0	0	1	0	0	0	0	0	0	0	0	2	0	0	0	0	0	0	0	0	1	0	0	0	0	1	0	0	0	3	0	2	0	0	0	0	0	0	0	0	0	0	0	0	0
Uniq2533	0	3	0	0	0	0	0	0	0	0	0	0	1	0	1	0	0	0	0	0	0	1	0	1	0	0	0	0	1	0	0	0	2	0	2	0	0	0	0	0	0	0	0	0	0	0	0	0
Uniq1229	0	6	0	22	0	15	0	0	0	0	0	0	0	0	1	0	0	0	0	0	0	0	0	0	0	0	0	0	12	0	8	0	3	0	1	0	1	0	0	0	0	0	0	0	1	0	0	0
Uniq3011	0	1	0	2	0	2	0	0	0	0	0	0	0	0	1	0	0	0	0	0	0	0	0	0	0	0	0	0	3	0	1	0	1	0	0	0	0	0	0	0	0	0	1	0	0	0	0	1
Uniq259	0	31	0	21	0	11	0	0	0	0	35	0	4	0	41	0	0	0	0	26	0	10	0	7	0	0	0	0	24	0	23	0	21	0	29	0	2	0	4	0	1	0	1	0	2	0	0	0
Uniq470	0	9	0	5	0	4	0	0	0	0	7	0	9	0	5	0	0	0	0	1	0	2	0	16	0	0	0	0	8	0	3	0	18	0	5	0	1	0	9	0	1	0	1	0	0	0	0	0
Uniq267	0	31	0	23	0	9	0	0	0	0	32	0	5	0	39	0	0	0	0	30	0	11	0	8	0	0	0	0	24	0	28	0	22	0	28	0	2	0	6	0	0	0	1	0	1	0	0	0
Uniq1501	0	5	0	2	0	4	0	0	0	0	2	0	1	0	1	0	0	0	0	0	0	3	0	1	0	0	0	0	3	0	1	0	8	0	1	0	1	0	0	0	0	0	0	0	0	0	0	0
Uniq2922	0	3	0	0	0	0	0	0	0	0	0	0	1	0	2	0	0	0	0	0	0	0	0	0	0	0	0	0	0	0	0	0	3	0	1	0	0	0	0	0	0	0	0	0	0	0	0	0
Uniq2134	0	2	0	2	0	2	0	0	0	0	2	0	1	0	0	0	0	0	0	0	0	2	0	1	0	0	0	0	2	0	0	0	4	0	0	0	0	0	0	0	0	0	0	0	0	0	0	0
Uniq2783	0	3	0	1	0	0	0	0	0	0	0	0	1	0	2	0	0	0	0	0	0	0	0	0	0	0	0	0	0	0	0	0	2	0	0	0	0	0	0	0	0	0	0	0	0	0	0	0
Uniq2	0	4	0	1	0	1	0	0	0	0	0	0	0	0	0	0	0	0	182	83	172	144	178	93	156	155	193	0	0	0	0	0	1	0	1	0	0	0	0	153	120	194	139	181	125	238	217	116
Uniq3209	0	1	0	5	0	5	0	0	0	0	0	0	0	0	0	0	0	0	0	0	0	0	0	0	0	0	0	0	4	0	3	0	1	0	0	0	0	0	0	0	0	0	0	0	0	0	0	0
Uniq1505	0	5	0	14	0	11	0	0	0	0	0	0	0	0	1	0	0	0	0	0	0	0	0	0	0	0	0	0	8	0	6	0	4	0	0	0	1	0	0	0	0	0	0	0	1	0	0	0
Uniq816	0	4	0	4	0	3	0	0	0	0	3	0	7	0	4	0	0	0	0	1	0	1	0	11	0	0	0	0	6	0	2	0	11	0	3	0	1	0	8	0	1	0	0	0	0	0	0	0
Uniq1751	0	2	0	2	0	2	0	0	0	0	2	0	1	0	1	0	0	0	0	0	0	3	0	1	0	0	0	0	3	0	1	0	6	0	0	0	1	0	0	0	0	0	0	0	0	0	0	0
Uniq3130	0	3	0	3	0	3	0	0	0	0	0	0	0	0	0	0	0	0	0	0	0	0	0	0	0	0	0	0	2	0	5	0	2	0	2	0	1	0	0	0	0	0	0	0	0	0	0	0
Uniq1806	0	4	0	3	0	3	0	0	0	0	0	0	0	0	1	0	0	0	0	0	0	0	0	0	0	0	0	0	4	0	4	0	3	0	2	0	1	0	1	0	0	0	0	0	0	0	0	0
Uniq418	0	7	0	8	0	6	0	0	0	0	6	0	10	0	6	0	0	0	0	1	0	3	0	19	0	0	0	0	8	0	5	0	19	0	9	0	2	0	11	0	2	0	0	0	0	0	0	0
Uniq2643	0	1	0	8	0	7	0	0	0	0	0	0	0	0	0	0	0	0	0	0	0	0	0	0	0	0	0	0	5	0	3	0	2	0	0	0	1	0	0	0	0	0	0	0	0	0	0	0
Uniq3018	0	7	0	6	0	6	0	0	0	0	0	0	0	0	1	0	0	0	0	0	0	0	0	0	0	0	0	0	4	0	2	0	1	0	0	0	1	0	1	0	0	0	0	0	0	0	0	0
Uniq1085	0	2	0	2	0	3	0	0	0	0	2	0	2	0	3	0	0	0	0	2	0	1	0	2	0	0	0	0	7	0	19	0	4	0	0	0	0	0	0	0	0	0	0	0	0	0	0	0
Uniq2375	0	3	0	2	0	1	0	0	0	0	1	0	1	0	0	0	0	0	0	0	0	1	0	0	0	0	0	0	1	0	1	0	3	0	1	0	1	0	1	0	0	0	0	0	0	0	0	0
Uniq4220	0	6	1	11	0	2	0	0	0	0	2	0	0	0	1	0	0	0	0	1	0	6	0	8	0	0	0	0	11	0	1	0	13	0	2	0	0	0	0	1	0	0	0	0	0	0	0	0
Uniq3052	0	4	0	5	0	4	0	0	0	0	1	0	0	0	1	0	0	0	0	0	0	0	0	0	0	0	0	0	3	0	3	0	2	0	1	0	1	0	1	0	0	0	0	0	0	0	0	0
Uniq1457	0	12	0	7	0	8	0	0	0	0	0	0	0	0	1	0	0	0	0	0	0	0	0	0	0	0	0	0	6	0	4	0	1	0	1	0	1	0	0	0	0	0	0	0	0	0	0	0
Uniq1617	0	5	0	4	0	6	0	0	0	0	1	0	0	0	1	0	0	0	0	0	0	0	0	0	0	0	0	0	6	0	6	0	2	0	2	0	2	0	2	0	0	0	0	0	0	0	0	0
Uniq2547	0	1	0	2	0	1	0	0	0	0	0	0	0	0	0	0	0	0	0	0	0	0	0	0	0	0	0	0	7	0	4	0	1	0	0	0	0	0	0	0	0	0	0	0	0	0	0	0
Uniq2098	0	7	0	0	0	0	0	0	0	0	88	0	7	0	7	0	0	0	0	3	0	0	0	1	0	0	0	0	0	0	0	0	0	0	1	0	0	0	0	0	0	0	0	0	0	0	0	0
Uniq3213	0	33	0	3	0	76	0	0	0	0	14	0	1	0	39	0	0	0	0	2	0	3	0	1	0	0	0	0	7	0	13	0	7	0	11	0	5	0	7	0	2	0	1	0	1	0	0	0
Uniq3731	0	5	0	2	0	2	0	0	0	0	0	0	0	0	1	0	0	0	0	0	0	0	0	0	0	0	0	0	0	0	0	0	0	0	2	0	1	0	1	0	0	0	0	0	0	0	0	0
Uniq478	0	1	0	2	0	1	0	0	0	0	1	0	1	0	1	0	0	0	0	1	0	1	0	0	0	0	0	0	2	0	1	0	1	0	2	0	0	0	0	0	0	0	0	0	0	0	0	0
Uniq1547	0	5	0	15	0	12	0	0	0	0	1	0	0	0	1	0	0	0	0	0	0	0	0	0	0	0	0	0	9	0	6	0	4	0	0	0	1	0	0	0	0	0	0	0	1	0	0	0
Uniq2623	0	2	0	3	0	5	0	0	0	0	1	0	0	0	1	0	0	0	0	0	0	0	0	0	0	0	0	0	3	0	5	0	2	0	2	0	1	0	1	0	0	0	0	0	0	0	0	0
Uniq4191	0	1	0	2	0	3	0	0	0	0	0	0	0	0	1	0	0	0	0	0	0	0	0	0	0	0	0	0	2	0	2	0	1	0	1	0	0	0	0	1	0	0	0	0	0	0	0	0
Uniq428	0	9	0	7	0	7	0	0	0	0	4	0	13	0	6	0	0	0	0	1	0	3	0	17	0	0	0	0	6	0	5	0	18	0	8	0	2	0	8	0	1	0	1	0	0	0	0	0
Uniq2878	0	6	0	5	0	8	0	0	0	0	1	0	0	0	1	0	0	0	0	0	0	0	0	0	0	0	0	0	5	0	8	0	3	0	2	0	2	0	2	0	0	0	0	0	0	0	0	0
Uniq3152	0	5	0	3	0	9	0	0	0	0	1	0	0	0	2	0	0	0	0	0	0	0	0	0	0	0	0	0	1	0	1	0	1	0	4	0	2	0	2	0	0	0	0	0	0	0	0	0
Uniq4238	0	0	0	0	1	1	0	0	0	0	2	0	1	0	0	0	0	0	0	0	0	0	0	1	0	0	0	0	1	0	1	0	1	0	0	0	0	0	0	0	0	0	0	0	0	0	0	0
Uniq1936	0	3	0	2	0	1	0	0	0	0	1	0	1	0	1	0	0	0	0	0	0	2	0	1	0	0	0	0	2	0	1	0	4	0	0	0	1	0	0	0	0	0	0	0	0	0	0	0
Uniq34	0	1	0	0	0	0	0	0	0	1	0	0	0	0	0	0	0	0	60	32	49	53	55	31	44	43	59	0	0	0	0	0	0	0	0	0	0	0	0	45	45	55	52	57	45	64	68	34
Uniq2212	0	3	0	3	0	5	0	0	0	0	1	0	0	0	2	0	0	0	0	0	0	0	0	0	0	0	0	0	1	0	0	0	0	0	3	0	2	0	2	0	0	0	0	0	0	0	0	0
Uniq3486	0	1	0	6	0	3	0	0	0	0	0	0	0	0	0	0	0	0	0	0	0	0	0	0	0	0	0	0	3	0	1	0	1	0	0	0	1	0	0	0	0	0	0	0	0	0	0	0
Uniq1608	0	4	0	11	0	19	0	0	0	0	0	0	0	0	0	0	0	0	0	0	0	0	0	0	0	0	0	0	1	0	0	0	0	0	0	0	0	0	0	0	0	0	0	0	0	0	0	0
Uniq1926	0	3	0	10	0	15	0	0	0	0	0	0	0	0	0	0	0	0	0	0	0	0	0	0	0	0	0	0	0	0	0	0	0	0	0	0	0	0	0	0	0	0	0	0	0	0	0	0
Uniq15	0	4	0	0	0	0	0	0	0	0	0	0	0	0	0	0	0	0	79	57	78	90	77	59	67	71	90	0	0	0	0	0	0	0	0	0	0	0	0	73	82	87	91	88	81	97	92	45
Uniq2338	0	4	0	6	0	3	0	0	0	0	0	0	0	0	1	0	0	0	0	0	0	0	0	0	0	0	0	0	26	0	11	0	5	0	3	0	1	0	1	0	1	0	0	0	0	0	0	0
Uniq3864	0	9	0	6	0	10	0	0	0	0	1	0	0	0	2	0	0	0	0	0	0	0	0	0	0	0	0	0	7	0	8	0	4	0	3	0	2	0	2	0	0	0	0	0	1	0	0	0
Uniq550	0	1	0	3	0	1	0	0	0	0	1	0	0	0	2	0	0	0	0	2	0	1	0	1	0	0	0	0	2	0	1	0	3	0	2	0	0	0	1	0	0	0	0	0	0	0	0	0
Uniq1816	0	9	0	6	0	5	0	0	0	0	0	0	0	0	1	0	0	0	0	0	0	0	0	0	0	0	0	0	4	0	3	0	1	0	0	0	1	0	0	0	0	0	0	0	0	0	0	0
Uniq3218	0	2	0	1	0	2	0	0	0	0	0	0	0	0	0	0	0	0	0	0	0	0	0	0	0	0	0	0	1	0	0	0	0	0	0	0	0	0	0	0	0	0	0	0	0	0	0	0
Uniq2481	0	2	0	9	0	7	0	0	0	0	0	0	0	0	0	0	0	0	0	0	0	0	0	0	0	0	0	0	5	0	4	0	3	0	0	0	1	0	0	0	0	0	0	0	0	0	0	0
Uniq2200	0	4	0	1	0	6	0	0	0	0	1	0	0	0	1	0	0	0	0	0	0	0	0	0	0	0	0	0	0	0	0	0	0	0	2	0	1	0	2	0	0	0	0	0	0	0	0	0
Uniq3492	0	2	0	0	0	0	0	0	0	0	0	0	0	0	1	0	0	0	0	0	0	1	0	0	0	0	0	0	1	0	0	0	2	0	0	0	0	0	0	0	0	0	0	0	0	0	0	0
Uniq1587	0	3	0	2	0	2	0	0	0	0	2	0	1	0	0	0	0	0	0	0	0	3	0	1	0	0	0	0	2	0	1	0	5	0	1	0	1	0	0	0	0	0	0	0	0	0	0	0
Uniq18	0	2	0	0	0	0	0	0	0	0	0	0	0	0	0	0	0	0	69	51	72	82	64	55	54	56	69	0	0	0	0	0	0	0	0	0	0	0	0	56	77	72	82	70	73	82	79	42
Uniq3347	0	1	0	3	0	2	0	0	0	0	0	0	0	0	0	0	0	0	0	0	0	0	0	0	0	0	0	0	3	0	4	0	2	0	1	0	1	0	1	0	0	0	0	0	0	0	0	0
Uniq3266	0	1	1	3	0	2	0	0	5	0	4	0	1	0	16	0	0	1	0	5	0	3	0	1	0	0	0	0	4	0	1	0	8	0	0	0	1	0	1	0	0	0	0	0	0	0	0	0
Uniq2109	0	3	0	7	0	9	0	0	0	0	0	0	0	0	0	0	0	0	0	0	0	0	0	0	0	0	0	0	6	0	4	0	2	0	0	0	1	0	0	0	0	0	0	0	0	0	0	0
Uniq2729	0	3	0	3	0	2	0	0	0	0	0	0	0	0	1	0	0	0	0	0	0	0	0	0	0	0	0	0	3	0	3	0	2	0	1	0	1	0	1	0	0	0	0	0	0	0	0	0
Uniq309	0	2	0	4	0	2	0	0	0	0	3	0	1	0	3	0	0	0	0	3	0	1	0	1	0	0	0	0	4	0	3	0	4	0	4	0	0	0	2	0	0	0	0	0	0	0	0	0
Uniq3306	0	3	0	1	0	4	0	0	0	0	0	0	0	0	1	0	0	0	0	0	0	0	0	0	0	0	0	0	0	0	0	0	0	0	2	0	0	0	0	0	1	0	0	0	0	0	0	0
Uniq2361	0	8	0	4	0	7	0	0	0	0	1	0	0	0	3	0	0	0	0	0	0	1	0	0	0	0	0	0	0	0	0	0	1	0	4	0	3	0	2	0	0	0	0	0	1	0	0	0
Uniq3561	0	6	0	6	0	3	0	0	0	0	0	0	0	0	1	0	0	0	0	0	0	0	0	0	0	0	0	0	2	0	1	0	0	0	0	0	1	0	0	0	0	0	0	0	0	0	0	0
Uniq1757	0	4	0	8	0	19	0	0	0	0	0	0	0	0	0	0	0	0	0	0	0	0	0	0	0	0	0	0	0	0	0	0	0	0	0	0	0	0	0	0	0	0	0	0	0	0	0	0
Uniq3771	0	2	0	0	0	1	0	0	0	0	0	0	0	0	0	0	0	0	0	0	0	0	0	0	0	0	0	0	0	0	0	0	1	0	0	0	0	0	0	0	0	0	0	0	0	0	0	0
Uniq2110	0	4	0	0	0	0	0	0	0	0	0	0	1	0	2	0	0	0	0	0	0	1	0	1	0	0	0	0	1	0	0	0	2	0	1	0	0	0	0	0	0	0	0	0	0	0	0	0
Uniq1958	0	5	0	14	0	9	0	0	0	0	0	0	0	0	1	0	0	0	0	0	0	0	0	0	0	0	0	0	10	0	5	0	3	0	1	0	1	0	0	0	0	0	0	0	1	0	0	0
Uniq4505	0	2	0	5	0	5	0	0	0	0	0	0	0	0	0	0	0	0	0	0	0	0	0	0	0	0	0	0	0	0	0	0	0	0	0	0	0	0	0	0	0	0	0	0	0	0	0	0
Uniq542	0	1	0	1	0	2	0	0	0	0	2	0	0	0	2	0	0	0	0	2	0	1	0	1	0	0	0	0	3	0	2	0	2	0	2	0	0	0	0	0	0	0	0	0	0	0	0	0
Uniq2169	0	4	0	5	0	5	0	0	0	0	1	0	0	0	1	0	0	0	0	0	0	0	0	0	0	0	0	0	3	0	2	0	1	0	1	0	1	0	1	0	0	0	0	0	0	0	0	0
Uniq887	0	3	0	5	0	4	0	0	0	0	3	0	4	0	8	0	0	0	0	3	0	1	0	6	0	0	0	0	14	0	51	0	13	0	1	0	0	0	1	0	0	0	1	0	1	0	0	0
Uniq3612	0	1	0	2	0	0	0	0	0	0	0	0	0	0	0	0	0	0	0	0	0	0	0	0	0	0	0	0	3	0	2	0	0	0	0	0	0	0	0	0	0	0	0	0	0	0	0	0
Uniq2600	0	1	0	9	0	7	0	0	0	0	0	0	0	0	0	0	0	0	0	0	0	0	0	0	0	0	0	0	3	0	4	0	2	0	0	0	0	0	0	0	0	0	0	0	0	0	0	0
Uniq2080	0	6	0	12	0	8	0	0	0	0	0	0	0	0	1	0	0	0	0	0	0	0	0	0	0	0	0	0	6	0	5	0	2	0	1	0	1	0	0	0	0	0	0	0	0	0	0	0
Uniq642	0	14	0	11	0	21	0	0	0	0	3	0	0	0	4	0	0	0	0	1	0	0	0	1	0	0	0	0	12	0	15	0	11	0	7	0	5	0	4	0	1	0	1	0	1	0	0	0
Uniq3324	0	3	0	7	0	8	0	0	0	0	1	0	0	0	0	0	0	0	0	0	0	0	0	0	0	0	0	0	0	0	0	0	0	0	0	0	0	0	0	0	0	0	0	0	0	0	0	0
Uniq2963	0	2	0	2	0	4	0	0	0	0	0	0	0	0	1	0	0	0	0	0	0	0	0	0	0	0	0	0	4	0	3	0	2	0	2	0	1	0	0	0	0	0	0	0	0	0	0	0
Uniq2484	0	4	0	5	0	4	0	0	0	0	0	0	0	0	1	0	0	0	0	0	0	0	0	0	0	0	0	0	5	0	7	0	5	0	2	0	2	0	2	0	0	0	0	0	1	0	0	0
Uniq27	0	1	0	0	0	1	0	0	0	0	0	0	0	0	0	0	0	0	31	36	26	48	32	34	27	28	32	0	0	0	0	0	0	0	0	0	0	0	0	31	39	32	50	32	47	33	36	19
Uniq9	0	4	0	1	0	1	0	0	0	0	0	0	0	0	0	0	0	0	69	63	64	103	65	66	52	54	66	0	0	0	0	0	0	0	0	0	0	0	0	55	92	71	97	61	85	85	71	41
Uniq3930	0	2	0	3	0	3	0	0	0	0	1	1	0	0	1	0	0	0	0	0	0	0	0	0	0	0	0	0	2	0	2	0	1	0	0	0	1	0	0	0	0	0	0	0	0	0	0	0
Uniq2516	0	1	0	1	0	1	0	0	0	0	1	0	1	0	1	0	0	0	0	0	0	1	0	1	0	0	0	0	1	0	0	0	3	0	0	0	1	0	0	0	0	0	0	0	0	0	0	0
Uniq497	0	9	0	4	0	5	0	0	0	0	4	0	8	0	5	0	0	0	0	1	0	3	0	14	0	0	0	0	5	0	4	0	17	0	5	0	2	0	8	0	1	0	1	0	0	0	0	0
Uniq3802	0	1	0	2	0	4	0	0	0	0	0	0	0	0	0	0	0	0	0	0	0	0	0	0	0	1	0	0	3	0	2	0	1	0	0	0	0	0	0	0	0	0	0	0	1	0	0	0
Uniq543	0	0	0	0	0	0	0	0	0	0	11	0	59	0	9	0	0	0	0	18	0	6	0	5	0	0	0	0	0	0	0	0	0	0	0	0	0	0	0	0	0	0	0	0	0	0	0	0
Uniq1160	0	0	0	0	0	0	0	0	0	0	0	0	0	0	0	0	0	0	0	0	0	0	0	0	0	0	0	0	0	0	0	0	0	0	0	0	0	0	0	0	0	0	0	0	0	0	0	0
Uniq3740	0	2	0	3	0	3	0	0	0	0	0	0	0	0	1	0	0	0	0	0	0	0	0	0	0	0	0	0	10	0	5	0	2	0	1	0	0	0	0	0	1	0	0	0	0	0	0	0
Uniq892	0	4	0	4	0	2	0	0	0	0	3	0	5	0	3	0	0	0	0	1	0	1	0	8	0	0	0	0	5	0	2	0	9	0	5	0	1	0	5	0	1	0	0	0	0	0	0	0
Uniq43	0	1	0	1	0	0	0	0	0	0	0	0	0	0	0	0	0	0	32	39	32	62	35	44	31	34	37	0	0	0	0	0	0	0	0	0	0	0	0	29	51	36	60	38	48	39	39	18
Uniq844	0	4	0	2	0	2	0	0	0	0	3	0	5	0	3	0	0	0	0	1	0	2	0	8	0	0	0	0	3	0	3	0	8	0	2	0	1	0	4	0	1	0	0	0	0	0	0	0
Uniq1904	0	2	0	2	0	2	0	0	0	0	1	0	0	0	0	0	0	0	0	0	0	1	0	1	0	0	0	0	2	0	1	0	3	0	0	0	1	0	0	0	0	0	0	0	0	0	0	0
Uniq3234	0	4	0	4	0	4	0	0	0	0	1	0	0	0	1	0	0	0	0	0	0	0	0	0	0	0	0	0	5	0	6	0	2	0	2	0	1	0	1	0	1	0	0	0	0	0	0	0
Uniq3764	0	2	0	1	0	2	0	0	0	0	0	0	0	0	0	0	0	0	0	0	0	0	0	0	0	0	0	0	1	0	1	0	1	0	0	0	1	0	1	0	0	0	0	0	0	0	0	0
Uniq4479	0	1	0	1	0	2	0	1	0	0	0	0	0	0	0	0	0	0	0	0	0	0	0	0	0	0	0	0	3	0	2	0	1	0	1	0	0	0	0	0	0	0	0	0	0	0	0	1
Uniq3641	0	1	0	4	0	8	0	0	0	0	0	0	0	0	0	0	0	0	0	0	0	0	0	0	0	0	0	0	0	0	0	0	0	0	0	0	0	0	0	0	0	0	0	0	0	0	0	0
Uniq2559	0	3	0	7	0	12	0	0	0	0	0	0	0	0	0	0	0	0	0	0	0	0	0	0	0	0	0	0	0	0	0	0	0	0	0	0	0	0	0	0	0	0	0	0	0	0	0	0
Uniq2769	0	4	0	9	0	16	0	0	0	0	0	0	0	0	0	0	0	0	0	0	0	0	0	0	0	0	0	0	0	0	0	0	0	0	0	0	0	0	0	0	0	0	0	0	0	0	0	0
Uniq2462	0	2	0	4	0	3	0	0	0	0	1	0	0	0	1	0	0	0	0	0	0	0	0	0	0	0	0	0	3	0	4	0	2	0	2	0	1	0	1	0	0	0	0	0	0	0	0	0
Uniq3116	0	2	0	0	0	0	0	0	0	0	0	0	0	0	1	0	0	0	0	0	0	0	0	1	0	0	0	0	0	0	0	0	2	0	1	0	0	0	0	0	0	0	0	0	0	0	0	0
Uniq16	0	2	0	1	0	0	0	0	0	0	0	0	0	0	0	0	0	0	79	39	78	67	80	50	62	68	77	0	0	0	0	0	0	0	0	0	0	0	0	70	54	85	68	75	62	96	92	49
Uniq637	0	0	0	0	0	0	0	0	0	0	1	0	0	0	1	0	0	0	0	1	0	0	0	0	0	0	0	0	1	0	1	0	1	0	1	0	0	0	0	0	0	0	0	0	0	0	0	0
Uniq2433	0	4	0	13	0	23	0	0	0	0	0	0	0	0	0	0	0	0	0	0	0	0	0	0	0	0	0	0	0	0	0	0	0	0	0	0	0	0	0	0	0	0	0	0	0	0	0	0
Uniq1034	0	5	0	6	0	5	0	0	0	0	5	0	3	0	1	0	0	0	0	1	0	6	0	1	0	0	0	0	3	0	1	0	11	0	1	0	2	0	1	0	1	0	0	0	0	0	0	0
Uniq4395	0	1	0	1	0	1	0	0	0	0	0	0	0	0	0	0	0	0	0	0	0	0	0	0	0	0	0	0	0	0	1	0	0	0	0	0	0	0	0	0	0	0	0	0	0	0	0	0
Uniq2222	0	3	0	3	0	3	0	0	0	0	0	0	0	0	1	0	0	0	0	0	0	0	0	0	0	0	0	0	4	0	4	0	1	0	2	0	1	0	0	0	0	0	0	0	0	0	0	0
Uniq3047	0	3	0	0	0	0	0	0	0	0	0	0	0	0	1	0	0	0	0	0	0	0	0	0	0	0	0	0	0	0	0	0	2	0	2	0	0	0	0	0	0	0	0	0	0	0	0	0
Uniq4046	0	3	0	2	0	3	0	0	0	0	0	0	0	0	1	0	0	0	0	0	0	0	0	0	0	0	0	0	1	0	2	0	1	0	1	0	1	0	1	0	0	0	0	0	0	0	0	0
Uniq2023	0	4	0	8	0	6	0	0	0	0	0	0	0	0	0	0	0	0	0	0	0	0	0	0	0	0	0	0	3	0	2	0	2	0	0	0	1	0	0	0	0	0	0	0	0	0	0	0
Uniq2448	0	3	0	6	0	8	0	0	0	0	0	0	0	0	0	0	0	0	0	0	0	0	0	0	0	0	0	0	4	0	2	0	2	0	0	0	1	0	0	0	0	0	0	0	0	0	0	0
Uniq280	0	1	0	0	0	0	0	0	0	0	32	0	158	0	23	0	0	0	0	46	0	18	0	13	0	0	0	0	1	0	0	0	0	0	0	0	0	0	0	0	0	0	0	0	0	0	0	0
Uniq2691	0	3	0	3	0	4	0	0	0	0	0	0	0	0	1	0	0	0	0	0	0	0	0	0	0	0	0	0	3	0	6	0	2	0	1	0	1	0	1	0	0	0	0	0	0	0	0	0
Uniq3088	0	2	0	8	0	5	0	0	0	0	0	0	0	0	0	0	0	0	0	0	0	0	0	0	0	0	0	0	5	0	2	0	2	0	0	0	1	0	0	0	0	0	0	0	0	0	0	0
Uniq472	0	17	0	17	0	7	0	0	0	0	24	0	3	0	24	0	0	0	0	15	0	6	0	5	0	0	0	0	10	0	16	0	12	0	19	0	1	0	4	0	0	0	0	0	1	0	0	0
Uniq1225	0	1	0	3	0	2	0	0	0	0	1	0	1	0	2	0	0	0	0	0	0	1	0	2	0	0	0	0	5	0	21	0	5	0	0	0	0	0	0	0	0	0	0	0	1	0	0	0
Uniq2596	0	7	0	1	0	1	0	0	0	0	0	0	1	0	4	0	0	0	0	1	0	0	0	1	0	0	0	0	1	0	0	0	5	0	3	0	0	0	0	0	0	0	0	0	0	0	0	0
Uniq225	0	6	0	12	0	4	0	0	0	0	9	0	2	0	7	0	0	0	0	5	0	4	0	4	0	0	0	0	11	0	7	0	11	0	6	0	0	0	2	0	1	0	0	0	1	0	0	0
Uniq563	0	6	0	5	0	4	0	0	0	0	3	0	7	0	4	0	0	0	0	1	0	1	0	14	0	0	0	0	7	0	4	0	14	0	6	0	1	0	7	0	1	0	0	0	0	0	0	0
Uniq2123	0	2	0	2	0	1	0	0	0	0	2	0	1	0	0	0	0	0	0	0	0	1	0	0	0	0	0	0	2	0	0	0	3	0	0	0	1	0	0	0	0	0	0	0	0	0	0	0
Uniq1387	0	11	0	11	0	7	0	0	0	0	0	0	0	0	1	0	0	0	0	0	0	0	0	0	0	0	0	0	7	0	3	0	2	0	0	0	2	0	0	0	0	0	0	0	0	0	0	0
Uniq1600	0	4	0	3	0	2	0	0	0	0	1	0	1	0	1	0	0	0	0	0	0	4	0	1	0	0	0	0	2	0	1	0	6	0	1	0	2	0	1	0	1	0	0	0	0	0	0	0
Uniq1420	0	2	0	2	0	3	0	0	0	0	0	0	1	0	4	0	0	0	0	1	0	0	0	3	0	0	0	0	6	0	21	0	5	0	0	0	0	0	0	0	0	0	0	0	0	0	0	0
Uniq6	0	3	0	0	0	0	0	0	0	0	0	0	0	0	0	0	0	0	92	69	85	126	85	80	72	77	97	0	0	0	0	0	0	0	0	0	0	0	0	81	104	93	114	90	105	114	103	53
Uniq349	0	1	0	3	0	1	0	0	0	0	3	0	1	0	1	0	0	0	0	1	0	2	0	1	0	0	0	0	3	0	1	0	2	0	2	0	0	0	1	0	0	0	0	0	0	0	0	0
Uniq40	0	1	0	1	0	0	0	0	0	0	0	0	0	0	0	0	0	0	39	29	43	54	41	34	41	35	51	0	0	0	0	0	0	0	0	0	0	0	0	46	44	45	48	42	40	53	49	32
Uniq995	0	5	0	2	0	2	0	0	0	0	3	0	4	0	4	0	0	0	0	0	0	1	0	9	0	0	0	0	4	0	2	0	8	0	3	0	1	0	5	0	0	0	0	0	0	0	0	0
Uniq1809	0	3	0	8	0	10	0	0	0	0	0	0	0	0	0	0	0	0	0	0	0	0	0	0	0	0	0	0	0	0	0	0	0	0	0	0	0	0	0	0	0	0	0	0	0	0	0	0
Uniq348	0	9	0	7	0	5	0	0	0	0	8	0	13	0	6	0	0	0	0	1	0	3	0	18	0	0	0	0	9	0	6	0	22	0	9	0	2	0	13	0	1	0	1	0	0	0	0	0
Uniq3918	0	1	0	1	0	1	0	0	0	0	0	0	0	0	0	0	0	0	0	0	0	0	0	0	0	0	0	0	6	0	3	0	1	0	0	0	0	0	0	0	0	0	0	0	0	0	0	0
Uniq296	0	2	0	4	0	2	0	0	0	0	2	0	1	0	4	0	0	0	0	2	0	2	0	1	0	0	0	0	3	0	3	0	4	0	2	0	0	0	1	0	0	0	0	0	0	0	0	0
Uniq3970	0	3	0	1	0	4	0	0	0	0	0	0	0	0	2	0	0	0	0	0	0	0	0	0	0	0	0	0	1	0	0	0	0	0	2	0	1	0	0	0	0	0	0	0	0	0	0	0
Uniq14	0	2	0	1	0	0	0	0	0	0	0	0	0	0	0	0	0	0	84	41	76	68	77	44	72	73	87	0	0	0	0	0	0	0	0	0	0	0	0	72	56	84	68	89	66	106	90	49
Uniq3820	0	2	0	6	0	7	0	0	0	0	0	0	0	0	0	0	0	0	0	0	0	0	0	0	0	0	0	0	0	0	0	0	0	0	0	0	0	0	0	0	0	0	0	0	0	0	0	0
Uniq3996	0	0	0	0	0	0	0	0	0	0	0	0	0	0	0	0	0	0	0	0	0	0	0	0	0	0	0	0	0	0	0	0	0	0	0	0	0	0	0	0	0	0	0	0	0	0	0	0
Uniq1983	0	4	0	12	0	16	0	0	0	0	0	0	0	0	0	0	0	0	0	0	0	0	0	0	0	0	0	0	1	0	0	0	0	0	0	0	0	0	0	0	0	0	0	0	0	0	0	0
Uniq3409	0	9	0	1	0	23	0	0	0	0	3	0	0	0	11	0	0	0	0	1	0	0	0	0	0	0	0	0	2	0	3	0	3	0	3	0	1	0	1	0	0	0	0	0	0	0	0	0
Uniq1571	0	3	0	9	0	17	0	0	0	0	0	0	0	0	0	0	0	0	0	0	0	0	0	0	0	0	0	0	0	0	0	0	0	0	0	0	0	0	0	0	0	0	0	0	0	0	0	0
Uniq3451	0	2	0	3	0	2	0	0	0	0	0	0	0	0	0	0	0	0	0	0	0	0	0	0	0	0	0	0	2	0	2	0	2	0	1	0	0	0	1	0	0	0	0	0	0	0	0	0
Uniq2165	0	7	0	2	0	7	0	0	0	0	0	0	0	0	3	0	0	0	0	0	0	1	0	0	0	0	0	0	1	0	0	0	1	0	3	0	3	0	2	0	1	0	0	0	1	0	0	0
Uniq2697	0	0	0	1	0	1	0	0	0	0	0	0	1	0	2	0	0	0	0	0	0	1	0	2	0	0	0	0	3	0	10	0	2	0	0	0	0	0	0	0	0	0	0	0	0	0	0	0
Uniq4486	0	4	0	4	0	8	0	0	0	0	0	0	0	0	1	0	0	0	0	0	0	0	0	0	0	0	0	0	5	0	6	0	2	0	2	0	1	0	1	0	0	0	0	0	0	0	0	0
Uniq3308	0	2	0	3	0	1	0	0	0	0	0	0	0	0	0	0	0	0	0	0	0	0	0	0	0	0	0	0	1	0	0	0	1	0	0	0	0	0	0	0	0	0	0	0	0	0	0	0
Uniq1803	0	3	0	4	0	4	0	0	0	0	1	0	0	0	1	0	0	0	0	0	0	0	0	0	0	0	0	0	4	0	5	0	2	0	1	0	3	0	1	0	1	0	0	0	0	0	0	0
Uniq1394	0	0	0	0	0	0	0	0	0	0	0	0	0	0	0	0	0	0	2	2	3	2	3	2	2	2	4	0	0	0	0	0	0	0	0	0	0	0	0	3	3	2	2	3	2	4	3	2
Uniq29	0	2	0	1	0	0	0	0	0	0	0	0	0	0	0	0	0	0	40	42	39	65	48	45	38	41	47	0	0	0	0	0	0	0	0	0	0	0	0	40	53	46	64	45	57	59	54	25
Uniq24	0	2	0	0	0	0	0	0	0	0	0	0	0	0	0	0	0	0	58	41	58	76	57	45	50	45	60	0	0	0	0	0	0	0	0	0	0	0	0	49	63	59	72	55	64	73	66	35
Uniq651	0	4	0	3	0	3	0	0	0	0	3	0	6	0	3	0	0	0	0	1	0	3	0	11	0	0	0	0	5	0	1	0	11	0	5	0	1	0	4	0	1	0	0	0	0	0	0	0
Uniq2613	0	2	0	1	0	3	0	0	0	0	1	0	0	0	0	0	0	0	0	0	0	0	0	0	0	0	0	0	2	0	2	0	2	0	1	0	1	0	1	0	0	0	0	0	0	0	0	0
Uniq25	0	2	0	0	0	0	0	0	0	0	0	0	0	0	0	0	0	0	53	39	48	67	57	43	43	44	52	0	0	0	0	0	0	0	0	0	0	0	0	49	57	57	64	51	55	65	58	36
Uniq1147	0	9	0	27	0	26	0	0	0	0	0	0	0	0	1	0	0	0	0	0	0	0	0	0	0	0	0	0	13	0	11	0	6	0	1	0	2	0	0	0	0	0	0	0	1	0	0	0
Uniq2445	0	6	0	7	0	6	0	0	0	0	1	0	0	0	2	0	0	0	0	0	0	0	0	0	0	0	0	0	6	0	8	0	5	0	3	0	2	0	1	0	0	0	0	0	0	0	0	0
Uniq2916	0	6	0	1	0	0	0	0	0	0	0	0	1	0	3	0	0	0	0	0	0	1	0	1	0	0	0	0	1	0	1	0	4	0	2	0	0	0	0	0	0	0	0	0	0	0	0	0
Uniq28	0	1	0	0	0	0	0	0	0	0	0	0	0	0	0	0	0	0	38	52	44	76	41	49	33	36	45	0	0	0	0	0	0	0	0	0	0	0	0	34	69	42	71	40	68	52	49	32
Uniq3752	0	1	0	4	0	5	0	0	0	0	0	0	0	0	0	0	0	0	0	0	0	0	0	0	0	0	0	0	0	0	0	0	0	0	0	0	0	0	0	0	0	0	0	0	0	0	0	0
Uniq2234	0	4	0	12	0	10	0	0	0	0	0	0	0	0	0	0	0	0	0	0	0	0	0	0	0	0	0	0	9	0	5	0	2	0	1	0	1	0	0	0	0	0	0	0	1	0	0	0
Uniq744	0	0	0	0	0	0	0	0	0	0	10	0	47	0	8	0	0	0	0	12	0	5	0	4	0	0	0	0	0	0	0	0	0	0	0	0	0	0	0	0	0	0	0	0	0	0	0	0
Uniq3846	0	2	0	7	0	9	0	0	0	0	0	0	0	0	0	0	0	0	0	0	0	0	0	0	0	0	0	0	0	0	0	0	0	0	0	0	0	0	0	0	0	0	0	0	0	0	0	0
Uniq515	0	1	0	1	0	0	0	0	0	0	1	0	0	0	1	0	0	0	0	1	0	0	0	0	0	0	0	0	2	0	1	0	1	0	0	0	0	0	0	0	0	0	0	0	0	0	0	0
Uniq647	0	13	0	14	0	20	0	0	0	0	3	0	1	0	3	0	0	0	0	1	0	0	0	1	0	0	0	0	13	0	15	0	8	0	5	0	6	0	4	0	1	0	0	0	1	0	0	0
Uniq1719	0	0	0	2	0	2	0	0	0	0	1	0	1	0	2	0	0	0	0	0	0	0	0	2	0	0	0	0	4	0	13	0	4	0	0	0	0	0	0	0	0	0	0	0	1	0	0	0
Uniq433	0	2	0	3	0	0	0	0	0	0	2	0	0	0	2	0	0	0	0	1	0	1	0	1	0	0	0	0	3	0	2	0	2	0	2	0	0	0	1	0	0	0	0	0	0	0	0	0
Uniq3821	0	7	0	3	0	10	0	0	0	0	1	0	0	0	3	0	0	0	0	0	0	1	0	0	0	0	0	0	0	0	0	0	1	0	4	0	2	0	3	0	0	0	1	0	1	0	0	0
Uniq2283	0	5	0	1	0	1	0	0	0	0	0	0	1	0	3	0	0	0	0	0	0	0	0	1	0	0	0	0	0	0	0	0	4	0	1	0	0	0	0	0	0	0	0	0	0	0	0	0
Uniq260	0	4	0	5	0	2	0	0	0	0	4	0	1	0	5	0	0	0	0	3	0	3	0	2	0	0	0	0	5	0	4	0	5	0	4	0	0	0	1	0	0	0	0	0	1	0	0	0
Uniq3546	0	1	0	1	0	1	0	0	0	0	0	0	0	0	1	0	0	0	0	0	0	0	0	0	0	0	0	0	4	0	2	0	2	0	0	0	0	0	0	0	0	0	1	0	0	0	1	1
Uniq716	0	7	0	4	0	3	0	0	0	0	3	0	7	0	4	0	0	0	0	1	0	2	0	14	0	0	0	0	6	0	3	0	15	0	7	0	2	0	7	0	1	0	0	0	0	0	0	0
Uniq3255	0	3	0	1	0	3	0	0	0	0	1	0	0	0	2	0	0	0	0	0	0	0	0	0	0	0	0	0	0	0	0	0	0	0	2	0	1	0	1	0	0	0	0	0	0	0	0	0
Uniq2336	0	3	0	2	0	4	0	0	0	0	0	0	0	0	1	0	0	0	0	0	0	0	0	0	0	0	0	0	0	0	0	0	1	0	2	0	2	0	1	0	0	0	0	0	0	0	0	0
Uniq60	0	1	0	0	0	0	0	0	0	0	0	0	0	0	0	0	0	0	25	29	28	49	30	27	21	22	29	0	0	0	0	0	0	0	0	0	0	0	0	25	40	31	44	24	40	34	33	20
Uniq2901	0	5	0	3	0	6	0	0	0	0	1	0	0	0	1	0	0	0	0	0	0	0	0	0	0	0	0	0	3	0	3	0	2	0	2	0	1	0	1	0	0	0	0	0	0	0	1	0
Uniq1891	0	1	0	2	0	2	0	0	0	0	0	0	1	0	2	0	0	0	0	1	0	1	0	2	0	0	0	0	3	0	14	0	4	0	0	0	0	0	0	0	1	0	0	0	0	0	0	0
Uniq1609	0	4	0	1	0	1	0	0	0	0	3	0	1	0	1	0	0	0	0	0	0	4	0	1	0	0	0	0	1	0	0	0	7	0	1	0	2	0	0	0	0	0	0	0	0	0	0	0
Uniq1626	0	1	0	2	0	1	0	0	0	0	1	0	1	0	3	0	0	0	0	1	0	0	0	2	0	0	0	0	4	0	13	0	3	0	0	0	0	0	0	0	0	0	0	0	0	0	0	0
Uniq2457	0	1	0	1	0	0	0	0	0	0	0	0	1	0	1	0	0	0	0	0	0	0	0	2	0	0	0	0	3	0	10	0	3	0	0	0	0	0	0	0	0	0	0	0	0	0	0	0
Uniq2024	0	6	0	5	0	9	0	0	0	0	1	0	0	0	2	0	0	0	0	0	0	0	0	0	0	0	0	0	7	0	8	0	4	0	2	0	2	0	2	0	1	0	0	0	0	0	0	0
Uniq1602	0	4	0	3	0	2	0	0	0	0	2	0	1	0	1	0	0	0	0	0	0	3	0	1	0	0	0	0	3	0	1	0	6	0	1	0	1	0	1	0	0	0	0	0	0	0	0	0
Uniq609	0	0	0	0	0	0	0	0	0	0	12	0	51	0	9	0	0	0	0	13	0	6	0	5	0	0	0	0	0	0	0	0	0	0	0	0	0	0	0	0	0	0	0	0	0	0	0	0
Uniq41	0	2	0	0	0	0	0	0	0	0	0	0	0	0	0	0	0	0	43	30	41	54	41	35	34	34	40	0	0	0	0	0	0	0	0	0	0	0	0	35	48	45	52	39	43	52	44	27
Uniq8	0	2	0	1	0	0	0	0	0	0	0	0	0	0	0	0	0	0	81	59	83	108	79	63	70	70	80	0	0	0	0	0	0	0	1	0	0	0	0	66	89	83	98	82	90	97	96	54
Uniq2403	0	4	0	3	0	4	0	0	0	0	0	0	0	0	1	0	0	0	0	0	0	0	0	0	0	0	0	0	4	0	4	0	2	0	1	0	1	0	1	0	0	0	0	0	0	0	0	0
Uniq2567	0	1	0	2	0	3	0	0	0	0	0	0	0	0	0	0	0	0	0	0	0	0	0	0	0	0	0	0	8	0	2	0	1	0	1	0	1	0	0	0	0	0	0	0	0	0	0	0
Uniq4047	0	2	0	0	0	3	0	0	0	0	1	0	0	0	3	0	0	0	0	0	0	1	0	0	0	0	0	0	0	0	1	0	1	0	1	0	0	0	1	0	0	0	0	0	0	0	0	0
Uniq2278	0	4	0	6	0	5	0	0	0	0	0	0	0	0	2	0	0	0	0	0	0	0	0	0	0	0	0	0	8	0	10	0	4	0	2	0	2	0	1	0	0	0	0	0	0	0	0	0
Uniq1616	0	2	0	2	0	1	0	0	0	0	2	0	1	0	0	0	0	0	0	0	0	2	0	1	0	0	0	0	2	0	1	0	6	0	1	0	1	0	0	0	0	0	0	0	0	0	0	0
Uniq3087	0	0	0	0	0	0	0	0	0	1	6	2	1	0	1	0	1	3	0	0	0	0	1	0	1	1	0	0	0	0	0	0	0	0	0	0	0	0	0	0	0	0	0	0	0	0	0	0
Uniq3547	0	4	0	4	0	4	0	0	0	0	0	0	0	0	1	0	0	0	0	0	0	0	0	0	0	0	0	0	3	0	5	0	1	0	2	0	1	0	1	0	0	0	0	0	0	0	0	0
Uniq2577	0	3	0	0	0	0	0	0	0	0	0	0	0	0	2	0	0	0	0	0	0	1	0	0	0	0	0	0	0	0	0	0	3	0	1	0	0	0	0	0	0	0	0	0	0	0	0	0
Uniq4166	0	5	0	0	0	15	0	0	0	0	3	0	0	0	9	0	0	0	0	0	0	1	0	0	0	0	0	0	1	0	1	0	1	0	3	0	1	0	2	0	0	0	0	0	0	0	0	0
Uniq939	0	0	0	0	0	0	0	0	0	0	11	0	39	0	5	0	0	0	0	10	0	3	0	3	0	0	0	0	0	0	0	0	0	0	0	0	0	0	0	0	0	0	0	0	0	0	0	0
Uniq3843	0	2	0	4	0	2	0	0	0	0	0	0	0	0	0	0	0	0	0	0	0	0	0	0	0	0	0	0	2	0	2	0	1	0	0	0	0	0	0	0	0	0	0	0	0	0	0	0
Uniq3766	0	2	0	0	0	0	0	0	0	0	0	0	0	0	1	0	0	0	0	0	0	0	0	0	0	0	0	0	0	0	0	0	2	0	1	0	0	0	0	0	0	0	0	0	0	0	0	0
Uniq3064	0	4	0	16	0	29	0	0	0	0	19	0	5	0	20	0	0	1	0	0	0	4	0	5	0	0	0	0	24	0	21	0	26	0	7	0	1	0	1	0	1	0	1	1	0	0	0	0
Uniq392	0	1	0	2	0	1	0	0	0	0	2	0	0	0	2	0	0	0	0	0	0	1	0	1	0	0	0	0	3	0	1	0	2	0	1	0	0	0	1	0	0	0	0	0	0	0	0	0
Uniq2955	0	4	4	7	0	6	0	0	8	0	10	0	2	0	39	0	0	4	0	13	0	10	0	2	0	1	0	0	15	0	4	0	22	0	0	0	2	0	4	0	0	0	1	0	0	0	0	0
Uniq3651	0	1	0	4	0	3	0	0	0	0	0	0	0	0	0	0	0	0	0	0	0	0	0	0	0	0	0	0	2	0	2	0	1	0	0	0	0	0	0	0	0	0	0	0	0	0	0	0
Uniq1317	0	1	0	2	0	2	0	0	0	0	0	0	1	0	1	0	0	0	0	1	0	1	0	2	0	0	0	0	5	0	13	0	3	0	0	0	0	0	0	0	0	0	0	0	0	0	0	0
Uniq3085	0	2	0	7	0	12	0	0	0	0	0	0	0	0	0	0	0	0	0	0	0	0	0	0	0	0	0	0	0	0	0	0	0	0	0	0	0	0	0	0	0	0	0	0	0	0	0	0
Uniq4487	0	2	0	2	0	2	0	0	0	0	0	0	0	0	1	0	0	0	0	0	0	0	0	0	0	0	0	0	1	0	2	0	1	0	1	0	1	0	1	0	0	0	0	0	0	0	0	0
Uniq3004	0	4	0	4	0	3	0	0	0	0	0	0	0	0	0	0	0	0	0	0	0	0	0	0	0	0	0	0	2	0	0	0	0	0	0	0	0	0	0	0	0	0	0	0	0	0	0	0
Uniq695	0	0	0	0	0	0	0	0	0	0	13	0	49	0	8	0	0	0	0	15	0	7	0	5	0	0	0	0	0	0	0	0	0	0	0	0	0	0	0	0	0	0	0	0	0	0	0	0
Uniq1954	0	4	0	10	0	17	0	0	0	0	0	0	0	0	0	0	0	0	0	0	0	0	0	0	0	0	0	0	1	0	0	0	0	0	0	0	0	0	0	0	0	0	0	0	0	0	0	0
Uniq876	0	0	0	0	0	0	0	0	0	0	0	0	0	0	0	0	0	0	0	0	0	0	0	0	0	0	0	0	0	0	0	0	0	0	0	0	0	0	0	0	0	0	0	0	0	0	0	0
Uniq619	0	0	0	0	0	0	0	0	0	0	13	0	56	0	8	0	0	0	0	15	0	7	0	6	0	0	0	0	0	0	0	0	0	0	0	0	0	0	0	0	0	0	0	0	0	0	0	0
Uniq731	0	0	0	0	0	0	0	0	0	0	11	0	44	0	8	0	0	0	0	14	0	5	0	4	0	0	0	0	0	0	0	0	0	0	0	0	0	0	0	0	0	0	0	0	0	0	0	0
Uniq3608	0	4	1	7	1	9	1	1	2	0	0	0	0	0	0	0	0	0	1	0	0	0	0	0	0	1	0	0	4	1	4	0	1	0	2	0	3	1	1	0	0	1	0	0	0	1	0	0
Uniq374	0	1	0	1	0	0	0	0	0	0	1	0	0	0	1	0	0	0	0	1	0	0	0	1	0	0	0	0	1	0	1	0	1	0	1	0	0	0	0	0	0	0	0	0	0	0	0	0
Uniq7	0	3	0	0	0	0	0	0	0	0	0	0	0	0	0	0	0	0	85	64	91	116	88	68	78	75	92	0	0	0	0	0	0	0	0	0	0	0	0	78	104	87	112	85	93	99	100	54
Uniq590	0	1	0	1	0	0	0	0	0	0	2	0	1	0	2	0	0	0	0	1	0	0	0	1	0	0	0	0	1	0	1	0	2	0	1	0	0	0	0	0	0	0	0	0	0	0	0	0
Uniq509	0	1	0	1	0	0	0	0	0	0	1	0	1	0	1	0	0	0	0	1	0	1	0	0	0	0	0	0	2	0	2	0	2	0	1	0	0	0	1	0	0	0	0	0	0	0	0	0
Uniq5	0	3	0	1	0	0	0	0	0	0	0	0	0	0	0	0	0	0	97	69	94	116	94	73	85	77	103	0	0	0	0	0	1	0	0	0	1	0	0	81	93	102	107	99	95	120	107	69
Uniq2973	0	2	0	7	0	10	0	0	0	0	0	0	0	0	0	0	0	0	0	0	0	0	0	0	0	0	0	0	0	0	0	0	0	0	0	0	0	0	0	0	0	0	0	0	0	0	0	0
Uniq2774	0	1	0	3	0	2	2	0	1	0	1	0	0	0	1	0	0	0	0	0	0	0	0	0	0	0	1	0	7	0	3	0	3	0	1	0	1	0	1	1	1	0	1	0	1	0	0	1
Uniq3006	0	3	0	8	0	8	0	0	0	0	0	0	0	0	0	0	0	0	0	0	0	0	0	0	0	0	0	0	5	0	3	0	2	0	0	0	1	0	0	0	0	0	0	0	0	0	0	0
Uniq4271	0	1	0	0	0	0	0	0	0	0	13	0	1	0	1	0	0	0	0	0	0	0	0	0	0	0	0	0	0	0	0	0	0	0	0	0	0	0	0	0	0	0	0	0	0	0	0	0
Uniq704	0	1	0	2	0	0	0	0	0	0	1	0	0	0	1	0	0	0	0	0	0	1	0	0	0	0	0	0	2	0	0	0	1	0	1	0	0	0	0	0	0	0	0	0	0	0	0	0
Uniq23	0	2	0	0	0	0	0	0	0	0	0	0	0	0	0	0	0	0	65	41	68	64	67	42	56	58	67	0	0	0	0	0	0	0	0	0	0	0	0	62	57	73	66	65	58	83	85	47
Uniq678	0	1	0	1	0	1	0	0	0	0	1	0	0	0	1	0	0	0	0	1	0	0	0	0	0	0	0	0	2	0	1	0	2	0	1	0	0	0	0	0	0	0	0	0	0	0	0	0
Uniq2038	0	1	0	1	0	1	0	0	0	0	0	0	1	0	1	0	0	0	0	0	0	0	0	1	0	0	0	0	2	0	5	0	1	0	0	0	0	0	0	0	0	0	0	0	0	0	0	0
Uniq1191	0	0	0	1	0	4	0	0	0	0	10	0	12	0	34	0	0	0	0	17	0	5	0	11	0	0	0	0	0	0	1	0	0	0	0	0	0	0	0	0	0	0	0	0	0	0	0	0
Uniq4355	0	2	0	2	0	2	0	0	0	0	0	0	0	0	1	0	0	0	0	0	0	0	0	0	0	0	0	0	2	0	2	0	1	0	1	0	0	0	1	0	0	0	0	0	0	0	0	0
Uniq3526	0	2	0	1	0	1	0	0	0	0	3	0	2	0	3	0	0	0	0	0	0	0	0	2	0	0	0	0	2	0	1	0	4	0	1	0	0	0	1	0	0	0	0	0	0	0	0	0
Uniq1937	0	4	0	12	0	8	0	0	0	0	0	0	0	0	1	0	0	0	0	0	0	0	0	0	0	0	0	0	6	0	5	0	2	0	0	0	0	0	0	0	0	0	0	0	1	0	0	0
Uniq2069	0	3	0	11	0	16	0	0	0	0	0	0	0	0	1	0	0	0	0	0	0	0	0	0	0	0	0	0	6	0	5	0	3	0	1	0	0	0	0	0	0	0	0	0	0	0	0	0
Uniq2795	0	2	0	1	0	1	0	0	0	0	1	0	0	0	0	0	0	0	0	0	0	1	0	0	0	0	0	0	1	0	0	0	2	0	1	0	0	0	0	0	1	0	0	0	0	0	0	0
Uniq3082	0	4	0	3	1	4	0	0	0	0	1	0	0	0	1	0	0	0	0	0	0	0	0	0	0	0	0	0	3	0	3	0	2	0	1	0	0	0	1	1	0	1	0	1	0	0	0	0
Uniq1885	0	0	0	0	0	0	0	0	0	0	0	0	0	0	0	0	0	0	2	2	1	2	2	2	2	2	2	0	0	0	0	0	0	0	0	0	0	0	0	1	3	2	2	3	3	2	2	1
Uniq327	0	2	0	3	0	1	0	0	0	0	3	0	1	0	3	0	0	0	0	2	0	2	0	1	0	0	0	0	5	0	3	0	4	0	3	0	0	0	1	0	0	0	0	0	0	0	0	0
Uniq1864	0	0	0	0	0	0	0	0	0	0	0	0	0	0	0	0	0	0	0	0	0	0	0	0	0	0	0	0	0	0	0	0	0	0	0	0	0	0	0	0	0	0	0	0	0	0	0	0
Uniq2756	0	3	0	1	0	1	0	0	0	0	0	0	0	0	2	0	0	0	0	0	0	1	0	0	0	0	0	0	0	0	0	0	2	0	1	0	0	0	0	0	0	0	0	0	0	0	0	0
Uniq1078	0	1	0	5	0	4	0	0	0	0	1	0	2	0	3	0	0	0	0	1	0	1	0	3	0	0	0	0	8	0	23	0	6	0	1	0	0	0	0	0	1	0	0	0	0	0	0	0
Uniq3420	0	2	0	3	0	1	0	0	0	0	1	0	0	0	1	0	0	0	0	0	0	0	0	0	0	0	0	0	2	0	2	0	1	0	1	0	1	0	1	0	1	0	0	0	0	0	0	0
Uniq430	0	0	0	0	0	0	0	0	0	0	0	0	0	0	0	0	0	0	0	0	0	0	0	0	0	0	0	0	0	0	0	0	0	0	0	0	0	0	0	0	0	0	0	0	0	0	0	0
Uniq2794	0	3	0	1	0	4	0	0	0	0	0	0	0	0	1	0	0	0	0	0	0	1	0	0	0	0	0	0	0	0	0	0	1	0	1	0	1	0	1	0	0	0	0	0	0	0	0	0
Uniq1075	0	0	0	0	0	0	0	0	0	0	0	0	0	0	0	0	0	0	0	8	0	10	0	8	0	0	0	0	0	0	0	0	0	0	0	0	0	0	0	0	11	0	12	0	10	0	0	0
Uniq676	0	1	0	1	0	0	0	0	0	0	2	0	0	0	2	0	0	0	0	1	0	1	0	1	0	0	0	0	1	0	0	0	1	0	1	0	0	0	0	0	0	0	0	0	0	0	0	0
Uniq3816	0	4	0	3	0	2	0	0	0	0	6	0	3	0	3	0	0	0	0	0	0	1	0	5	0	0	0	0	3	0	4	0	7	0	3	0	1	0	1	0	1	0	0	0	0	0	0	0
Uniq4261	0	3	0	1	0	2	0	0	0	0	4	0	3	0	3	0	0	0	0	0	0	1	0	4	0	0	0	0	2	0	2	0	5	0	2	0	1	0	1	0	0	0	0	0	0	0	0	0
Uniq3466	0	4	0	6	0	9	0	0	0	0	1	0	0	0	5	0	0	0	0	1	0	1	0	0	0	0	0	0	4	0	6	0	4	0	1	0	3	0	1	0	1	0	1	0	1	0	0	0
Uniq1342	0	3	0	3	0	2	0	0	0	0	3	0	1	0	1	0	0	0	0	0	0	3	0	1	0	0	0	0	2	0	1	0	8	0	1	0	2	0	1	0	1	0	0	0	0	0	0	0
Uniq2967	0	1	0	3	0	1	0	0	0	0	0	0	0	0	0	0	0	0	0	0	0	0	0	0	0	0	0	0	12	0	6	0	2	0	1	0	0	0	0	0	0	0	0	0	0	0	0	0
Uniq4449	0	1	0	0	0	2	0	0	0	0	3	0	0	0	4	0	0	0	0	0	0	0	0	0	0	0	0	0	5	0	9	0	42	0	0	0	1	0	0	0	0	0	0	0	0	0	0	0
Uniq508	0	1	0	2	0	1	0	0	0	0	2	0	1	0	2	0	0	0	0	1	0	1	0	1	0	0	0	0	2	0	2	0	3	0	2	0	0	0	1	0	0	0	0	0	0	0	0	0
Uniq474	0	1	0	2	0	1	0	0	0	0	2	0	1	0	2	0	0	0	0	1	0	1	0	0	0	0	0	0	2	0	2	0	2	0	2	0	0	0	0	0	0	0	0	0	0	0	0	0
Uniq1753	0	0	0	0	0	0	0	0	0	0	0	0	0	0	0	0	0	0	0	2	0	5	0	3	0	0	0	0	0	0	0	0	0	0	0	0	0	0	0	0	4	0	5	0	5	0	0	0
Uniq3877	0	3	0	0	0	1	0	0	0	0	0	0	0	0	2	0	0	0	0	0	0	0	0	0	0	0	0	0	0	0	0	0	3	0	1	0	0	0	0	0	0	0	0	0	0	0	0	0
Uniq3994	0	2	0	3	0	3	0	0	0	0	0	0	0	0	1	0	0	0	0	0	0	0	0	0	0	0	0	0	3	0	3	0	3	0	1	0	2	0	1	0	0	0	0	0	0	0	0	0
Uniq1149	0	1	0	3	0	2	0	0	0	0	1	0	2	0	3	0	0	0	0	0	0	0	0	2	0	0	0	0	5	0	22	0	5	0	0	0	0	0	0	0	0	0	0	0	0	0	0	0
Uniq3898	0	4	0	0	0	0	0	0	0	0	0	0	0	0	1	0	0	0	0	0	0	0	0	0	0	0	0	0	0	0	0	0	2	0	1	0	0	0	0	0	0	0	0	0	0	0	0	0
Uniq2477	0	1	0	1	0	2	0	0	0	0	1	0	0	0	0	0	0	0	0	0	0	1	0	1	0	0	0	0	2	0	0	0	2	0	0	0	1	0	0	0	0	0	0	0	0	0	0	0
Uniq2236	0	0	0	0	0	0	0	0	0	0	0	0	0	0	0	0	0	0	0	3	0	5	0	2	0	0	0	0	0	0	0	0	0	0	0	0	0	0	0	0	3	0	5	0	3	0	0	0
Uniq3095	0	2	0	3	0	2	0	0	0	0	1	0	0	0	0	0	0	0	0	0	0	0	0	0	0	0	0	0	2	0	3	0	2	0	1	0	1	0	1	0	0	0	0	0	0	0	0	0
Uniq3464	0	1	0	0	0	0	0	0	0	0	41	0	2	0	3	0	0	0	0	2	0	0	0	1	0	0	0	0	0	0	0	0	0	0	0	0	0	0	0	0	0	0	0	0	0	0	0	0
Uniq31	0	2	0	0	0	0	0	0	0	0	0	0	0	0	0	0	0	0	52	31	51	55	58	35	48	44	51	0	0	0	0	0	0	0	0	0	0	0	0	47	44	56	54	54	45	71	63	38
Uniq2218	0	1	0	1	0	1	0	0	0	0	1	0	1	0	1	0	0	0	0	0	0	0	0	0	0	0	0	0	5	0	12	0	3	0	0	0	0	0	0	0	0	0	0	0	0	0	0	0
Uniq4031	0	3	0	0	0	0	0	0	0	0	0	0	0	0	1	0	0	0	0	0	0	0	0	0	0	0	0	0	0	0	0	0	2	0	1	0	0	0	0	0	0	0	0	0	0	0	0	0
Uniq3039	0	2	0	1	0	2	0	0	0	0	1	0	0	0	0	0	0	0	0	0	0	0	0	0	0	0	0	0	1	0	2	0	1	0	1	0	0	0	0	0	0	0	0	0	0	0	0	0
Uniq3225	0	2	3	6	0	4	0	0	6	0	8	0	1	0	33	0	0	2	0	11	0	7	0	2	0	1	0	0	9	0	2	0	15	0	0	0	1	0	2	0	0	0	0	0	0	0	0	0
Uniq4338	0	0	0	0	0	0	0	0	0	0	0	0	0	0	0	0	0	0	0	0	0	0	0	0	0	0	0	0	0	0	0	0	0	0	0	0	0	0	0	0	0	0	0	0	0	0	0	0
Uniq3031	0	1	0	4	0	1	0	0	0	0	0	0	0	0	0	0	0	0	0	0	0	0	0	0	0	0	0	0	8	0	4	0	1	0	1	0	0	0	0	0	0	0	0	0	0	0	0	0
Uniq2078	0	0	0	0	0	0	0	0	0	0	0	0	0	0	0	0	0	0	2	1	2	2	1	1	2	2	2	0	0	0	0	0	0	0	0	0	0	0	0	2	2	2	2	1	2	3	2	1
Uniq3310	0	1	0	1	0	1	0	0	0	0	0	0	1	0	2	0	0	0	0	0	0	0	0	2	0	0	0	0	2	0	10	0	2	0	0	0	0	0	0	0	0	0	0	0	0	0	0	0
Uniq3884	0	1	0	3	0	2	0	0	0	0	0	0	0	0	1	0	0	0	0	0	0	0	0	0	0	0	0	0	13	0	4	0	1	0	1	0	0	0	0	0	0	0	0	0	0	0	0	0
Uniq3377	0	2	0	2	0	3	0	0	0	0	1	0	0	0	1	0	0	0	0	0	0	0	0	0	0	0	0	0	2	0	4	0	1	0	1	0	1	0	1	0	0	0	0	0	0	0	0	0
Uniq2360	0	1	0	0	0	1	0	0	0	0	0	0	0	0	0	0	0	0	0	0	0	1	0	0	0	0	0	0	0	0	0	0	2	0	0	0	0	0	0	0	0	0	0	0	0	0	0	0
Uniq3835	0	2	0	0	0	0	0	0	0	0	36	0	3	0	2	0	0	0	0	1	0	0	0	0	0	0	0	0	0	0	0	0	0	0	0	0	0	0	0	0	0	0	0	0	0	0	0	0
Uniq1870	0	1	0	1	0	0	0	0	0	0	1	0	1	0	2	0	0	0	0	1	0	0	0	2	0	0	0	0	3	0	13	0	3	0	0	0	0	0	0	0	0	0	0	0	0	0	0	0
Uniq802	0	0	0	0	0	0	0	0	0	0	0	0	0	0	0	0	0	0	0	0	0	0	0	0	0	0	0	0	0	0	0	0	0	0	0	0	0	0	0	0	0	0	0	0	0	0	0	0
Uniq1502	0	1	0	2	0	2	0	0	0	0	2	0	1	0	2	0	0	0	0	0	0	0	0	3	0	0	0	0	5	0	15	0	5	0	0	0	0	0	0	0	0	0	0	0	0	0	0	0
Uniq1711	0	3	0	12	0	11	0	0	0	0	0	0	0	0	1	0	0	0	0	0	0	0	0	0	0	0	0	0	9	0	6	0	3	0	0	0	1	0	0	0	0	0	0	0	0	0	0	0
Uniq2710	0	0	0	0	0	0	0	0	0	0	0	0	0	0	0	0	0	0	0	0	0	0	0	0	0	0	0	0	0	0	0	0	0	0	0	0	0	0	0	0	0	0	0	0	0	0	0	0
Uniq2479	0	0	0	0	0	0	0	0	0	0	0	0	0	0	0	0	0	0	0	3	0	5	0	2	0	0	0	0	0	0	0	0	0	0	0	0	0	0	0	0	4	0	4	0	4	0	0	0
Uniq2727	0	3	0	3	0	4	0	0	0	0	0	0	0	0	1	0	0	0	0	0	0	0	0	0	0	0	0	0	3	0	2	0	2	0	1	0	1	0	1	0	0	0	0	0	0	0	0	0
Uniq3177	0	0	0	0	0	0	0	0	0	0	0	0	0	0	0	0	0	0	1	0	0	1	0	1	0	1	0	0	0	0	0	0	0	0	0	0	0	0	0	0	1	0	0	1	1	0	1	1
Uniq2994	0	1	0	3	0	2	0	0	0	0	0	0	0	0	1	0	0	0	0	0	0	0	0	0	0	0	0	0	9	0	4	0	1	0	1	0	0	0	0	0	0	0	0	0	1	0	0	0
Uniq2625	0	2	0	1	0	0	0	0	0	0	0	0	0	0	1	0	0	0	0	0	0	0	0	1	0	0	0	0	0	0	0	0	2	0	1	0	0	0	0	0	0	0	0	0	0	0	0	0
Uniq366	0	0	0	0	0	0	0	0	0	0	15	0	82	0	13	0	0	0	0	22	0	8	0	8	0	0	0	0	0	0	0	0	0	0	0	0	0	0	0	0	0	0	0	0	0	0	0	0
Uniq393	0	1	0	0	0	0	0	0	0	0	20	0	85	0	14	0	0	0	0	22	0	8	0	8	0	0	0	0	0	0	0	0	0	0	0	0	0	0	0	0	0	0	0	0	0	0	0	0
Uniq3856	0	2	0	3	0	2	0	0	0	0	1	0	0	0	0	0	0	0	0	0	0	0	0	0	0	0	0	0	3	0	2	0	1	0	1	0	1	0	0	0	0	0	0	0	0	0	0	0
Uniq1002	0	1	0	0	0	0	0	0	0	0	0	0	0	0	0	0	0	0	0	12	0	17	0	12	0	0	0	0	0	0	0	0	0	0	0	0	0	0	0	0	16	0	19	0	16	0	0	0
Uniq504	0	0	0	1	0	0	0	0	0	0	1	0	0	0	1	0	0	0	0	0	0	0	0	0	0	0	0	0	1	0	1	0	1	0	1	0	0	0	0	0	0	0	0	0	0	0	0	0
Uniq1466	0	0	0	2	0	1	0	0	0	0	0	0	1	0	2	0	0	0	0	1	0	0	0	2	0	0	0	0	3	0	14	0	4	0	0	0	0	0	0	0	0	0	0	0	0	0	0	0
Uniq1624	0	0	0	0	0	0	0	0	0	0	0	0	0	0	0	0	0	0	0	2	0	4	0	3	0	0	0	0	0	0	0	0	0	0	0	0	0	0	0	0	3	0	3	0	3	0	0	0
Uniq4072	0	1	0	2	0	2	0	0	0	0	0	0	0	0	0	0	0	0	0	0	0	0	0	0	0	0	0	0	2	0	1	0	1	0	0	0	0	0	0	0	0	0	0	0	0	0	0	0
Uniq314	0	0	0	2	0	0	0	0	0	0	2	0	0	0	1	0	0	0	0	0	0	1	0	0	0	0	0	0	2	0	1	0	2	0	0	0	0	0	0	0	0	0	0	0	0	0	0	0
Uniq2529	0	1	0	1	0	1	0	0	0	0	1	0	0	0	0	0	0	0	0	0	0	2	0	1	0	0	0	0	1	0	0	0	2	0	0	0	1	0	0	0	0	0	0	0	0	0	0	0
Uniq2564	0	0	0	0	0	0	0	0	0	0	0	0	0	0	0	0	0	0	1	1	1	3	1	1	1	1	1	0	0	0	0	0	0	0	0	0	0	0	0	1	2	1	2	2	1	1	2	1
Uniq1856	0	1	0	1	0	1	0	0	0	0	1	0	1	0	1	0	0	0	0	0	0	3	0	1	0	0	0	0	2	0	1	0	4	0	1	0	1	0	1	0	1	0	0	0	0	0	0	0
Uniq173	0	1	0	0	0	0	0	0	0	0	45	0	225	0	35	0	0	0	0	56	0	25	0	20	0	0	0	0	0	0	0	0	0	0	0	0	0	0	0	0	0	0	0	0	0	0	0	0
Uniq2496	0	1	0	1	0	1	0	0	0	0	1	0	2	0	2	0	0	0	0	0	0	0	0	2	0	0	0	0	3	0	11	0	3	0	0	0	0	0	0	0	0	0	0	0	0	0	0	0
Uniq692	0	0	0	2	0	0	0	0	0	0	2	0	0	0	1	0	0	0	0	1	0	1	0	1	0	0	0	0	1	0	1	0	1	0	1	0	0	0	0	0	0	0	0	0	0	0	0	0
Uniq1121	0	0	0	0	0	0	0	0	0	0	0	0	0	0	0	0	0	0	0	5	0	7	0	4	0	0	0	0	0	0	0	0	0	0	0	0	0	0	0	0	6	0	7	0	7	0	0	0
Uniq1289	0	0	0	0	0	0	0	0	0	0	0	0	0	0	0	0	0	0	0	3	0	5	0	5	0	0	0	0	0	0	0	0	0	0	0	0	0	0	0	0	7	0	8	0	6	0	0	0
Uniq648	0	0	0	0	0	0	0	0	0	0	0	0	0	0	0	0	0	0	0	0	0	0	0	0	0	0	0	0	0	0	0	0	0	0	0	0	0	0	0	0	0	0	0	0	0	0	0	0
Uniq548	0	1	0	2	0	0	0	0	0	0	1	0	1	0	1	0	0	0	0	1	0	1	0	1	0	0	0	0	2	0	1	0	1	0	1	0	0	0	1	0	0	0	0	0	0	0	0	0
Uniq3615	0	0	0	1	0	2	0	0	2	0	2	0	0	0	7	0	0	0	0	3	0	1	0	1	0	0	0	0	1	0	0	0	4	0	0	0	0	0	0	0	0	0	0	0	0	0	0	0
Uniq1373	0	0	0	0	0	0	0	0	0	0	0	0	0	0	0	0	0	0	0	5	0	6	0	4	0	0	0	0	0	0	0	0	0	0	0	0	0	0	0	1	6	0	6	0	4	0	0	0
Uniq257	0	0	0	0	0	0	0	0	0	0	0	0	0	0	0	0	0	0	0	0	0	0	0	0	0	0	0	0	0	0	0	0	0	0	0	0	0	0	0	0	0	0	0	0	0	0	0	0
Uniq1944	0	1	0	1	0	2	0	0	0	0	1	0	1	0	2	0	0	0	0	0	0	0	0	2	0	0	0	0	4	0	11	0	3	0	0	0	0	0	0	0	0	0	0	0	0	0	0	0
Uniq2252	0	2	0	14	0	11	0	0	0	0	0	0	0	0	1	0	0	0	0	0	0	0	0	0	0	0	0	0	8	0	6	0	3	0	0	0	1	0	0	0	0	0	0	0	0	0	0	0
Uniq4365	0	0	0	0	0	0	0	0	0	0	0	0	0	0	0	0	0	0	0	0	0	0	0	0	0	0	0	0	0	0	0	0	0	0	0	0	0	0	0	0	0	0	0	0	0	0	0	0
Uniq2660	0	1	0	1	0	1	0	0	0	0	1	0	0	0	0	0	0	0	0	0	0	2	0	1	0	0	0	0	1	0	1	0	2	0	0	0	0	0	0	0	0	0	0	0	0	0	0	0
Uniq4420	0	0	0	0	0	0	0	0	0	0	0	0	0	0	0	0	0	0	0	0	0	0	0	0	0	0	0	0	0	0	0	0	0	0	0	0	0	0	0	0	0	0	0	0	0	0	0	0
Uniq1688	0	1	0	2	0	2	0	0	0	0	1	0	1	0	2	0	0	0	0	1	0	0	0	2	0	0	0	0	5	0	13	0	4	0	0	0	0	0	0	0	0	0	0	0	0	0	0	0
Uniq1916	0	0	0	0	0	0	0	0	0	0	0	0	0	0	0	0	0	0	2	1	2	2	3	1	2	2	2	0	0	0	0	0	0	0	0	0	0	0	0	2	2	2	2	2	1	3	3	1
Uniq4170	0	1	0	2	0	1	0	0	0	0	0	0	0	0	0	0	0	0	0	0	0	0	0	0	0	0	0	0	8	0	4	0	1	0	0	0	0	0	0	0	0	0	0	0	1	0	0	0
Uniq1955	0	0	0	2	0	2	0	0	0	0	1	0	1	0	2	0	0	0	0	0	0	0	0	1	0	0	0	0	2	0	8	0	2	0	0	0	0	0	0	0	0	0	0	0	0	0	0	0
Uniq340	0	0	0	0	0	0	0	0	0	0	0	0	0	0	0	0	0	0	0	0	0	0	0	0	0	0	0	0	0	0	0	0	0	0	0	0	0	0	0	0	0	0	0	0	0	0	0	0
Uniq3037	0	1	0	1	0	1	0	1	0	0	0	0	0	0	0	0	0	0	0	0	0	0	0	0	0	0	0	0	2	0	1	0	1	0	0	0	0	0	1	1	0	1	0	0	0	0	0	1
Uniq3345	0	0	0	0	0	2	0	0	0	0	1	0	0	0	0	0	0	0	0	0	0	0	0	0	0	0	0	0	3	0	1	0	1	0	0	0	0	0	0	0	0	0	0	0	0	0	0	0
Uniq881	0	0	0	0	0	0	0	0	0	0	10	0	45	0	5	0	0	0	0	10	0	5	0	3	0	0	0	0	0	0	0	0	0	0	0	0	0	0	0	0	0	0	0	0	0	0	0	0
Uniq2953	0	3	0	2	0	4	0	0	0	0	1	0	0	0	1	0	0	0	0	0	0	0	0	0	0	0	0	0	2	0	2	0	1	0	0	0	1	0	1	1	0	0	0	0	1	0	0	0
Uniq2443	0	3	0	1	0	4	0	0	0	0	1	0	0	0	2	0	0	0	0	0	0	0	0	0	0	0	0	0	0	0	0	0	0	0	2	0	1	0	1	0	0	0	0	0	0	0	0	0
Uniq412	0	0	0	0	0	0	0	0	0	0	0	0	0	0	0	0	0	0	0	0	0	0	0	0	0	0	0	0	0	0	0	0	0	0	0	0	0	0	0	0	0	0	0	0	0	0	0	0
Uniq431	0	0	0	0	0	0	0	0	0	0	17	0	82	0	12	0	0	0	0	20	0	10	0	7	0	0	0	0	0	0	0	0	0	0	0	0	0	0	0	0	0	0	0	0	0	0	0	0
Uniq1035	0	0	0	0	0	0	0	0	0	0	0	0	0	0	0	0	0	0	6	4	6	5	7	4	4	4	6	0	0	0	0	0	0	0	0	0	0	0	0	4	4	4	6	10	5	7	5	5
Uniq1774	0	0	0	0	0	0	0	0	0	0	0	0	0	0	0	0	0	0	1	1	1	2	1	2	1	2	2	0	0	0	0	0	0	0	0	0	0	0	0	2	1	1	1	2	1	2	1	1
Uniq523	0	0	0	0	0	0	0	0	0	0	0	0	0	0	0	0	0	0	0	0	0	0	0	0	0	0	0	0	0	0	0	0	0	0	0	0	0	0	0	0	0	0	0	0	0	0	0	0
Uniq1794	0	1	0	2	0	1	0	0	0	0	0	0	1	0	2	0	0	0	0	1	0	0	0	2	0	0	0	0	3	0	10	0	3	0	0	0	0	0	0	0	0	0	0	0	0	0	0	0
Uniq2629	0	0	0	3	0	1	0	0	0	0	1	0	1	0	2	0	0	0	0	0	0	1	0	2	0	0	0	0	3	0	11	0	3	0	0	0	0	0	0	0	0	0	0	0	0	0	0	0
Uniq2860	0	1	0	3	0	3	0	0	0	0	0	0	0	0	0	0	0	0	0	0	0	0	0	0	0	0	0	0	12	0	5	0	2	0	1	0	0	0	0	0	0	0	0	0	0	0	0	0
Uniq3946	0	0	0	0	0	1	0	0	0	0	0	0	0	0	1	0	0	0	0	0	0	0	0	0	0	0	0	0	1	0	0	0	1	0	0	0	0	0	0	0	0	0	0	0	0	0	0	0
Uniq3434	0	1	0	1	1	2	4	0	0	0	1	0	0	0	1	0	2	0	0	0	5	0	0	0	0	0	0	0	10	0	3	0	7	1	2	0	2	0	0	0	1	1	3	0	1	0	1	0
Uniq1775	0	0	0	1	0	1	0	0	0	0	0	0	1	0	0	0	0	0	0	0	0	0	0	1	0	0	0	0	2	0	5	0	1	0	0	0	0	0	0	0	0	0	0	0	0	0	0	0
Uniq451	0	0	0	0	0	0	0	0	0	0	0	0	0	0	0	0	0	0	0	0	0	0	0	0	0	0	0	0	0	0	0	0	0	0	0	0	0	0	0	0	0	0	0	0	0	0	0	0
Uniq3915	0	1	0	0	0	1	0	0	0	0	1	0	2	0	1	0	0	0	0	0	0	1	0	1	0	0	0	0	1	0	0	0	2	0	0	0	0	0	0	0	0	0	0	0	0	0	0	0
Uniq1950	0	0	0	0	0	0	0	0	0	0	0	0	0	0	0	0	0	0	0	3	0	6	0	3	0	0	0	0	0	0	0	0	0	0	0	0	0	0	0	0	5	0	5	0	6	0	0	0
Uniq3297	0	0	0	0	0	0	0	0	0	0	0	0	0	0	0	0	0	0	0	4	0	4	0	2	0	0	0	0	0	0	0	0	0	0	0	0	0	0	0	0	3	0	5	0	4	0	0	0
Uniq1942	0	0	0	0	0	0	0	0	0	0	0	0	0	0	0	0	0	0	0	3	0	4	0	2	0	0	0	0	0	0	0	0	0	0	0	0	0	0	0	0	4	0	4	0	4	0	0	0
Uniq2852	0	0	0	0	0	0	0	0	0	0	0	0	0	0	0	0	0	0	0	0	0	0	0	0	0	0	0	0	0	0	0	0	0	0	0	0	0	0	0	0	0	0	0	0	0	0	0	0
Uniq1176	0	0	0	0	0	0	0	0	0	0	0	0	0	0	0	0	0	0	0	5	0	6	0	4	0	0	0	0	0	0	0	0	0	0	0	0	0	0	0	0	6	0	7	0	6	0	0	0
Uniq1124	0	0	0	0	0	0	0	0	0	0	0	0	0	0	0	0	0	0	0	5	0	7	0	4	0	0	0	0	0	0	0	0	0	0	0	0	0	0	0	0	6	0	7	0	8	0	0	0
Uniq2094	0	0	0	0	0	0	0	0	0	0	0	0	0	0	0	0	0	0	0	0	0	0	0	0	0	0	0	0	0	0	0	0	0	0	0	0	0	0	0	0	0	0	0	0	0	0	0	0
Uniq3742	0	0	0	0	0	0	0	0	0	0	0	0	0	0	0	0	0	0	0	0	0	0	1	1	0	0	1	0	0	0	0	0	0	0	0	0	0	0	0	1	1	1	0	1	1	1	0	0
Uniq574	0	0	0	0	0	0	0	0	0	0	13	0	66	0	10	0	0	0	0	17	0	7	0	7	0	0	0	0	0	0	0	0	0	0	0	0	0	0	0	0	0	0	0	0	0	0	0	0
Uniq898	0	0	0	0	0	1	0	0	0	0	0	0	0	0	0	0	0	0	0	0	0	0	0	0	0	0	0	0	0	0	0	0	0	0	0	0	0	0	0	0	0	0	0	0	0	0	0	0
Uniq4299	0	0	1	0	0	0	0	0	0	0	10	2	3	0	3	0	0	4	0	0	0	0	1	1	1	1	1	0	1	0	1	0	0	0	1	0	0	0	0	0	0	0	0	0	0	0	0	0
Uniq2140	0	0	0	0	0	0	0	0	0	0	0	0	0	0	0	0	0	0	3	2	3	3	3	3	3	3	3	0	0	0	0	0	0	0	0	0	0	0	0	3	3	1	3	4	3	4	5	2
Uniq1094	0	0	0	0	0	0	0	0	0	0	0	0	0	0	0	0	0	0	0	0	0	0	0	0	0	0	0	0	0	0	0	0	0	0	0	0	0	0	0	0	0	0	0	0	0	0	0	0
Uniq2900	0	0	0	1	0	1	0	0	0	0	0	0	0	0	0	0	0	0	0	0	0	0	0	0	0	0	0	0	3	0	1	0	1	0	1	0	0	0	0	0	0	0	0	0	1	0	0	0
Uniq1932	0	1	0	1	0	1	0	0	0	0	0	0	2	0	2	0	0	0	0	0	0	0	0	2	0	0	0	0	4	0	12	0	3	0	0	0	0	0	0	0	0	0	0	0	0	0	0	0
Uniq2362	0	0	0	0	0	0	0	0	0	0	0	0	0	0	0	0	0	0	1	1	3	3	2	1	2	1	3	0	0	0	0	0	0	0	0	0	0	0	0	3	2	2	2	2	2	2	2	1
Uniq194	0	0	0	0	0	0	0	0	0	0	0	0	0	0	0	0	0	0	0	0	0	0	0	0	0	0	0	0	0	0	0	0	0	0	0	0	0	0	0	0	0	0	0	0	0	0	0	0
Uniq1894	0	0	0	0	0	0	0	0	0	0	0	0	0	0	0	0	0	0	0	3	0	6	0	3	0	0	0	0	0	0	0	0	0	0	0	0	0	0	0	0	3	0	6	0	4	0	0	0
Uniq2183	0	0	0	0	0	0	0	0	0	0	0	0	0	0	0	0	0	0	0	3	0	4	0	3	0	0	0	0	0	0	0	0	0	0	0	0	0	0	0	0	4	0	4	0	3	0	0	0
Uniq3966	0	0	0	0	0	0	0	0	0	0	0	0	0	0	0	0	0	0	0	0	0	1	0	1	0	0	0	0	0	0	0	0	0	0	0	0	0	0	0	1	1	1	1	0	1	0	1	0
Uniq3344	0	1	3	3	0	2	0	0	5	0	6	0	1	0	20	0	0	1	0	7	0	5	0	2	0	0	0	0	6	0	1	0	10	0	0	0	0	0	1	0	0	0	0	0	0	0	0	0
Uniq4087	0	0	0	0	0	0	0	0	0	0	0	0	0	0	0	0	0	0	0	0	0	0	0	0	0	0	0	0	1	0	0	0	0	0	0	0	0	0	0	0	0	0	0	0	0	0	0	0
Uniq3242	0	0	0	0	0	0	0	0	0	0	0	0	0	0	0	0	0	0	1	0	1	0	2	0	0	1	1	0	0	0	0	0	0	0	0	0	0	0	0	2	0	1	0	1	0	1	1	1
Uniq1326	0	0	0	0	0	0	0	0	0	0	0	0	0	0	0	0	0	0	0	0	0	0	0	0	0	0	0	0	0	0	0	0	0	0	0	0	0	0	0	0	0	0	0	0	0	0	0	0
Uniq3875	0	1	1	1	0	1	0	0	1	0	4	0	0	0	9	0	0	0	0	3	0	2	0	1	0	0	0	0	3	0	0	0	5	0	0	0	0	0	1	0	0	0	0	0	0	0	0	0
Uniq4459	0	1	0	0	0	0	1	0	0	1	0	1	2	0	0	0	0	0	1	0	0	0	0	0	0	1	0	0	0	0	1	0	1	0	0	0	0	0	0	1	0	0	0	0	0	0	0	0
Uniq1559	0	0	0	0	0	0	0	0	0	0	0	0	0	0	0	0	0	0	3	2	2	3	3	2	2	3	3	0	0	0	0	0	0	0	0	0	0	0	0	3	3	2	3	3	4	4	3	2
Uniq1025	0	0	0	0	0	0	0	0	0	0	0	0	0	0	0	0	0	0	7	4	5	5	5	4	5	4	4	0	0	0	0	0	0	0	0	0	0	0	0	4	5	6	5	5	4	8	8	3
Uniq4205	0	0	0	0	0	0	1	0	0	0	0	0	0	0	1	0	0	0	0	0	3	0	0	0	0	0	0	0	6	0	2	0	4	1	1	0	1	0	0	0	1	0	2	0	1	0	0	0
Uniq2767	0	0	0	0	0	0	0	0	0	0	0	0	0	0	0	0	0	0	0	2	0	4	0	2	0	0	0	0	0	0	0	0	0	0	0	0	0	0	0	0	3	0	4	0	3	0	0	0
Uniq4249	0	0	0	0	0	0	0	0	0	0	0	0	0	0	0	0	0	0	0	0	0	0	0	0	0	0	0	0	0	0	0	0	0	0	0	0	0	0	0	0	0	0	0	0	0	0	0	0
Uniq617	0	1	0	0	0	0	0	0	0	0	0	0	0	0	0	0	0	0	0	19	0	32	0	24	0	0	0	0	0	0	0	0	0	0	0	0	0	0	0	0	28	0	31	0	28	0	0	0
Uniq458	0	0	0	0	0	0	0	0	0	0	0	0	0	0	0	0	0	0	0	0	0	0	0	0	0	0	0	0	0	0	0	0	0	0	0	0	0	0	0	0	0	0	0	0	0	0	0	0
Uniq838	0	0	0	0	0	0	0	0	0	0	0	0	0	0	0	0	0	0	0	0	0	0	0	0	0	0	0	0	0	0	0	0	0	0	0	0	0	0	0	0	0	0	0	0	0	0	0	0
Uniq1008	0	1	0	0	0	0	0	0	0	0	0	0	0	0	0	0	0	0	6	6	6	8	7	6	6	6	5	0	0	0	0	0	0	0	0	0	0	0	0	8	7	5	9	7	7	5	6	5
Uniq970	0	0	0	0	0	1	0	0	0	0	0	0	0	0	0	0	0	0	0	0	0	0	0	0	0	0	0	0	0	0	0	0	0	0	0	0	0	0	0	0	0	0	0	0	0	0	0	0
Uniq873	0	0	0	0	0	0	0	0	0	0	8	0	44	0	8	0	0	0	0	14	0	5	0	4	0	0	0	0	0	0	0	0	0	0	0	0	0	0	0	0	0	0	0	0	0	0	0	0
Uniq593	0	1	0	0	0	0	0	0	0	0	12	0	64	0	9	0	0	0	0	16	0	7	0	5	0	0	0	0	0	0	0	0	0	0	0	0	0	0	0	0	0	0	0	0	0	0	0	0
Uniq696	0	0	0	0	0	0	0	0	0	0	13	0	56	0	8	0	0	0	0	16	0	4	0	3	0	0	0	0	0	0	0	0	0	0	0	0	0	0	0	0	0	0	0	0	0	0	0	0
Uniq564	0	0	0	0	0	0	0	0	0	0	1	0	0	0	0	0	0	0	0	0	0	0	0	0	0	0	0	0	1	0	1	0	1	0	1	0	0	0	0	0	0	0	0	0	0	0	0	0
Uniq544	0	1	0	0	0	0	0	0	0	0	17	0	70	0	9	0	0	0	0	18	0	8	0	5	0	0	0	0	1	0	0	0	0	0	0	0	0	0	0	0	0	0	0	0	0	0	0	0
Uniq1277	0	0	0	0	0	0	0	0	0	0	0	0	0	0	0	0	0	0	0	4	0	7	0	4	0	0	0	0	0	0	0	0	0	0	0	0	0	0	0	0	6	0	6	0	6	0	0	0
Uniq1093	0	0	0	0	0	0	0	0	0	0	0	0	0	0	0	0	0	0	0	6	0	8	0	6	0	0	0	0	0	0	0	0	0	0	0	0	0	0	0	0	8	0	7	0	6	0	0	0
Uniq4300	0	0	0	0	0	0	0	0	0	0	0	0	0	0	0	0	0	0	0	2	0	2	0	2	0	0	0	0	0	0	0	0	0	0	0	0	0	0	0	0	1	0	2	0	1	0	0	0
Uniq527	0	0	0	1	0	0	0	0	0	0	1	0	0	0	1	0	0	0	0	1	0	1	0	0	0	0	0	0	1	0	1	0	0	0	1	0	0	0	0	0	0	0	0	0	0	0	0	0
Uniq351	0	0	0	0	0	0	0	0	0	0	18	0	90	0	14	0	0	0	0	26	0	10	0	8	0	0	0	0	0	0	1	0	0	0	0	0	0	0	0	0	0	0	0	0	0	0	0	0
Uniq50	0	0	0	0	0	0	0	0	0	0	0	0	0	0	0	0	0	0	0	0	0	0	0	0	0	0	0	0	0	0	0	0	0	0	0	0	0	0	0	0	0	0	0	0	0	0	0	0
Uniq954	0	0	0	0	0	0	0	0	0	0	10	0	40	0	6	0	0	0	0	10	0	5	0	4	0	0	0	0	0	0	0	0	0	0	0	0	0	0	0	0	0	0	0	0	0	0	0	0
Uniq2939	0	0	0	0	0	0	0	0	0	0	0	0	0	0	0	0	0	0	2	2	2	2	1	1	1	1	2	0	0	0	0	0	0	0	0	0	0	0	0	1	3	2	2	1	2	3	2	1
Uniq1826	0	0	0	0	0	0	0	0	0	0	0	0	0	0	0	0	0	0	2	2	1	4	3	2	2	2	3	0	0	0	0	0	0	0	0	0	0	0	0	2	2	2	4	3	3	3	3	1
Uniq2872	0	0	0	1	0	0	0	0	0	0	0	0	0	0	0	0	0	0	0	0	0	0	0	0	0	0	0	0	4	0	3	0	1	0	1	0	0	0	0	0	0	0	0	0	0	0	0	0
Uniq3187	0	0	0	0	0	0	0	0	0	0	0	0	0	0	0	0	0	0	0	1	0	2	0	2	0	0	0	0	0	0	0	0	0	0	0	0	0	0	0	0	3	0	3	0	2	0	0	0
Uniq672	0	0	0	0	0	0	0	0	0	0	0	0	0	0	0	0	0	0	0	0	0	0	0	0	0	0	0	0	0	0	0	0	0	0	0	0	0	0	0	0	0	0	0	0	0	0	0	0
Uniq1638	0	0	0	0	0	1	0	0	0	0	0	0	0	0	0	0	0	0	0	0	0	0	0	0	0	0	0	0	0	0	0	0	0	0	0	0	0	0	0	0	0	0	0	0	0	0	0	0
Uniq784	0	0	0	1	0	1	0	0	0	0	1	0	0	0	0	0	0	0	0	0	0	0	0	0	0	0	0	0	1	0	0	0	1	0	0	0	0	0	0	0	0	0	0	0	0	0	0	0
Uniq1935	0	0	0	1	0	1	0	0	0	0	1	0	1	0	1	0	0	0	0	0	0	1	0	1	0	0	0	0	3	0	8	0	2	0	0	0	0	0	0	0	0	0	0	0	0	0	0	0
Uniq1569	0	0	0	0	0	0	0	0	0	0	0	0	0	0	0	0	0	0	0	3	0	7	0	4	0	0	0	0	0	0	0	0	0	0	0	0	0	0	0	0	3	0	6	0	6	0	0	0
Uniq879	0	0	0	0	0	0	0	0	0	0	9	0	39	0	6	0	0	0	0	11	0	5	0	3	0	0	0	0	0	0	0	0	0	0	0	0	0	0	0	0	0	0	0	0	0	0	0	0
Uniq1494	0	0	0	0	0	0	0	0	0	0	0	0	0	0	0	0	0	0	0	3	0	5	0	3	0	0	0	0	0	0	0	0	0	0	0	0	0	0	0	0	5	0	4	0	5	0	0	0
Uniq533	0	0	0	0	0	0	0	0	0	0	14	0	53	0	7	0	0	0	0	15	0	7	0	5	0	0	0	0	0	0	0	0	0	0	0	0	0	0	0	0	0	0	0	0	0	0	0	0
Uniq4178	0	0	0	0	0	0	0	0	0	0	0	0	0	0	0	0	0	0	1	0	1	2	1	0	1	0	1	0	0	0	0	0	0	0	0	0	0	0	0	1	1	0	1	1	1	1	1	1
Uniq2815	0	0	0	1	0	0	0	0	0	0	1	0	1	0	2	0	0	0	0	1	0	0	0	1	0	0	0	0	1	0	8	0	2	0	0	0	0	0	0	0	0	0	0	0	0	0	0	0
Uniq2050	0	0	0	0	0	0	0	0	0	0	0	0	0	0	0	0	0	0	0	2	0	3	0	3	0	0	0	0	0	0	0	0	0	0	0	0	0	0	0	0	4	0	3	0	4	0	0	0
Uniq1410	0	0	0	0	0	0	0	0	0	0	0	0	0	0	0	0	0	0	0	4	0	5	0	5	0	0	0	0	0	0	0	0	0	0	0	0	0	0	0	0	6	0	7	0	6	0	0	0
Uniq1118	0	0	0	0	0	0	0	0	0	0	0	0	0	0	0	0	0	0	0	6	0	9	0	6	0	0	0	0	0	0	0	0	0	0	0	0	0	0	0	0	8	0	8	0	7	0	0	0
Uniq339	0	0	0	0	0	0	0	0	0	0	18	0	89	0	14	0	0	0	0	24	0	11	0	8	0	0	0	0	0	0	0	0	0	0	0	0	0	0	0	0	0	0	0	0	0	0	0	0
Uniq1487	0	0	0	0	0	0	0	0	0	0	0	0	0	0	0	0	0	0	0	4	0	5	0	4	0	0	0	0	0	0	0	0	0	0	0	0	0	0	0	0	5	0	6	0	6	0	0	0
Uniq3158	0	0	0	0	0	0	0	0	0	0	0	0	0	0	0	0	0	0	0	1	0	1	0	1	0	0	0	0	0	0	0	0	0	0	0	0	0	0	0	0	1	0	2	0	2	0	0	0
Uniq1382	0	0	0	0	0	0	0	0	0	0	0	0	0	0	0	0	0	0	0	3	0	6	0	4	0	0	0	0	0	0	0	0	0	0	0	0	0	0	0	0	5	0	6	0	5	0	0	0
Uniq2804	0	0	0	0	0	0	0	0	0	0	0	0	0	0	0	0	0	0	0	2	0	3	0	2	0	0	0	0	0	0	0	0	0	0	0	0	0	0	0	0	4	0	4	0	3	0	0	0
Uniq2771	0	0	0	0	0	0	0	0	0	0	0	0	0	0	0	0	0	0	0	1	0	2	0	1	0	0	0	0	0	0	0	0	0	0	0	0	0	0	0	0	2	0	2	0	2	0	0	0
Uniq3630	0	0	0	0	0	0	0	0	0	0	0	0	0	0	0	0	0	0	0	0	0	0	0	0	0	0	0	0	0	0	0	0	0	0	0	0	0	0	0	0	0	0	0	0	0	0	0	0
Uniq1696	0	0	0	2	0	1	0	0	0	0	1	0	1	0	2	0	0	0	0	1	0	1	0	1	0	0	0	0	5	0	11	0	3	0	0	0	0	0	0	0	0	0	0	0	0	0	0	0
Uniq517	0	0	0	0	0	0	0	0	0	0	14	0	65	0	12	0	0	0	0	18	0	7	0	6	0	0	0	0	0	0	0	0	0	0	0	0	0	0	0	0	0	0	0	0	0	0	0	0
Uniq883	0	0	0	0	0	0	0	0	0	0	0	0	0	0	0	0	0	0	0	0	0	0	0	0	0	0	0	0	0	0	0	0	0	0	0	0	0	0	0	0	0	0	0	0	0	0	0	0
Uniq4212	0	0	0	0	0	0	0	0	0	0	0	0	0	0	0	0	0	0	1	1	1	1	1	1	1	1	0	0	0	0	0	0	0	0	0	0	0	0	0	2	2	1	1	1	1	2	2	1
Uniq2739	0	0	0	0	0	0	0	0	0	0	0	0	0	0	0	0	0	0	0	3	0	6	0	3	0	0	0	0	0	0	0	0	0	0	0	0	0	0	0	0	4	0	5	0	3	0	0	0
Uniq4367	0	0	0	0	0	0	0	0	0	0	0	0	0	0	0	0	0	0	0	0	2	0	0	0	0	0	0	0	3	0	1	0	1	0	0	0	0	0	0	0	0	0	1	0	0	0	0	1
Uniq421	0	0	0	0	0	0	0	0	0	0	0	0	0	0	0	0	0	0	0	0	0	0	0	0	0	0	0	0	0	0	0	0	0	0	0	0	0	0	0	0	0	0	0	0	0	0	0	0
Uniq2894	0	0	0	0	0	0	0	0	0	0	0	0	0	0	0	0	0	0	3	1	0	1	1	1	1	1	2	0	0	0	0	0	0	0	0	0	0	0	0	1	1	1	1	1	1	2	2	1
Uniq72	0	0	13	0	0	0	11	0	12	11	0	4	0	0	0	1	0	0	0	0	0	0	0	0	2	22	12	0	0	0	0	0	0	0	74	6	141	0	124	2	58	0	44	0	59	0	2	7
Uniq98	0	0	6	0	0	0	4	0	4	5	0	1	0	0	0	0	0	0	0	0	0	0	0	0	2	9	5	0	0	0	0	0	0	0	63	2	105	0	97	1	47	0	34	0	45	0	0	2
Uniq1637	0	0	1	0	1	0	2	1	0	0	0	5	0	0	0	0	4	0	0	0	0	0	0	0	3	0	0	0	0	0	0	0	0	0	0	0	0	0	0	1	0	11	0	6	0	1	0	1
Uniq2093	0	0	1	0	0	0	0	0	0	0	0	2	0	0	0	0	2	0	0	0	0	0	0	0	1	0	0	0	0	0	0	0	0	0	0	0	0	0	0	0	0	4	0	2	0	1	0	0
Uniq1888	0	0	0	0	0	0	0	0	0	0	0	0	0	0	0	0	0	0	0	0	0	0	0	0	0	0	0	0	0	0	0	0	0	0	0	0	0	0	0	0	0	0	0	0	0	0	0	0
Uniq30	0	0	13	0	0	0	14	0	17	13	0	2	0	0	0	1	1	0	0	0	0	0	0	0	2	23	12	0	0	0	0	0	0	0	159	6	321	0	280	3	122	0	96	0	129	0	2	5
Uniq71	0	0	8	0	0	0	7	0	8	8	0	2	0	0	0	0	0	0	0	0	0	0	0	0	1	12	7	0	0	0	0	0	0	0	77	3	138	0	124	2	52	0	43	0	56	0	1	4
Uniq3414	0	0	0	0	0	0	0	1	1	0	0	0	0	0	0	0	0	0	0	0	0	0	0	0	0	0	0	0	0	0	0	0	0	0	0	0	0	0	0	0	0	0	0	0	0	0	0	0
Uniq1965	0	0	1	1	1	0	0	0	0	0	4	1	6	1	3	1	0	1	1	4	1	0	2	2	1	0	0	0	0	0	0	0	0	0	0	0	1	0	0	0	0	0	0	1	0	0	0	0
Uniq2268	0	0	1	1	0	1	0	1	0	3	41	8	9	1	8	2	3	15	1	3	1	2	8	2	5	4	2	0	1	0	2	0	0	0	1	0	0	0	0	0	0	0	0	0	0	0	0	0
Uniq167	0	0	3	0	0	0	2	0	4	1	0	0	0	0	0	0	0	0	0	0	0	0	0	0	0	4	2	0	0	0	0	0	0	0	42	1	77	0	73	1	27	0	23	0	33	0	0	1
Uniq65	0	0	7	0	0	0	7	0	6	8	0	3	0	0	0	1	0	0	0	0	0	0	0	0	1	12	7	0	0	0	0	0	0	0	91	3	165	0	156	1	74	0	56	0	72	0	2	2
Uniq162	0	0	3	0	0	0	5	0	3	2	0	0	0	0	0	0	0	0	0	0	0	0	0	0	1	6	2	0	0	0	0	0	0	0	43	1	72	0	63	0	31	0	21	0	31	0	0	2
Uniq171	0	0	3	0	0	0	3	0	2	1	0	0	0	0	0	0	0	0	0	0	0	0	0	0	0	4	3	0	0	0	0	0	0	0	44	2	76	0	68	1	33	0	24	0	30	0	1	1
Uniq124	0	0	3	0	0	0	4	0	4	2	0	0	0	0	0	0	0	0	0	0	0	0	0	0	1	5	3	0	0	0	0	0	0	0	52	1	97	0	89	1	37	0	30	0	39	0	1	2
Uniq139	0	0	4	0	0	0	2	0	2	4	0	0	0	0	0	0	0	0	0	0	0	0	0	0	0	5	3	0	0	0	0	0	0	0	43	1	81	0	70	1	35	0	25	0	36	0	1	2
Uniq2490	0	0	0	0	0	0	0	0	0	1	0	6	0	1	0	0	0	2	0	0	1	0	0	0	0	0	1	0	0	0	0	0	0	0	0	0	0	0	0	0	0	0	0	0	0	0	0	0
Uniq3964	0	0	1	0	0	0	0	0	0	0	0	0	0	0	0	0	1	0	3	0	0	0	0	0	0	0	0	1	0	1	0	0	0	0	0	0	0	1	0	0	0	0	0	0	0	0	0	0
Uniq646	0	0	1	0	2	0	0	1	1	99	8	19	4	38	10	22	16	31	8	0	3	1	2	4	9	8	5	0	1	1	2	0	2	0	0	5	0	4	0	0	0	1	0	2	0	2	0	1
Uniq1000	0	0	1	0	2	0	0	0	1	3	0	12	0	8	0	5	4	6	3	0	1	0	1	0	3	1	3	0	0	0	0	0	0	0	0	1	0	1	0	0	0	1	0	1	0	1	0	1
Uniq1615	0	0	0	0	0	0	0	0	0	0	0	0	0	0	0	0	0	0	0	0	0	0	0	0	0	0	0	0	0	0	0	0	0	0	0	0	0	0	0	0	0	0	0	0	0	0	0	0
Uniq1924	0	0	0	0	0	0	0	0	0	0	0	0	0	0	0	0	0	0	0	0	0	0	0	0	0	0	0	0	0	0	0	0	0	0	0	0	0	0	0	0	0	0	0	0	0	0	0	0
Uniq455	0	0	1	0	3	0	0	1	1	5	0	17	0	14	0	8	8	17	7	1	6	0	1	0	5	3	5	1	0	1	0	0	0	0	0	2	0	1	0	1	0	1	0	2	0	1	0	0
Uniq2703	0	0	1	0	0	0	0	0	0	0	0	5	0	2	0	2	1	1	1	0	0	0	0	0	0	0	0	0	0	0	0	0	0	0	0	0	0	0	0	0	0	0	0	0	0	0	0	0
Uniq97	0	0	5	0	0	0	5	0	5	4	0	1	0	0	0	0	0	0	0	0	0	0	0	0	1	8	5	0	0	0	0	0	0	0	58	2	106	0	95	1	44	0	33	0	47	0	1	3
Uniq1419	0	0	1	0	1	0	1	1	0	0	0	2	0	0	0	0	3	0	0	0	1	0	0	0	2	1	0	0	0	0	0	0	0	0	0	0	0	0	0	0	0	11	0	4	0	1	0	1
Uniq129	0	0	5	0	0	0	4	0	5	4	0	1	0	0	0	0	0	0	0	0	0	0	0	0	1	7	4	0	0	0	0	0	0	0	46	2	83	0	72	2	36	0	25	0	36	0	1	2
Uniq1059	0	0	0	0	0	0	0	0	0	0	0	0	0	0	0	0	0	0	0	0	0	0	0	0	0	0	0	0	0	0	0	0	0	0	0	0	0	0	0	0	0	0	0	0	0	0	0	0
Uniq2892	0	0	1	0	0	0	1	0	0	0	2	0	3	1	2	1	0	1	0	2	1	0	3	1	1	1	0	0	0	0	0	0	0	0	0	0	0	0	1	0	0	0	0	1	0	0	0	0
Uniq134	0	0	2	0	0	0	4	0	2	3	0	1	0	0	0	0	0	0	0	0	0	0	0	0	0	4	3	0	0	0	0	0	0	0	43	1	78	0	72	1	34	0	23	0	36	0	0	1
Uniq99	0	0	6	0	0	0	5	0	6	4	0	2	0	0	0	0	0	0	0	0	1	0	0	0	1	12	5	0	0	0	0	0	0	0	51	3	97	0	88	1	39	0	30	0	40	0	0	5
Uniq1393	0	0	0	0	0	0	0	0	0	0	0	0	0	0	0	0	0	0	0	0	0	0	0	0	0	0	0	0	0	0	0	0	0	0	0	0	0	0	0	0	0	0	0	0	0	0	0	0
Uniq4473	0	0	1	0	0	0	0	3	0	6	0	10	0	2	0	0	0	0	0	0	0	0	1	0	1	0	0	0	0	0	0	0	0	0	0	0	0	0	0	0	0	0	0	0	0	0	0	0
Uniq199	0	0	5	0	0	0	5	0	4	3	0	1	0	0	0	0	0	0	0	0	0	0	0	0	0	7	2	0	0	0	0	0	0	0	31	1	66	0	57	1	26	0	19	0	27	0	1	2
Uniq4297	0	0	1	0	0	0	0	0	0	1	0	0	0	1	0	1	4	3	1	0	3	0	3	0	1	2	1	0	0	0	0	0	0	0	0	0	0	0	0	0	0	0	0	0	0	0	0	0
Uniq2801	0	0	1	0	0	0	0	0	0	1	3	0	3	0	3	0	0	1	1	2	1	0	2	2	1	0	0	0	0	0	0	0	0	0	0	0	0	0	0	0	0	0	0	1	0	0	0	0
Uniq3454	0	0	1	0	0	0	0	0	0	2	0	0	0	1	0	0	3	3	0	0	3	0	2	0	1	3	1	0	0	0	0	0	0	0	0	0	0	0	0	0	0	0	0	0	0	0	0	0
Uniq3101	0	0	0	0	0	0	0	0	0	0	0	0	0	0	0	0	0	0	0	0	0	0	0	0	0	0	0	0	0	0	0	0	0	0	0	0	0	0	0	0	0	0	0	0	0	0	0	0
Uniq1758	0	0	0	0	0	0	0	0	0	0	0	1	0	0	1	0	0	1	0	0	0	0	0	0	0	0	0	0	0	0	0	0	0	0	0	0	0	1	0	0	0	0	0	0	0	0	0	0
Uniq4455	0	0	0	0	0	0	0	0	0	0	0	0	0	0	0	0	0	0	0	0	0	0	0	0	0	0	0	0	0	0	0	0	0	0	0	0	0	0	0	0	0	0	0	0	0	0	0	0
Uniq2595	0	0	1	0	0	0	1	0	0	0	1	0	4	0	2	0	0	1	0	2	1	0	1	1	0	1	1	0	0	0	0	0	0	0	0	0	0	0	0	0	0	0	0	1	0	0	0	0
Uniq2164	0	0	3	0	0	0	0	12	0	28	0	36	0	10	0	1	0	3	0	0	0	0	7	0	9	2	1	0	0	0	0	0	0	0	0	0	0	0	0	0	0	0	0	0	0	0	0	0
Uniq1492	0	0	1	0	1	0	0	1	0	0	0	3	0	0	0	0	2	0	0	0	0	0	0	0	1	0	0	0	0	0	0	0	0	0	0	0	0	0	0	0	0	8	0	2	0	0	0	1
Uniq2937	0	0	0	1	0	1	2	1	0	0	0	0	0	0	0	0	1	0	0	0	0	0	0	0	0	0	0	0	3	1	2	0	2	0	1	0	0	0	1	0	0	1	0	0	0	0	0	1
Uniq2292	0	0	0	0	0	0	0	0	0	0	2	0	3	0	2	1	0	0	0	3	1	0	1	1	0	0	0	0	0	0	0	0	0	0	0	0	0	0	0	0	0	0	0	1	0	0	0	0
Uniq1853	0	0	1	0	1	0	1	0	0	0	0	3	0	1	0	0	3	0	0	0	0	0	0	0	2	1	0	0	0	0	0	0	0	0	0	0	0	0	0	0	0	8	0	4	0	0	0	2
Uniq1019	0	0	0	0	0	0	0	0	0	0	0	0	0	0	0	0	0	0	0	0	0	0	0	0	0	0	0	0	0	0	0	0	0	0	0	0	0	0	0	0	0	0	0	0	0	0	0	0
Uniq748	0	0	0	0	2	0	0	0	1	4	0	11	0	8	0	6	9	13	4	0	3	0	1	0	3	3	4	0	0	0	0	0	0	1	0	2	0	1	0	0	0	1	0	1	0	1	0	1
Uniq4518	0	0	0	61	0	0	0	0	0	0	0	0	0	0	0	0	0	0	0	0	0	0	0	0	0	0	0	0	1	0	0	0	1	0	0	0	0	0	0	0	0	0	0	0	0	0	0	0
Uniq218	0	0	2	0	0	0	3	0	5	5	0	1	0	0	0	0	0	0	0	0	0	0	0	0	0	5	2	0	0	0	0	0	0	0	33	1	63	0	58	1	24	0	21	0	26	0	0	2
Uniq3822	0	0	0	0	0	0	0	0	0	1	4	2	1	0	1	0	0	1	0	1	0	0	0	0	1	1	0	0	0	0	0	0	0	0	0	0	0	0	0	0	0	0	0	0	0	0	0	0
Uniq3697	0	0	0	0	0	0	0	0	0	0	0	0	0	0	0	0	0	0	0	0	0	0	0	0	0	0	0	0	0	0	0	0	0	0	0	0	0	0	0	0	0	0	0	0	0	0	0	0
Uniq1671	0	0	0	0	0	0	0	0	0	0	0	12	0	2	0	0	0	1	1	0	1	0	0	0	0	0	0	0	0	0	0	0	0	0	0	0	0	0	0	0	0	0	0	0	0	0	0	0
Uniq3284	0	0	1	79	0	0	0	0	0	0	0	0	0	0	0	0	0	0	0	0	0	0	0	0	0	0	0	0	0	0	0	0	1	0	0	0	0	0	0	0	0	0	0	0	0	0	0	0
Uniq93	0	0	5	0	0	0	6	0	5	3	0	1	0	0	0	0	0	0	0	0	0	0	0	0	1	7	4	0	0	0	0	0	0	0	68	2	123	0	112	2	48	0	39	0	52	0	0	3
Uniq3479	0	0	0	0	0	0	0	0	0	0	3	2	1	0	1	1	1	4	0	0	0	0	2	0	1	1	1	0	0	0	0	0	0	0	0	0	0	0	0	0	0	0	0	0	0	0	0	0
Uniq104	0	0	5	0	0	0	4	0	3	2	0	1	0	0	0	0	0	0	0	0	0	0	0	0	1	10	3	0	0	0	0	0	0	0	50	2	97	0	87	1	39	0	29	0	36	0	0	3
Uniq245	0	0	2	0	0	0	2	0	1	1	0	0	0	0	0	0	0	0	0	0	0	0	0	0	0	4	3	0	0	0	0	0	0	0	31	1	59	0	54	1	25	0	17	0	25	0	0	1
Uniq2031	0	0	0	0	0	0	0	0	0	0	0	8	0	3	0	2	1	1	0	0	1	0	1	0	0	1	1	0	0	0	0	0	0	0	0	0	0	0	0	0	0	0	0	0	0	0	0	0
Uniq1566	0	0	0	0	0	0	0	0	0	0	0	0	0	0	0	0	0	0	0	0	0	0	0	0	0	0	0	0	0	0	0	0	0	0	0	0	0	0	0	0	0	0	0	0	0	0	0	0
Uniq3955	0	0	0	0	0	0	0	0	0	0	0	0	0	0	0	0	0	0	0	0	0	0	0	0	0	0	0	0	0	0	0	0	0	0	0	0	0	0	0	0	0	0	0	0	0	0	0	0
Uniq491	0	0	1	0	0	0	0	0	0	0	0	0	0	0	0	0	0	0	0	0	0	0	0	0	0	0	0	0	0	0	0	0	0	0	0	0	0	1	0	0	0	0	0	0	0	0	0	0
Uniq1287	0	0	0	0	0	0	0	0	0	0	0	0	0	0	0	0	0	0	0	0	0	0	0	0	0	0	0	0	0	0	0	0	0	0	0	0	0	0	0	0	0	0	0	0	0	0	0	0
Uniq3258	0	0	1	0	0	0	0	7	0	21	0	27	0	5	0	0	0	2	0	0	0	0	5	0	5	1	1	0	0	0	0	0	0	0	0	0	0	0	0	0	0	0	0	0	0	0	0	0
Uniq209	0	0	2	0	0	0	2	0	1	1	0	0	0	0	0	0	0	0	0	0	0	0	0	0	0	3	1	0	0	0	0	0	0	0	38	1	62	0	58	1	25	0	21	0	28	0	0	1
Uniq1941	0	0	0	0	0	0	0	0	0	0	0	0	0	0	0	0	0	0	0	0	0	0	0	0	0	0	0	0	0	0	0	0	0	0	0	0	0	0	0	0	0	0	0	0	0	0	0	0
Uniq2903	0	0	0	0	0	0	0	0	0	1	0	9	0	3	0	4	2	1	1	0	0	0	2	0	1	1	0	0	0	0	0	0	0	0	0	0	0	0	0	0	0	0	0	0	0	0	0	0
Uniq69	0	0	7	0	0	0	7	0	6	5	0	2	0	0	0	0	0	0	0	0	0	0	0	0	1	12	6	0	0	0	0	0	0	0	77	2	150	0	139	2	61	0	49	0	61	0	1	5
Uniq2296	0	0	0	0	0	0	0	0	0	0	2	0	2	0	1	0	0	0	0	2	1	0	1	1	0	0	0	0	0	0	0	0	0	0	0	0	0	0	0	0	0	0	0	1	0	0	0	0
Uniq186	0	0	4	0	0	0	3	0	3	1	0	0	0	0	0	0	0	0	0	0	0	0	0	0	1	5	2	0	0	0	0	0	0	0	36	1	65	0	59	1	25	0	21	0	27	0	0	2
Uniq2163	0	0	0	0	0	0	0	0	0	6	0	1	0	1	0	0	2	2	0	0	1	0	1	0	2	0	0	0	0	0	0	0	0	0	0	0	0	0	0	0	0	0	0	0	0	0	0	0
Uniq2451	0	0	0	0	0	0	0	0	0	3	0	0	0	1	0	0	2	2	0	0	0	0	0	0	1	0	0	0	0	0	0	0	0	0	0	0	0	0	0	0	0	0	0	0	0	1	0	0
Uniq2725	0	0	0	0	0	0	0	0	0	0	0	1	0	0	0	0	0	0	0	0	0	0	0	0	0	0	0	0	0	0	0	0	0	0	0	0	0	0	0	0	0	0	0	0	0	0	0	0
Uniq1396	0	0	1	0	0	0	0	1	1	0	0	0	0	0	0	0	0	0	0	0	0	0	0	0	0	0	0	1	0	0	0	0	0	0	0	0	0	0	0	1	0	0	0	0	0	0	0	1
Uniq2316	0	0	0	1	0	0	0	0	0	0	28	5	5	1	4	1	1	9	0	0	1	1	5	1	4	3	1	0	1	0	2	0	0	0	1	0	0	0	0	0	0	0	0	0	0	0	0	0
Uniq2210	0	0	0	0	0	0	0	0	0	1	0	8	0	2	0	3	2	1	1	0	1	0	2	0	1	0	1	0	0	0	0	0	0	0	0	0	0	0	0	0	0	0	0	0	0	0	0	0
Uniq1473	0	0	1	0	1	0	3	0	0	0	0	3	0	0	0	0	2	0	0	0	0	0	0	0	2	1	0	0	0	0	0	0	0	0	0	0	0	0	0	0	0	12	0	4	0	0	0	0
Uniq2290	0	0	1	0	0	0	0	7	0	14	0	16	0	4	0	0	0	1	0	0	0	0	1	0	4	1	0	0	0	0	0	0	0	0	0	0	0	0	0	0	0	0	0	0	0	0	0	0
Uniq4377	0	0	1	0	0	0	0	0	0	0	0	0	0	0	0	0	2	2	0	0	3	0	1	0	0	1	1	0	0	0	0	0	0	0	0	0	0	0	0	0	0	0	0	0	0	0	0	0
Uniq108	0	0	3	0	0	0	3	0	2	4	0	0	0	0	0	0	0	0	0	0	0	0	0	0	0	5	3	0	0	0	0	0	0	0	53	1	99	0	81	1	40	0	31	0	38	0	1	2
Uniq2610	0	0	1	95	0	0	0	0	0	0	0	0	0	0	0	0	0	0	0	0	0	0	0	0	0	0	0	0	0	0	0	0	2	0	0	0	0	0	0	0	0	0	0	0	0	0	0	0
Uniq3689	0	0	1	0	0	0	0	3	0	8	0	15	0	3	0	1	0	2	0	0	0	0	3	0	3	0	0	0	0	0	0	0	0	0	0	0	0	0	0	0	0	0	0	0	0	0	0	0
Uniq1086	0	0	3	0	1	0	3	1	0	0	0	5	0	1	0	0	3	0	0	0	0	0	0	0	2	1	0	0	0	0	0	0	0	0	0	0	0	0	0	0	0	14	0	4	0	0	0	1
Uniq855	0	0	0	0	0	0	0	0	0	0	0	0	0	0	0	0	0	0	0	0	0	0	0	0	0	0	0	0	0	0	0	0	0	0	0	0	0	0	0	0	0	0	0	0	0	0	0	0
Uniq336	0	0	0	0	0	0	0	0	0	0	0	0	0	0	0	0	0	0	0	0	0	0	0	0	0	0	0	0	0	0	0	0	0	0	0	0	0	0	0	0	0	0	0	0	0	0	0	0
Uniq1673	0	0	0	0	1	0	2	0	0	0	0	2	0	0	0	0	2	0	0	0	0	0	0	0	1	0	0	0	0	0	0	0	0	0	0	0	0	0	0	0	0	7	0	4	0	0	0	0
Uniq2305	0	0	0	0	1	0	0	1	0	0	0	0	0	0	0	0	0	0	0	0	0	0	0	0	0	0	0	0	0	0	0	1	0	1	0	1	0	0	0	0	0	0	0	0	0	0	0	0
Uniq1558	0	0	0	0	0	0	0	0	0	0	0	0	0	0	0	0	0	0	0	0	0	0	0	0	0	0	0	0	0	0	0	0	0	0	0	0	0	1	0	0	0	0	0	0	0	0	0	1
Uniq677	0	0	0	0	0	0	0	0	0	0	0	0	0	0	0	0	0	0	0	0	0	0	0	0	0	0	0	0	0	0	0	0	0	0	0	0	0	0	0	0	0	0	0	0	0	0	0	0
Uniq1380	0	0	0	0	1	0	0	0	0	0	0	0	0	0	0	0	0	0	0	0	0	0	0	0	0	0	0	1	0	0	0	0	0	0	0	0	0	0	0	0	0	0	0	0	0	0	0	0
Uniq1084	0	0	1	0	0	0	0	0	0	2	2	3	1	19	3	2	2	5	2	0	1	0	1	2	2	3	3	0	0	0	1	0	1	0	0	2	0	0	0	0	0	0	0	0	0	0	0	0
Uniq993	0	0	2	0	1	0	0	0	0	50	4	12	2	22	3	14	9	14	5	0	2	0	1	1	4	3	4	0	0	1	1	0	2	0	0	2	0	3	0	0	0	0	0	2	0	1	0	1
Uniq2724	0	0	1	0	0	0	0	0	0	0	2	0	3	0	2	0	0	1	0	2	1	0	2	1	1	0	0	0	0	0	0	0	0	0	0	0	0	0	1	0	0	0	0	0	0	1	0	0
Uniq2108	0	0	0	0	0	0	0	0	0	0	0	0	0	0	0	0	0	0	0	0	0	0	0	0	0	0	0	0	0	0	0	0	0	0	0	0	0	0	0	0	0	0	0	0	0	0	0	0
Uniq3388	0	0	1	0	0	0	0	1	0	0	0	0	0	0	0	0	0	0	0	0	0	0	0	0	0	0	0	1	0	0	0	1	0	0	0	0	0	1	0	0	0	0	0	0	0	1	0	0
Uniq3768	0	0	0	0	0	0	0	0	0	0	0	0	0	0	0	0	0	0	0	0	0	0	0	0	0	0	0	0	0	0	0	0	0	0	0	0	0	0	0	0	0	0	0	0	0	0	0	0
Uniq1665	0	0	0	0	0	0	0	0	0	0	0	0	0	0	0	0	0	0	0	0	0	0	0	0	0	0	0	0	0	0	0	0	0	0	0	0	0	0	0	0	0	0	0	0	0	0	0	0
Uniq2117	0	0	0	0	0	0	0	0	0	0	0	0	0	0	0	0	0	0	0	0	0	0	0	0	0	0	0	0	0	0	0	0	0	0	0	0	1	0	1	0	0	0	0	0	1	0	0	0
Uniq878	0	0	0	0	0	0	0	0	0	0	0	0	0	0	0	0	0	0	0	0	0	0	0	0	0	0	0	0	0	0	0	0	0	0	0	0	0	0	0	0	0	0	0	0	0	0	0	0
Uniq722	0	0	0	0	0	0	0	0	0	0	0	0	0	0	0	0	0	0	0	0	0	0	0	0	0	0	0	0	0	0	0	0	0	0	0	0	0	0	0	0	0	0	0	0	0	0	0	0
Uniq4256	0	0	0	0	0	0	0	0	0	0	2	0	2	0	1	0	0	0	0	2	0	0	0	2	0	0	0	0	0	0	0	0	0	0	1	0	0	0	0	0	0	0	0	1	0	0	0	0
Uniq4295	0	0	0	0	0	0	0	0	0	0	0	0	0	0	0	0	0	0	0	0	0	0	0	0	0	0	0	0	0	0	0	0	0	0	0	0	0	0	0	0	0	0	0	0	0	0	0	0
Uniq1684	0	0	0	0	0	0	0	0	0	1	0	10	0	4	0	5	2	3	0	0	1	0	2	0	1	1	0	0	0	0	0	0	0	0	0	0	0	0	0	0	0	0	0	1	0	0	0	0
Uniq3747	0	0	0	0	0	0	0	0	0	0	0	5	0	1	0	2	1	1	0	0	1	0	1	0	0	0	0	0	0	0	0	0	0	0	0	0	0	0	0	0	0	0	0	0	0	0	0	0
Uniq845	0	0	1	0	1	0	0	0	1	5	2	6	1	33	3	4	3	4	4	0	1	0	2	2	5	6	7	0	1	0	1	0	1	0	0	3	0	0	0	0	0	0	0	1	0	1	0	0
Uniq745	0	0	0	0	0	0	0	0	0	0	0	0	0	0	0	0	0	0	0	0	0	0	0	0	0	0	0	0	0	0	0	0	0	0	0	0	0	0	0	0	0	0	0	0	0	0	0	0
Uniq2322	0	0	1	0	0	0	0	0	0	0	0	0	0	0	0	0	0	0	0	0	0	0	0	0	0	0	0	0	0	0	0	0	0	0	0	1	0	0	0	0	0	0	0	0	0	0	0	0
Uniq3261	0	0	0	0	0	0	0	0	0	0	0	0	0	0	0	0	0	0	0	0	0	0	0	0	0	0	0	0	0	0	0	0	0	0	0	0	0	0	0	0	0	0	0	0	0	0	0	0
Uniq706	0	0	0	0	0	0	0	0	0	0	0	0	0	0	0	0	0	0	0	0	0	0	0	0	0	0	0	0	0	0	0	0	0	0	0	0	0	0	0	0	0	0	0	0	0	0	0	0
Uniq2827	0	0	0	0	0	0	0	0	0	0	0	0	0	0	0	0	0	0	0	0	0	0	0	0	0	0	0	0	0	0	0	0	0	0	0	0	0	0	0	0	0	0	0	0	0	0	0	0
Uniq1653	0	0	0	0	0	0	0	0	0	0	0	0	0	0	0	0	0	0	0	0	0	0	0	0	0	0	0	0	0	0	0	0	0	0	0	0	0	0	0	0	0	0	0	0	0	0	0	0
Uniq3715	0	0	0	0	0	0	0	0	0	0	0	3	0	0	0	2	0	0	0	0	0	0	1	0	0	0	1	0	0	0	0	0	0	0	0	0	0	0	0	0	0	0	0	0	0	0	0	0
Uniq3084	0	0	0	0	0	0	0	0	0	0	0	0	0	0	0	0	0	0	0	0	0	0	0	0	0	0	0	0	0	0	0	0	0	0	0	0	0	0	0	0	0	0	0	0	0	0	0	0
Uniq1730	0	0	0	0	0	0	0	0	0	0	0	0	0	0	0	0	0	0	0	0	0	0	0	0	0	0	0	0	0	0	0	0	0	0	0	0	0	0	0	0	0	0	0	0	0	0	0	0
Uniq3653	0	0	0	0	0	0	0	0	0	0	0	0	0	0	0	0	0	0	0	0	0	0	0	0	0	0	0	0	0	0	0	0	0	0	0	0	0	0	0	0	0	0	0	0	0	0	0	0
Uniq4075	0	0	0	0	0	0	0	0	0	1	0	0	0	1	0	0	1	1	0	0	1	0	1	0	0	0	0	0	0	0	0	0	0	0	0	0	0	0	0	0	0	0	0	0	0	0	0	0
Uniq594	0	0	0	0	0	0	0	0	0	0	0	0	0	0	0	0	0	0	0	0	0	0	0	0	0	0	0	0	0	0	0	0	0	0	0	0	0	0	0	0	0	0	0	0	0	0	0	0
Uniq2032	0	0	1	0	1	0	1	0	0	0	0	1	0	0	0	0	2	0	0	0	0	0	0	0	2	0	0	0	0	0	0	0	0	0	0	0	0	0	0	0	0	5	0	2	0	0	0	0
Uniq1822	0	0	0	0	0	0	0	0	0	1	0	14	0	3	0	1	0	2	1	0	2	0	0	0	0	1	1	0	0	0	0	0	0	0	0	0	0	0	0	0	0	0	0	1	0	0	0	0
Uniq4384	0	0	0	0	0	0	0	0	0	0	0	0	0	0	0	0	0	0	0	0	0	0	0	0	0	0	0	0	0	0	0	0	0	0	0	0	0	0	0	0	0	0	0	0	0	0	0	0
Uniq2155	0	0	0	0	0	0	0	0	0	2	0	0	0	2	0	0	1	1	0	0	0	0	0	0	1	0	0	2	0	2	0	2	0	2	0	2	0	2	0	0	0	0	0	0	0	0	0	0
Uniq1849	0	0	0	0	0	0	0	0	0	0	0	1	0	0	0	1	1	2	0	0	0	0	0	0	0	1	1	0	0	0	0	0	0	0	0	0	0	1	0	0	0	0	0	2	0	0	0	0
Uniq2136	0	0	0	0	0	0	0	0	0	0	0	5	0	2	0	3	1	1	1	0	1	0	1	0	0	1	0	0	0	0	0	0	0	0	0	0	0	0	0	0	0	0	0	0	0	0	0	0
Uniq3594	0	0	0	0	0	0	0	0	0	0	0	0	0	0	0	0	0	0	0	0	0	0	0	0	0	0	0	0	0	0	0	0	0	0	0	0	0	0	0	0	0	0	0	0	0	0	0	0
Uniq1355	0	0	0	0	0	0	0	1	0	2	0	0	0	2	0	0	0	2	0	0	0	0	0	0	2	0	0	3	0	4	0	2	0	1	0	3	0	3	0	0	0	0	0	0	0	0	0	0
Uniq3954	0	0	0	0	0	0	0	0	0	22	0	4	0	1	0	3	0	1	1	0	0	0	0	0	1	1	2	1	0	1	0	0	1	0	0	0	0	1	0	0	0	0	0	0	0	0	0	0
Uniq3965	0	0	0	1	0	0	1	0	0	0	2	0	2	0	2	1	0	0	0	1	1	0	0	1	1	0	0	0	0	0	0	0	0	0	0	0	0	0	0	0	0	0	0	1	0	0	0	0
Uniq3785	0	0	0	0	0	0	0	0	0	0	0	0	0	0	0	0	0	0	0	0	0	0	0	0	0	0	0	0	0	0	0	0	0	0	0	0	0	0	0	0	0	0	0	0	0	0	0	0
Uniq1194	0	0	0	0	0	0	0	0	0	0	0	0	0	0	0	0	0	0	0	0	0	0	0	0	0	0	0	0	0	0	0	0	0	0	1	0	3	0	4	0	1	0	1	0	0	0	0	0
Uniq3680	0	0	0	0	0	0	0	0	0	0	0	0	0	0	0	0	0	0	0	0	0	0	0	0	0	0	0	0	0	0	0	0	0	0	0	0	0	0	0	0	0	0	0	0	0	0	0	0
Uniq1220	0	0	0	0	0	0	0	0	0	0	0	0	0	0	0	0	0	0	0	0	0	0	0	0	0	0	0	0	0	0	0	0	0	0	0	0	0	0	0	0	0	0	0	0	0	0	0	0
Uniq3977	0	0	1	0	0	0	0	0	0	2	0	0	0	1	0	1	2	4	1	0	4	0	3	0	0	3	0	0	0	0	0	0	0	0	0	0	0	0	0	0	0	0	0	0	0	0	0	0
Uniq1020	0	0	0	0	0	0	0	0	1	0	0	26	0	4	0	2	0	2	3	0	3	0	2	0	1	1	2	0	0	0	0	0	0	0	0	0	0	0	0	0	0	0	0	0	0	0	1	0
Uniq1434	0	0	0	0	0	0	0	0	0	0	0	0	0	0	0	0	0	0	0	0	0	0	0	0	0	0	0	0	0	0	0	0	0	0	0	0	1	0	1	0	0	0	0	0	0	0	0	0
Uniq3717	0	0	0	0	0	0	0	0	0	0	0	2	0	0	0	1	1	1	0	0	0	0	0	0	0	0	0	0	0	0	0	0	0	0	0	0	0	0	0	0	0	0	0	0	0	0	0	0
Uniq3014	0	0	0	0	0	0	0	0	0	0	0	0	0	0	0	0	0	0	0	0	0	0	0	0	0	0	0	0	0	0	0	0	0	0	0	0	0	0	0	0	0	0	0	0	0	0	0	0
Uniq921	0	0	0	0	0	0	0	0	0	0	0	0	0	0	0	0	0	0	0	0	0	0	0	0	0	0	0	0	0	0	0	0	0	0	0	0	0	0	0	0	0	0	0	0	0	0	0	0
Uniq253	0	0	0	0	0	0	0	0	0	1	0	0	0	0	0	0	0	0	0	0	0	0	0	0	0	0	0	0	0	0	0	0	0	0	0	0	0	0	0	0	0	0	0	0	0	0	0	0
Uniq403	0	0	0	0	0	0	0	0	0	0	0	0	0	0	0	0	0	0	0	0	0	0	0	0	0	0	0	0	0	0	0	0	0	0	0	0	0	0	0	0	0	0	0	0	0	0	0	0
Uniq1592	0	0	0	0	0	0	0	0	0	1	0	16	0	2	0	2	0	3	1	0	2	0	1	0	0	1	1	0	0	0	0	0	0	0	0	0	0	1	0	0	0	0	0	0	0	0	0	0
Uniq1164	0	0	0	0	0	0	0	0	0	0	0	0	0	0	0	0	0	0	0	0	0	0	0	0	0	0	0	0	0	0	0	0	0	0	0	0	0	0	0	0	0	0	0	0	0	0	0	0
Uniq2655	0	0	0	1	0	0	0	0	0	0	3	0	2	0	2	0	0	1	1	3	0	0	1	1	0	0	0	0	0	0	0	0	0	0	0	0	0	0	1	0	0	0	0	0	0	0	0	0
Uniq2649	0	0	0	0	0	0	0	1	0	7	0	0	0	0	0	0	2	2	0	0	1	0	1	0	1	1	0	0	0	0	0	0	0	0	0	0	0	0	0	0	0	0	0	0	0	0	0	0
Uniq1540	0	0	0	0	0	0	0	0	0	0	0	0	0	0	0	0	0	0	0	0	0	0	0	0	0	0	0	0	0	0	0	0	0	0	0	0	0	0	0	0	0	0	0	0	0	0	0	0
Uniq2062	0	0	0	0	0	0	0	0	0	1	0	6	0	2	0	3	1	2	0	0	0	0	2	0	0	1	0	0	0	0	0	0	0	0	0	0	0	0	0	0	0	0	0	1	0	0	0	0
Uniq3398	0	0	0	0	0	0	0	0	0	1	0	0	0	0	0	1	1	1	0	0	1	0	1	0	0	1	0	0	0	0	0	0	0	0	0	0	0	0	0	0	0	0	0	0	0	0	0	0
Uniq1552	0	0	0	0	0	0	0	0	1	1	0	12	0	4	0	7	2	3	0	0	1	0	2	0	1	2	0	0	0	0	0	0	0	0	0	1	0	0	0	0	0	0	0	0	0	0	0	0
Uniq1285	0	0	0	0	0	0	0	0	0	0	0	0	0	0	0	0	0	0	0	0	0	0	0	0	0	0	0	0	0	0	0	0	0	0	0	0	0	0	0	0	0	0	0	0	0	0	0	1
Uniq986	0	0	0	0	0	0	0	0	0	1	1	3	1	14	2	2	2	3	2	0	1	0	1	2	3	3	4	0	0	0	1	0	1	0	0	1	0	0	0	0	0	0	0	0	0	0	0	0
Uniq2752	0	0	0	0	0	0	0	0	0	0	0	11	0	1	0	1	0	2	1	0	0	0	0	0	0	0	0	0	0	0	0	0	0	0	0	0	0	0	0	0	0	0	0	0	0	0	0	0
Uniq3099	0	0	0	0	0	0	0	0	0	3	0	0	0	0	0	0	1	1	0	0	0	0	0	0	1	0	0	0	0	0	0	0	0	0	0	0	0	0	0	0	0	0	0	0	0	0	0	0
Uniq2255	0	0	0	0	0	0	0	0	0	1	0	4	0	2	0	3	1	1	0	0	1	0	1	0	1	0	0	0	0	0	0	0	0	0	0	0	0	0	0	0	0	0	0	0	0	0	0	0
Uniq2849	0	0	0	0	0	0	0	0	0	1	0	0	0	1	0	0	0	0	0	0	0	0	0	0	1	0	0	1	0	1	0	2	0	1	0	1	0	1	0	0	0	0	0	0	0	0	0	0
Uniq1844	0	0	0	0	0	0	0	0	0	0	0	0	0	0	0	0	0	0	0	0	0	0	0	0	0	0	0	0	0	0	0	0	0	0	0	0	0	1	0	0	0	0	0	0	0	0	0	0
Uniq3155	0	0	0	0	1	0	0	0	0	0	0	4	0	2	0	2	1	1	0	0	0	0	1	0	0	0	0	0	0	0	0	0	0	0	0	0	0	0	0	0	0	0	0	0	0	0	0	0
Uniq3489	0	0	0	0	0	0	0	0	0	0	0	0	0	0	0	0	0	0	0	0	0	0	0	0	0	0	0	0	0	0	0	0	0	0	0	0	0	0	0	0	0	0	0	0	0	0	0	0
Uniq3236	0	0	0	0	0	0	0	0	0	0	0	4	0	0	0	1	1	0	0	0	0	0	0	0	0	1	0	0	0	0	0	0	0	0	0	0	0	0	0	0	0	0	0	0	0	0	0	0
Uniq228	0	0	0	0	0	0	0	0	0	0	0	0	0	0	0	0	0	0	0	0	0	0	0	0	0	0	0	0	0	0	0	0	0	0	0	0	0	0	0	0	0	0	0	0	0	0	0	0
Uniq2966	0	0	0	0	0	0	0	0	0	0	2	0	3	0	1	1	0	1	0	2	0	0	0	1	0	0	0	0	0	0	0	0	0	0	0	0	0	0	0	0	0	0	0	0	0	0	0	0
Uniq1692	0	0	0	0	0	0	0	0	0	0	0	0	0	0	0	0	0	0	0	0	0	0	0	0	0	0	0	0	0	0	0	0	0	0	0	0	0	0	0	0	0	0	0	0	0	0	0	0
Uniq547	0	0	0	0	0	0	0	0	0	0	0	0	0	0	0	0	0	0	0	0	0	0	0	0	0	0	0	0	0	0	0	0	0	0	0	0	0	0	0	0	0	0	0	0	0	0	0	0
Uniq2147	0	0	0	0	0	0	0	0	0	0	0	0	0	1	0	0	0	1	0	0	0	0	0	0	0	0	0	0	0	0	0	0	0	0	0	0	0	0	0	0	0	0	0	0	0	0	0	0
Uniq1825	0	0	0	0	0	0	0	0	0	0	0	0	0	0	0	0	0	0	0	0	0	0	0	0	0	0	0	0	0	0	0	0	0	0	0	0	0	0	0	0	0	0	0	0	0	0	0	0
Uniq3041	0	0	0	0	0	0	0	0	0	1	0	10	0	1	0	0	0	1	1	0	1	0	1	0	0	0	0	0	0	0	0	0	0	0	0	0	0	0	0	0	0	0	0	0	0	0	0	0
Uniq1690	0	0	0	0	1	0	0	0	0	0	5	0	5	0	3	1	0	1	0	3	1	0	3	3	1	1	0	0	0	0	0	0	0	0	1	0	0	0	0	0	0	0	0	1	0	0	0	0
Uniq2310	0	0	0	0	0	0	0	0	0	1	0	9	0	2	0	0	0	1	1	0	0	0	1	0	0	1	1	0	0	0	0	0	0	0	0	0	0	0	0	0	0	0	0	0	0	0	0	0
Uniq1543	0	0	0	0	1	0	0	0	0	2	0	15	0	3	0	1	0	3	1	0	1	0	1	0	0	1	1	0	0	0	0	0	0	0	0	1	0	0	0	0	0	0	0	0	0	0	0	0
Uniq2195	0	0	0	0	1	0	0	1	0	0	0	1	0	0	0	0	1	0	0	0	0	0	0	0	1	0	0	0	0	0	0	0	0	0	0	0	0	0	0	0	0	8	0	2	0	0	0	0
Uniq2404	0	0	0	0	0	0	0	0	0	0	1	0	2	0	2	0	0	0	0	1	0	0	2	1	0	0	0	0	0	0	0	0	0	0	0	0	0	0	0	0	0	0	0	1	0	0	0	0
Uniq3256	0	0	0	0	0	0	0	0	0	2	0	0	0	0	0	0	1	1	0	0	1	0	0	0	1	0	0	0	0	0	0	0	0	0	0	0	0	0	0	0	0	0	0	0	0	0	0	0
Uniq3304	0	0	0	0	0	0	0	0	0	0	0	0	0	0	0	0	0	0	0	0	0	0	0	0	0	0	0	0	0	0	0	0	0	0	0	0	0	0	0	0	0	0	0	0	0	0	0	0
Uniq1630	0	0	0	0	0	0	0	0	0	0	0	0	0	0	0	0	0	0	0	0	0	0	0	0	0	0	0	0	0	0	0	0	0	0	0	0	0	0	0	0	0	0	0	0	0	0	0	0
Uniq3030	0	0	0	0	1	0	0	0	0	0	0	0	0	0	0	0	0	0	0	0	0	0	0	0	0	0	0	0	0	0	0	0	0	0	0	0	0	0	0	0	0	0	0	0	0	0	0	0
Uniq2118	0	0	0	0	0	0	0	0	0	0	0	0	0	0	0	0	0	0	0	0	0	0	0	0	0	0	0	0	0	0	0	0	0	0	0	0	0	0	0	0	0	0	0	0	0	0	0	0
Uniq4225	0	0	0	0	0	0	0	0	0	2	0	1	0	1	0	0	3	2	0	0	1	0	0	0	0	0	0	0	0	0	0	0	0	0	0	0	0	0	0	0	0	0	0	0	0	0	0	0
Uniq3074	0	0	0	0	0	0	0	0	0	0	0	0	0	0	0	0	0	0	0	0	0	0	0	0	0	0	0	0	0	0	0	0	0	0	0	0	0	0	0	0	0	0	0	0	0	0	0	0
Uniq1038	0	0	0	0	0	0	0	0	0	0	0	0	0	0	0	0	0	0	0	0	0	0	0	0	0	0	0	0	0	0	0	0	0	0	0	0	0	1	0	0	0	0	0	0	0	0	0	0
Uniq977	0	0	0	0	0	0	0	1	1	8	2	3	1	15	1	2	2	2	2	0	1	0	1	2	2	2	2	0	0	0	1	0	0	0	0	1	0	0	0	0	0	0	0	0	0	0	0	0
Uniq1871	0	0	0	0	0	0	0	0	0	0	0	13	0	2	0	1	0	2	1	0	2	0	1	0	1	0	1	0	0	0	0	0	0	0	0	0	0	0	0	0	0	0	0	0	0	0	0	0
Uniq2106	0	0	0	0	0	0	0	0	0	0	0	0	0	0	0	0	0	0	0	0	0	0	0	0	0	0	0	0	0	0	0	0	0	0	0	0	0	0	0	0	0	0	0	0	0	0	0	0
Uniq3406	0	0	0	1	0	0	0	0	0	0	2	0	2	0	1	0	0	0	0	1	0	0	0	1	0	0	0	0	0	0	0	0	0	0	0	0	0	0	0	0	0	0	0	0	0	0	0	0
Uniq3385	0	0	0	0	0	0	0	0	0	0	0	0	0	0	0	0	0	0	0	0	0	0	0	0	0	0	0	0	0	0	0	0	0	0	0	0	0	0	0	0	0	0	0	0	0	0	0	0
Uniq1946	0	0	0	0	0	0	0	0	0	0	0	0	0	0	0	0	0	0	0	0	0	0	0	0	0	0	0	0	0	0	0	0	0	0	0	0	0	0	0	0	0	0	0	0	0	0	0	0
Uniq2335	0	0	0	0	0	0	0	0	0	2	0	2	0	1	0	1	1	0	0	0	0	0	0	0	0	0	0	0	0	0	0	0	0	0	0	0	0	1	0	0	0	0	0	1	0	0	0	0
Uniq3045	0	0	0	0	0	0	0	0	0	0	0	0	0	0	0	0	0	0	0	0	0	0	0	0	0	0	0	0	0	0	0	0	0	0	0	0	0	0	0	0	0	0	0	0	0	0	0	0
Uniq2468	0	0	0	0	0	0	0	0	0	0	0	0	0	0	0	0	0	0	0	0	0	0	0	0	0	0	0	0	0	0	0	0	0	0	0	1	0	0	0	0	0	0	0	0	0	0	0	0
Uniq3160	0	0	0	0	0	0	0	0	0	0	0	0	0	0	0	0	0	0	0	0	0	0	0	0	0	0	0	0	0	0	0	0	0	0	0	0	0	0	0	0	0	0	0	0	0	0	0	0
Uniq560	0	0	0	0	0	0	0	0	0	0	0	0	0	0	0	0	0	0	0	0	0	0	0	0	0	0	0	0	0	0	0	0	0	0	0	0	0	0	0	0	0	0	0	0	0	0	0	0
Uniq4228	0	0	0	0	0	0	0	0	0	0	0	0	0	1	0	1	0	1	0	0	0	0	0	0	0	0	0	0	0	0	0	0	0	0	0	0	0	0	0	0	0	0	0	0	0	0	0	0
Uniq2500	0	0	0	0	0	0	0	1	0	0	0	0	0	0	0	0	0	0	0	0	0	0	0	0	0	0	0	0	0	0	0	0	0	0	0	0	0	1	0	0	0	0	0	0	0	0	0	0
Uniq561	0	0	0	0	0	0	0	0	0	0	0	0	0	0	0	0	0	0	0	0	0	0	0	0	0	0	0	0	0	0	0	0	0	0	0	0	0	0	0	0	0	0	0	0	0	0	0	0
Uniq724	0	0	0	0	0	0	0	0	0	0	0	0	0	0	0	0	0	0	0	0	0	0	0	0	0	0	0	0	0	0	0	0	0	0	0	0	0	0	0	0	0	0	0	0	0	0	0	0
Uniq3435	0	0	0	0	0	0	0	0	0	0	0	0	0	0	0	0	0	0	0	0	0	0	0	0	0	0	0	0	0	0	0	0	0	0	0	0	0	0	0	0	0	0	0	0	0	0	0	0
Uniq2431	0	0	0	0	0	0	0	0	0	0	0	0	0	0	0	0	0	0	0	0	0	0	0	0	0	0	0	0	0	0	0	0	0	0	0	0	0	0	0	0	0	0	0	0	0	0	0	0
Uniq3660	0	0	0	0	0	0	0	0	0	3	0	0	0	1	0	1	2	1	0	0	0	0	1	0	1	0	0	0	0	0	0	0	0	0	0	0	0	0	0	0	0	0	0	0	0	0	0	0
Uniq1532	0	0	0	0	0	0	0	0	0	1	0	12	0	4	0	5	3	3	0	0	1	0	2	0	1	1	1	0	0	0	0	0	0	0	0	0	0	0	0	0	0	0	0	1	0	0	0	0
Uniq2350	0	0	0	0	0	0	0	0	0	0	0	0	0	0	0	0	0	0	0	0	0	0	0	0	0	0	0	0	0	0	0	0	0	0	0	0	0	0	0	0	0	0	0	0	0	0	0	0
Uniq2314	0	0	0	0	0	0	0	0	0	0	0	0	0	0	0	0	0	0	0	0	0	0	0	0	0	0	0	0	0	0	0	0	0	0	0	0	0	0	0	0	0	0	0	0	0	0	0	0
Uniq3532	0	0	0	0	0	0	0	0	0	0	0	0	0	0	0	0	0	0	0	0	0	0	0	0	0	0	0	0	0	0	0	0	0	0	0	0	0	0	0	0	0	0	0	0	0	0	0	0
Uniq2611	0	0	0	0	0	0	0	0	0	1	0	0	0	2	0	0	0	2	0	0	0	0	0	0	0	0	0	1	0	1	0	1	0	1	0	1	0	2	0	0	0	0	0	0	0	0	0	0
Uniq237	0	0	0	0	0	0	0	0	0	0	0	0	0	0	0	0	0	0	0	0	0	0	0	0	0	0	0	0	0	0	0	0	0	0	0	0	0	0	0	0	0	0	0	0	0	0	0	0
Uniq2572	0	0	0	0	0	0	0	0	0	2	0	0	0	0	0	0	1	0	0	0	1	0	1	0	1	1	0	0	0	0	0	0	0	0	0	0	0	0	0	0	0	0	0	0	0	0	0	0
Uniq285	0	0	0	0	0	1	0	0	0	0	0	0	0	0	0	0	0	0	0	0	0	0	0	0	0	0	0	0	0	0	0	0	0	0	0	0	0	0	0	0	0	0	0	0	0	0	0	0
Uniq4175	0	0	0	4	0	3	0	0	0	0	4	0	9	0	4	0	0	0	0	4	0	1	0	0	0	0	0	0	1	0	2	0	0	0	0	0	0	0	0	0	0	0	0	0	0	0	0	0
Uniq3243	0	0	0	1	0	2	0	0	0	0	1	0	3	0	4	0	0	0	0	3	0	0	0	0	0	0	0	0	0	0	6	0	0	0	0	0	0	0	0	0	0	0	0	0	0	0	0	0
Uniq4216	0	0	0	3	0	1	0	0	0	0	109	0	34	0	66	0	0	0	0	6	0	8	0	35	0	0	0	0	0	0	0	0	0	0	0	0	0	0	0	0	0	0	0	0	0	0	0	0
Uniq3315	0	0	0	4	0	4	0	0	0	0	6	0	9	0	9	0	0	0	0	9	0	1	0	0	0	0	0	0	0	0	14	0	0	0	0	0	0	0	0	0	0	0	0	0	0	0	0	0
Uniq2657	0	0	0	4	0	8	0	0	0	0	8	0	13	0	25	0	0	0	0	20	0	2	0	0	1	0	0	0	0	0	36	0	0	0	0	0	0	0	0	0	0	0	0	0	0	0	0	0
Uniq3452	0	0	0	4	0	1	0	0	0	0	5	0	10	0	4	0	0	0	0	6	0	0	0	0	0	0	0	0	0	0	2	0	0	0	0	0	0	0	0	0	0	0	0	0	0	0	0	0
Uniq3379	0	0	0	1	0	0	0	0	0	0	1	0	1	1	0	0	0	0	0	0	0	0	0	0	0	0	0	0	10	0	4	0	1	0	1	0	1	0	0	0	3	1	1	0	0	0	0	0
Uniq2148	0	0	0	0	0	1	0	0	0	0	1	0	2	0	8	0	0	0	0	5	0	1	0	4	0	0	0	0	0	0	4	0	0	0	0	0	0	0	0	0	0	0	0	0	0	0	0	0
Uniq749	0	0	0	0	0	0	0	0	0	0	0	0	0	0	1	0	0	0	0	0	0	0	0	0	0	0	0	0	0	0	1	0	1	0	0	0	0	0	0	0	0	0	0	0	0	0	0	0
Uniq1575	0	0	0	1	0	2	0	0	0	0	0	0	1	0	2	0	0	0	0	0	0	0	0	1	0	0	0	0	3	0	10	0	4	0	0	0	0	0	0	0	0	0	0	0	0	0	0	0
Uniq710	0	0	0	1	0	0	0	0	0	0	1	0	1	0	1	0	0	0	0	0	0	0	0	0	0	0	0	0	1	0	1	0	1	0	1	0	0	0	0	0	0	0	0	0	0	0	0	0
Uniq562	0	0	0	0	0	0	0	0	0	0	0	0	0	0	0	0	0	0	0	0	0	0	0	0	0	0	0	0	0	0	0	0	0	0	0	0	0	0	0	0	0	0	0	0	0	0	0	0
Uniq3938	0	0	0	3	0	1	0	0	0	0	4	0	8	0	2	0	0	0	0	4	0	1	0	0	0	0	0	0	0	0	1	0	0	0	0	0	0	0	0	0	0	0	0	0	0	0	0	0
Uniq2187	0	0	0	10	0	4	0	0	0	0	20	0	25	0	4	0	0	0	0	11	0	1	0	1	0	0	0	0	1	0	0	0	0	0	0	0	0	0	0	0	0	0	0	0	0	0	0	0
Uniq854	0	0	0	0	0	0	0	0	0	0	0	0	0	0	0	0	0	0	0	0	0	0	0	0	0	0	0	0	0	0	0	0	0	0	0	0	0	0	0	0	0	0	0	0	0	0	0	0
Uniq3593	0	0	0	1	1	15	0	0	0	0	52	0	5	0	7	0	0	0	0	1	0	0	0	0	0	0	0	0	1	0	0	0	0	0	0	0	0	0	0	0	0	0	0	0	0	0	0	0
Uniq1257	0	0	0	0	0	0	0	0	0	0	0	0	0	0	0	0	0	0	4	2	1	7	2	3	3	4	4	0	0	0	0	0	0	0	0	0	0	0	0	4	5	3	5	4	4	4	5	1
Uniq1976	0	0	0	0	0	0	0	0	0	0	0	0	0	0	0	0	0	0	0	0	0	0	0	0	0	0	0	0	0	0	0	0	0	0	0	0	0	0	0	0	0	0	0	0	0	0	0	0
Uniq598	0	0	0	0	0	0	0	0	0	0	13	0	55	0	9	0	0	0	0	15	0	5	0	6	0	0	0	0	0	0	0	0	0	0	0	0	0	0	0	0	0	0	0	0	0	0	0	0
Uniq4383	0	0	0	2	0	1	0	0	0	0	0	0	0	0	0	0	0	0	0	0	0	0	0	0	0	0	0	0	5	0	1	0	1	0	1	0	0	0	0	0	0	0	0	0	0	0	0	0
Uniq2587	0	0	0	0	0	1	0	0	0	0	2	0	3	0	9	0	0	0	0	6	0	1	0	3	0	0	0	0	0	0	1	0	0	0	0	0	0	0	0	0	0	0	0	0	0	0	0	0
Uniq1208	0	0	0	0	0	2	0	0	0	0	5	0	7	0	23	0	0	0	0	12	0	2	0	8	0	0	0	0	0	0	0	0	0	0	0	0	0	0	0	0	0	0	0	0	0	0	0	0
Uniq4222	0	0	0	0	0	1	1	0	0	0	0	0	0	0	0	0	1	0	0	0	2	0	0	0	0	0	0	0	3	0	1	0	3	1	1	0	1	0	0	0	1	0	2	0	0	0	1	1
Uniq3795	0	0	0	0	1	7	0	0	0	0	31	0	2	0	3	0	0	0	0	0	0	1	0	0	0	0	0	0	0	0	0	0	0	0	0	0	0	0	0	0	0	0	0	0	0	0	0	0
Uniq3728	0	0	0	0	0	0	0	0	0	0	0	0	0	0	0	0	0	0	0	0	0	0	0	0	0	0	0	0	0	0	0	0	0	0	0	0	0	0	0	0	0	0	0	0	0	0	0	0
Uniq4202	0	0	0	0	0	0	0	0	0	0	0	0	0	0	0	0	0	0	1	0	0	0	0	0	0	0	0	0	0	0	0	0	0	0	0	0	0	0	0	0	0	1	0	0	1	0	0	0
Uniq1264	0	0	0	0	0	0	0	0	0	0	0	0	0	0	0	0	0	0	0	0	0	0	0	0	0	0	0	0	0	0	0	0	0	0	0	0	0	0	0	0	0	0	0	0	0	0	0	0
Uniq1878	0	0	0	0	0	2	0	0	0	0	5	0	7	0	13	0	0	0	0	9	0	1	0	5	0	0	0	0	0	0	1	0	0	0	0	0	0	0	0	0	0	0	0	0	0	0	0	0
Uniq1570	0	0	0	0	0	1	0	0	0	0	4	0	7	0	18	0	0	0	0	8	0	1	0	5	0	0	0	0	0	0	1	0	0	0	0	0	0	0	0	0	0	0	0	0	0	0	0	0
Uniq3349	0	0	0	0	0	0	0	0	0	0	10	3	1	0	2	1	1	6	0	0	0	0	2	0	2	1	0	0	0	0	0	0	0	0	0	0	0	0	0	0	0	0	0	0	0	0	0	0
Uniq3424	0	0	0	1	1	23	0	0	0	0	96	0	9	0	13	0	0	0	0	2	0	1	0	0	0	0	0	0	1	0	0	0	0	0	0	0	0	0	0	0	0	0	0	1	1	0	0	0
Uniq2125	0	0	0	0	0	0	0	0	0	0	0	0	0	0	0	0	0	0	0	0	0	0	0	0	0	0	0	0	0	0	0	0	0	0	0	0	0	0	0	0	0	0	0	0	0	0	0	0
Uniq3941	0	0	0	0	0	0	0	0	0	0	0	0	0	0	0	0	0	0	0	0	0	0	0	0	0	0	0	0	0	0	0	0	0	0	0	0	0	0	0	0	0	0	0	0	0	0	0	0
Uniq443	0	0	0	0	0	0	0	0	0	0	0	0	0	0	0	0	0	0	0	0	0	0	0	0	0	0	0	0	0	0	0	0	0	0	0	0	0	0	0	0	0	0	0	0	0	0	0	0
Uniq4176	0	0	0	0	0	0	0	0	0	0	0	0	0	0	0	0	0	0	0	0	0	0	0	0	0	0	0	0	0	0	0	0	0	0	0	0	0	0	0	0	0	0	0	0	0	0	0	0
Uniq1517	0	0	0	0	0	0	0	0	0	0	0	0	0	0	0	0	0	0	5	1	4	3	3	2	3	3	3	0	0	0	0	0	0	0	0	0	0	0	0	3	3	3	3	3	3	6	3	2
Uniq1329	0	0	0	0	0	0	0	0	0	0	0	0	0	0	0	0	0	0	0	0	0	0	0	0	0	0	0	0	0	0	0	0	0	0	0	0	0	0	0	0	0	0	0	0	0	0	0	0
Uniq1144	0	0	0	0	0	0	0	0	0	0	0	0	0	0	0	0	0	0	0	0	0	0	0	0	0	0	0	0	0	0	0	0	0	0	0	0	0	0	0	0	0	0	0	0	0	0	0	0
Uniq2191	0	0	0	0	0	2	0	0	0	0	4	0	4	0	10	0	0	0	0	7	0	1	0	5	0	0	0	0	0	0	0	0	0	0	0	0	0	0	0	0	0	0	0	0	0	0	0	0
Uniq487	0	0	0	0	0	0	0	0	0	0	0	0	0	0	0	0	0	0	0	0	0	0	0	0	0	0	0	0	0	0	0	0	0	0	0	0	0	0	0	0	0	0	0	0	0	0	0	0
Uniq4456	0	0	0	1	0	0	0	0	0	0	1	0	3	1	1	0	0	2	2	5	1	0	2	0	2	5	2	0	1	0	0	0	0	0	1	0	0	0	2	0	0	0	0	0	1	0	0	0
Uniq4302	0	0	0	0	0	0	0	0	0	0	0	0	0	0	0	0	0	0	0	0	0	0	0	0	0	0	0	0	0	0	0	0	0	0	0	0	0	0	0	0	0	0	0	0	0	0	0	0
Uniq3302	0	0	0	0	0	0	0	0	0	0	0	0	0	0	0	0	0	0	0	0	0	0	0	0	0	0	0	0	0	0	0	0	0	0	0	0	0	0	0	0	0	0	0	0	0	0	0	0
Uniq2508	0	0	0	0	0	0	0	0	0	0	0	0	0	0	0	0	0	0	0	0	0	0	0	0	0	0	0	0	0	0	0	0	0	0	0	0	0	0	0	0	0	0	0	0	0	0	0	0
Uniq664	0	0	0	0	0	0	0	0	0	0	0	0	0	0	0	0	0	0	0	0	0	0	0	0	0	0	0	0	0	0	0	0	0	0	0	0	0	0	0	0	0	0	0	0	0	0	0	0
Uniq1830	0	0	0	0	0	1	0	0	0	0	5	0	7	0	17	0	0	0	0	9	0	1	0	5	0	0	0	0	0	0	0	0	0	0	0	0	0	0	0	0	0	0	0	0	0	0	0	0
Uniq315	0	0	0	0	0	0	0	0	0	0	22	0	110	0	18	0	0	0	0	29	0	11	0	9	0	0	0	0	0	0	0	0	0	0	0	0	0	0	0	0	0	0	0	0	0	0	0	0
Uniq655	0	0	0	0	0	0	0	0	0	0	0	0	0	0	0	0	0	0	0	0	0	0	0	0	0	0	0	0	0	0	0	0	0	0	0	0	0	0	0	0	0	0	0	0	0	0	0	0
Uniq2146	0	0	0	0	0	1	0	0	0	0	0	0	0	0	0	0	0	0	0	0	0	0	0	0	0	0	0	0	0	0	0	0	0	0	0	0	0	0	0	0	0	0	0	0	0	0	0	0
Uniq1834	0	0	0	0	0	0	0	0	0	0	3	0	6	0	10	0	0	0	0	6	0	1	0	3	0	0	0	0	0	0	1	0	0	0	0	0	0	0	0	0	0	0	0	0	0	0	0	0
Uniq1863	0	0	0	0	0	0	0	0	0	0	0	0	0	0	0	0	0	0	0	4	0	5	0	3	0	0	0	0	0	0	0	0	0	0	0	0	0	0	0	0	2	0	4	0	4	0	0	0
Uniq1027	0	0	0	0	0	0	0	0	0	0	0	0	0	0	0	0	0	0	0	0	0	0	0	0	0	0	0	0	0	0	0	0	0	0	0	0	0	0	0	0	0	0	0	0	0	0	0	0
Uniq718	0	0	0	0	0	0	0	0	0	0	0	0	0	0	0	0	0	0	0	0	0	0	0	0	0	0	0	0	0	0	0	0	0	0	0	0	0	0	0	0	0	0	0	0	0	0	0	0
Uniq1756	0	0	0	0	0	0	0	0	0	0	0	0	0	0	0	0	0	0	0	0	0	0	0	0	0	0	0	0	0	0	0	0	0	0	0	0	0	0	0	0	0	0	0	0	0	0	0	0
Uniq4172	0	0	0	0	0	0	0	0	0	0	0	0	0	0	0	0	0	0	0	0	0	0	0	0	0	0	0	0	0	0	0	0	0	0	0	0	0	0	0	0	0	0	0	0	0	0	0	0
Uniq1526	0	0	0	0	0	0	0	0	0	0	0	0	0	0	0	0	0	0	0	0	0	0	0	0	0	0	0	0	0	0	0	0	0	0	0	0	0	0	0	0	0	0	0	0	0	0	0	0
Uniq313	0	0	0	0	0	0	0	0	0	0	0	0	0	0	0	0	0	0	0	0	0	0	0	0	0	0	0	0	0	0	0	0	0	0	0	0	0	0	0	0	0	0	0	0	0	0	0	0
Uniq1234	0	0	0	0	0	0	0	0	0	0	0	0	0	0	0	0	0	0	0	4	0	7	0	4	0	0	0	0	0	0	0	0	0	0	0	0	0	0	0	0	6	0	7	0	6	0	0	0
Uniq176	0	0	0	0	0	0	0	0	0	0	0	0	0	0	0	0	0	0	0	0	0	0	0	0	0	0	0	0	0	0	0	0	0	0	0	0	0	0	0	0	0	0	0	0	0	0	0	0
Uniq2001	0	0	0	0	0	0	0	0	0	0	0	0	0	0	0	0	0	0	0	2	0	4	0	3	0	0	0	0	0	0	0	0	0	0	0	0	0	0	0	0	4	0	4	0	3	0	0	0
Uniq3459	0	0	0	0	0	0	0	0	0	0	0	0	0	0	0	0	0	0	0	0	0	0	0	0	0	0	0	0	0	0	0	0	0	0	0	0	0	0	0	0	0	0	0	0	0	0	0	0
Uniq2154	0	0	0	0	0	2	0	0	0	0	3	0	5	0	13	0	0	0	0	6	0	1	0	2	0	0	0	0	0	0	2	0	0	0	0	0	0	0	0	0	0	0	0	0	0	0	0	0
Uniq1040	0	0	0	0	0	0	0	0	0	0	0	0	0	0	0	0	0	0	0	0	0	0	0	0	0	0	0	0	0	0	0	0	0	0	0	0	0	0	0	0	0	0	0	0	0	0	0	0
Uniq3131	0	0	0	0	0	0	0	0	0	0	0	0	0	0	0	0	0	0	1	1	1	2	1	1	1	1	1	0	0	0	0	0	0	0	0	0	0	0	0	2	1	1	2	1	1	1	1	1
Uniq4333	0	0	0	0	1	6	0	0	0	0	29	0	2	0	3	0	0	0	0	1	0	1	0	0	0	0	0	0	0	0	0	0	0	0	0	0	0	0	0	0	0	0	0	0	0	0	0	0
Uniq1284	0	0	0	0	0	0	0	0	0	0	0	0	0	0	0	0	0	0	0	4	0	8	0	6	0	0	0	0	0	0	0	0	0	0	0	0	0	0	0	0	9	0	8	0	9	0	0	0
Uniq3238	0	0	0	0	0	1	0	0	0	0	3	0	4	0	12	0	0	0	0	6	0	1	0	4	0	0	0	0	0	0	0	0	0	0	0	0	0	0	0	0	0	0	0	0	0	0	0	0
Uniq3448	0	0	0	0	0	0	0	0	0	0	0	0	0	0	0	0	0	0	0	0	0	0	0	0	0	0	0	0	0	0	0	0	0	0	0	0	0	0	0	0	0	0	0	0	0	0	0	0
Uniq4233	0	0	0	0	0	0	0	0	0	0	0	0	0	0	0	0	0	0	0	0	0	0	0	0	0	0	0	0	0	0	0	0	0	0	0	0	0	0	0	0	0	0	0	0	0	0	0	0
Uniq1978	0	0	0	0	0	1	0	0	0	0	3	0	4	0	10	0	0	0	0	6	0	1	0	4	0	0	0	0	0	0	1	0	0	0	0	0	0	0	0	0	0	0	0	0	0	0	0	0
Uniq3229	0	0	0	0	0	0	0	0	0	0	2	0	4	0	7	0	0	0	0	4	0	1	0	4	0	0	0	0	0	0	0	0	0	0	0	0	0	0	0	0	0	0	0	0	0	0	0	0
Uniq2675	0	0	0	0	0	0	0	0	0	0	0	0	0	0	0	0	0	0	0	0	0	0	0	0	0	0	0	0	0	0	0	0	0	0	0	0	0	0	0	0	0	0	0	0	0	0	0	0
Uniq1299	0	0	0	0	0	2	0	0	0	0	8	0	12	0	28	0	0	0	0	18	0	3	0	13	0	0	0	0	0	0	1	0	0	0	0	0	0	0	0	0	0	0	0	0	0	0	0	0
Uniq2546	0	0	0	0	0	0	0	0	0	0	0	0	0	0	0	0	0	0	1	2	0	4	0	2	0	0	0	0	0	0	0	0	0	0	0	0	0	0	0	0	3	0	3	0	4	0	0	0
Uniq449	0	0	0	0	0	0	0	0	0	0	0	0	0	0	0	0	0	0	0	0	0	0	0	0	0	0	0	0	0	0	0	0	0	0	0	0	0	0	0	0	0	0	0	0	0	0	0	0
Uniq3688	0	0	0	0	0	0	0	0	0	0	0	0	0	0	0	0	0	0	0	0	0	0	0	0	0	0	0	0	0	0	0	0	0	0	0	0	0	0	0	0	0	0	0	0	0	0	0	0
Uniq935	0	0	0	0	0	0	0	0	0	0	0	0	0	0	0	0	0	0	0	0	0	0	0	0	0	0	0	0	0	0	0	0	0	0	0	0	0	0	0	0	0	0	0	0	0	0	0	0
Uniq1728	0	0	0	0	0	0	0	0	0	0	0	0	0	0	0	0	0	0	3	2	2	3	3	3	3	2	2	0	0	0	0	0	0	0	0	0	0	0	0	2	3	1	4	3	4	4	2	1
Uniq1496	0	0	0	0	0	0	0	0	0	0	0	0	0	0	0	0	0	0	0	4	0	6	0	4	0	0	0	0	0	0	0	0	0	0	0	0	0	0	0	0	6	0	5	0	4	0	0	0
Uniq3413	0	0	0	0	0	0	0	0	0	0	0	0	0	0	0	0	0	0	0	0	0	0	0	0	0	0	0	0	0	0	0	0	0	0	0	0	0	0	0	0	0	0	0	0	0	0	0	0
Uniq2497	0	0	0	0	0	0	0	0	0	0	0	0	0	0	0	0	0	0	0	0	0	0	0	0	0	0	0	0	0	0	0	0	0	0	0	0	0	0	0	0	0	0	0	0	0	0	0	0
Uniq4207	0	0	0	0	0	0	0	0	0	0	0	0	0	0	0	0	0	0	0	0	0	0	0	0	0	0	0	0	0	0	0	0	0	0	0	0	0	0	0	0	0	0	0	0	0	0	0	0
Uniq3197	0	0	0	0	1	0	0	0	0	0	0	41	0	0	0	0	45	0	0	0	0	0	0	0	0	0	0	0	0	0	0	0	0	0	0	0	0	2	0	0	0	0	0	5	0	0	0	0
Uniq966	0	0	0	0	1	0	0	1	0	3	0	42	0	7	0	2	0	5	3	0	3	0	3	0	1	1	3	0	0	0	0	0	0	0	0	0	0	1	0	0	0	0	0	1	0	1	0	0
Uniq1943	0	0	0	0	0	0	0	0	0	0	0	0	0	0	0	0	0	0	0	0	0	0	0	0	0	0	0	0	0	0	0	0	0	0	0	0	0	0	0	0	0	0	0	0	0	0	0	0
Uniq1594	0	0	0	0	0	0	0	0	0	0	0	0	0	0	0	0	0	0	0	0	0	0	0	0	0	0	0	0	0	0	0	0	0	0	0	0	0	0	0	0	0	0	0	0	0	0	0	0
Uniq893	0	0	0	0	0	0	0	0	0	0	0	0	0	0	0	0	0	0	0	0	0	0	0	0	0	0	0	0	0	0	0	0	0	0	0	0	0	0	0	0	0	0	0	0	0	0	0	0
Uniq3789	0	0	0	0	1	0	0	0	0	0	0	0	0	1	0	4	0	0	14	0	0	0	0	0	1	0	2	0	0	0	0	0	0	0	0	0	0	0	0	0	0	0	0	0	0	0	0	0
Uniq1325	0	0	0	0	0	0	0	0	0	0	0	0	0	0	0	0	0	0	0	0	0	0	0	0	0	0	0	0	0	0	0	0	0	0	0	0	0	0	0	0	0	0	0	0	0	0	0	0
Uniq2855	0	0	0	0	1	0	0	0	0	0	40	0	11	1	3	4	0	3	2	7	0	0	4	1	2	1	1	0	0	0	0	0	0	0	0	0	0	0	0	0	1	0	0	2	0	0	0	0
Uniq2704	0	0	0	0	0	0	0	0	0	0	0	0	0	0	0	0	0	0	5	0	0	0	0	0	0	0	1	0	0	0	0	0	0	0	0	0	0	0	0	0	0	0	0	0	0	0	0	0
Uniq700	0	0	0	0	0	0	0	1	0	0	0	0	0	0	0	0	0	0	0	0	0	0	0	0	0	0	0	0	0	0	0	0	0	0	0	0	0	0	0	0	0	0	0	0	0	0	0	0
Uniq1076	0	0	0	0	0	0	0	0	0	0	0	0	0	0	0	0	0	0	0	0	0	0	0	0	0	0	0	0	0	0	0	0	0	0	0	0	0	0	0	0	0	0	0	0	0	0	0	0
Uniq2505	0	0	0	0	0	0	0	0	0	4	0	3	0	2	0	0	5	2	0	0	1	0	2	0	1	1	0	0	0	0	0	0	0	0	0	0	0	0	0	0	0	0	0	0	0	0	0	0
Uniq3008	0	0	0	0	1	0	0	0	0	0	0	0	0	1	0	2	0	0	16	0	0	0	0	0	0	1	1	0	0	0	0	0	0	0	0	0	0	0	0	0	0	0	0	0	0	0	0	0
Uniq2435	0	0	0	0	1	0	0	0	0	0	0	0	0	0	0	2	0	0	12	0	0	0	0	0	0	0	1	0	0	0	0	0	0	0	0	1	0	0	0	0	0	0	0	0	0	0	0	0
Uniq4078	0	0	0	0	0	0	0	0	0	0	0	0	0	0	0	0	0	0	0	0	0	0	0	0	0	0	0	0	0	0	0	0	0	0	0	0	0	0	0	0	0	0	0	0	0	0	0	0
Uniq1747	0	0	0	0	0	0	0	0	0	0	0	0	0	0	0	0	0	0	0	0	0	0	0	0	0	0	0	0	0	0	0	0	0	0	0	0	0	0	0	0	0	0	0	0	0	0	0	0
Uniq3914	0	0	0	0	1	0	0	0	0	0	25	0	9	0	2	3	0	3	2	4	0	0	5	1	2	1	1	0	0	0	0	0	0	0	0	0	0	0	0	0	0	0	0	1	0	0	0	0
Uniq556	0	0	0	0	0	0	0	0	0	0	0	0	0	0	0	0	0	0	0	0	0	0	0	0	0	0	0	0	0	0	0	0	0	0	0	0	0	0	0	0	0	0	0	0	0	0	0	0
Uniq3933	0	0	0	0	0	0	0	0	0	0	0	0	0	0	0	1	0	0	5	0	0	0	0	0	0	0	1	0	0	0	0	0	0	0	0	0	0	0	0	0	0	0	0	0	0	0	0	0
Uniq240	0	0	0	0	0	0	0	0	0	0	0	0	0	0	0	0	0	0	0	0	0	0	0	0	0	0	0	0	0	0	0	0	0	0	0	0	0	0	0	0	0	0	0	0	0	0	0	0
Uniq1256	0	0	0	0	0	0	0	0	0	0	0	0	0	0	0	0	0	0	0	0	0	0	0	0	0	0	0	0	0	0	0	0	0	0	0	0	0	0	0	0	0	0	0	0	0	0	0	0
Uniq3778	0	0	0	0	1	0	0	0	0	0	0	1	0	2	0	5	0	0	15	0	1	0	0	0	0	1	2	0	0	0	0	0	0	0	0	0	0	0	0	0	0	0	0	0	0	0	0	0
Uniq1597	0	0	0	0	0	0	0	0	0	0	0	0	0	0	0	0	0	0	0	0	0	0	0	0	0	0	0	0	0	0	0	0	0	0	0	0	0	0	0	0	0	0	0	0	0	0	0	0
Uniq799	0	0	0	0	0	0	0	0	0	0	0	0	0	0	0	0	0	0	0	0	0	0	0	0	0	0	0	0	0	0	0	0	0	0	0	0	0	0	0	0	0	0	0	0	0	0	0	0
Uniq2238	0	0	0	0	0	0	0	0	0	0	0	1	0	0	0	0	2	0	7	0	0	0	0	0	0	1	0	3	0	3	0	1	0	1	0	1	0	1	0	0	0	0	0	0	0	0	0	0
Uniq1336	0	0	0	0	0	0	0	0	0	0	0	0	0	0	0	0	0	0	0	0	0	0	0	0	0	0	0	0	0	0	0	0	0	0	0	0	0	0	0	0	0	0	0	0	0	0	0	0
Uniq2299	0	0	0	0	0	0	0	0	0	0	0	0	0	0	0	0	0	0	0	0	0	0	0	0	0	0	0	0	0	0	0	0	0	0	0	0	0	0	0	0	0	0	0	0	0	0	0	0
Uniq1627	0	0	0	0	0	0	0	0	0	0	0	0	0	0	0	0	0	0	0	0	0	0	0	0	0	0	0	0	0	0	0	0	0	0	0	0	0	0	0	0	0	0	0	0	0	0	0	0
Uniq1417	0	0	0	0	0	0	0	0	0	1	0	18	0	3	0	1	0	2	1	0	2	0	1	0	1	0	0	0	0	0	0	0	0	0	0	0	0	1	0	0	0	0	0	0	0	0	0	0
Uniq1842	0	0	0	0	0	0	0	0	0	0	0	0	0	0	0	0	0	0	0	0	0	0	0	0	0	0	0	0	0	0	0	0	0	0	0	0	0	0	0	0	0	0	0	0	0	0	0	0
Uniq1480	0	0	0	0	0	0	0	0	0	1	0	16	0	2	0	1	0	2	1	0	1	0	0	0	0	1	1	0	0	0	0	0	0	0	0	0	0	0	0	0	0	0	0	0	0	0	0	0
Uniq2275	0	0	0	0	1	0	0	0	0	0	0	0	0	1	0	2	0	0	16	0	0	0	0	0	0	0	2	0	0	0	0	0	0	0	0	0	0	0	0	0	0	0	0	0	0	0	0	0
Uniq885	0	0	0	0	0	0	0	0	0	0	0	0	0	0	0	0	0	0	0	0	0	0	0	0	0	0	0	0	0	0	0	0	0	0	0	0	0	0	0	0	0	0	0	0	0	0	0	0
Uniq2387	0	0	0	0	0	0	0	0	0	0	0	0	0	0	0	0	0	0	0	0	0	0	0	0	0	0	0	0	0	0	0	0	0	0	0	0	0	0	0	0	0	0	0	0	0	0	0	0
Uniq1940	0	0	0	0	0	0	0	0	0	11	0	5	0	5	0	1	10	5	0	0	1	0	2	0	1	1	0	0	0	0	0	0	0	0	0	0	0	0	0	0	0	0	0	0	0	0	0	0
Uniq2419	0	0	0	0	0	0	0	0	0	7	0	1	0	1	0	1	0	2	0	0	0	0	0	0	0	0	1	0	0	0	0	0	0	0	0	0	0	0	0	0	0	0	0	0	0	0	0	0
Uniq1988	0	0	0	0	1	0	0	0	0	0	0	1	0	2	0	5	1	0	16	0	0	0	0	0	1	1	2	0	0	0	0	0	0	0	0	1	0	0	0	0	0	0	0	0	0	0	0	0
Uniq4001	0	0	0	0	0	0	0	0	0	0	0	0	0	0	0	0	3	1	0	0	0	0	0	0	0	0	0	0	0	0	0	0	0	0	0	0	0	0	0	0	0	0	0	0	0	0	0	0
Uniq3122	0	0	0	0	0	0	0	0	0	0	0	0	0	0	0	0	0	0	0	0	0	0	0	0	0	0	0	0	0	0	0	0	0	0	0	0	0	0	0	0	0	0	0	0	0	0	0	0
Uniq411	0	0	0	0	0	0	0	0	0	0	0	0	0	0	0	0	0	0	0	0	0	0	0	0	0	0	0	0	0	0	0	0	0	0	0	0	0	0	0	0	0	0	0	0	0	0	0	0
Uniq4118	0	0	0	0	1	0	0	0	0	0	0	24	0	0	0	0	23	0	0	0	0	0	0	0	0	0	0	0	0	0	0	0	0	0	0	0	0	1	0	0	0	0	0	3	0	0	0	0
Uniq1374	0	0	0	0	0	0	0	0	0	0	0	0	0	0	0	0	0	0	0	0	0	0	0	0	0	0	0	0	0	0	0	0	0	0	0	0	0	0	0	0	0	0	0	0	0	0	0	0
Uniq942	0	0	0	0	0	0	0	0	0	0	0	0	0	0	0	0	0	0	0	0	0	0	0	0	0	0	0	0	0	0	0	0	0	0	0	0	0	0	0	0	0	0	0	0	0	0	0	0
Uniq2334	0	0	0	0	0	0	0	0	0	0	0	0	0	0	0	0	0	0	0	0	0	0	0	0	0	0	0	0	0	0	0	0	0	0	0	0	0	0	0	0	0	0	0	0	0	0	0	0
Uniq2584	0	0	0	0	0	0	0	0	0	0	0	0	0	0	0	0	0	0	0	0	0	0	0	0	0	0	0	0	0	0	0	0	0	0	0	0	0	0	0	0	0	0	0	0	0	0	0	0
Uniq1260	0	0	0	0	0	0	0	0	0	0	0	0	0	0	0	0	0	0	0	0	0	0	0	0	0	0	0	0	0	0	0	0	0	0	0	0	0	0	0	0	0	0	0	0	0	0	0	0
Uniq3076	0	0	0	0	0	0	0	0	0	0	0	0	0	0	0	0	0	0	0	0	0	0	0	0	0	0	0	0	0	0	0	0	0	0	0	0	0	0	0	0	0	0	0	0	0	0	0	0
Uniq2293	0	0	0	0	0	0	0	0	0	0	0	0	0	0	0	0	0	0	0	0	0	0	0	0	0	0	0	0	0	0	0	0	0	0	0	0	0	0	0	0	0	0	0	0	0	0	0	0
Uniq365	0	0	0	0	0	0	0	0	0	0	0	0	0	0	0	0	0	0	0	0	0	0	0	0	0	0	0	0	0	0	0	0	0	0	0	0	0	0	0	0	0	0	0	0	0	0	0	0
Uniq1702	0	0	0	0	0	0	0	0	0	0	0	14	0	3	0	1	0	3	2	0	1	0	1	0	0	1	1	0	0	0	0	0	0	0	0	0	0	0	0	0	0	0	0	0	0	0	0	0
Uniq198	0	0	0	0	0	0	0	0	0	0	0	0	0	0	0	0	0	0	0	0	0	0	0	0	0	0	0	0	0	0	0	0	0	0	0	0	0	0	0	0	0	0	0	0	0	0	0	0
Uniq3403	0	0	0	0	0	0	0	0	0	4	0	2	0	2	0	1	5	3	0	0	1	0	1	0	0	1	0	0	0	0	0	0	0	0	0	0	0	0	0	0	0	0	0	0	0	0	0	0
Uniq2364	0	0	0	0	0	0	0	0	0	2	0	11	0	1	0	1	0	1	1	0	0	0	0	0	0	0	0	0	0	0	0	0	0	0	0	0	0	0	0	0	0	0	0	0	0	0	0	0
Uniq1352	0	0	0	0	0	0	0	0	0	0	0	0	0	0	0	0	0	0	0	0	0	0	0	0	0	0	0	0	0	0	0	0	0	0	0	0	0	0	0	0	0	0	0	0	0	0	0	0
Uniq4255	0	0	0	0	0	0	0	0	0	0	14	0	5	1	1	1	0	1	1	2	0	0	2	0	1	0	0	0	0	0	0	0	0	0	0	0	0	0	0	0	0	0	0	0	0	0	0	0
Uniq3059	0	0	0	0	0	0	0	0	0	0	0	0	0	0	0	0	0	0	0	0	0	0	0	0	0	0	0	0	0	0	0	0	0	0	0	0	0	0	0	0	0	0	0	0	0	0	0	0
Uniq1823	0	0	0	0	0	0	0	0	0	0	0	0	0	0	0	0	0	0	0	0	0	0	0	0	0	0	0	0	0	0	0	0	0	0	0	0	0	0	0	0	0	0	0	0	0	0	0	0
Uniq2288	0	0	0	0	0	0	0	0	0	7	0	4	0	2	0	1	9	6	0	0	1	0	2	0	1	1	0	0	0	0	0	0	0	0	0	0	0	0	0	0	0	0	0	0	0	0	0	0
Uniq766	0	0	0	0	0	0	0	0	0	0	0	0	0	0	0	0	0	0	0	0	0	0	0	0	0	0	0	0	0	0	0	0	0	0	0	0	0	0	0	0	0	0	0	0	0	0	0	0
Uniq1852	0	0	0	0	0	0	0	1	0	0	0	0	0	0	0	0	0	0	0	0	0	0	0	0	0	0	0	0	0	0	0	0	0	0	0	0	0	0	0	0	0	0	0	0	0	0	0	0
Uniq2723	0	0	0	0	0	0	0	0	0	0	0	3	0	2	0	1	1	1	0	0	0	0	0	0	1	0	0	0	0	0	0	0	0	0	0	0	0	0	0	0	0	0	0	0	0	0	0	0
Uniq1994	0	0	0	0	0	0	0	0	0	0	0	0	0	0	0	0	0	0	0	0	0	0	0	0	0	0	0	0	0	0	0	0	0	0	0	0	0	0	0	0	0	0	0	0	0	0	0	0
Uniq1006	0	0	0	0	0	0	0	0	0	0	0	0	0	0	0	0	0	0	0	0	0	0	0	0	0	0	0	0	0	0	0	0	0	0	0	0	0	0	0	0	0	0	0	0	0	0	0	0
Uniq345	0	0	0	0	0	0	0	0	0	0	0	0	0	0	0	0	0	0	0	0	0	0	0	0	0	0	0	0	0	0	0	0	0	0	0	0	0	0	0	0	0	0	0	0	0	0	0	0
Uniq2588	0	0	0	0	0	0	0	0	0	0	0	0	0	0	0	0	0	0	0	0	0	0	0	0	0	0	0	0	0	0	0	0	0	0	0	0	0	0	0	0	0	0	0	0	0	0	0	0
Uniq625	0	0	0	0	0	0	0	0	0	0	0	0	0	0	0	0	0	0	0	0	0	0	0	0	0	0	0	0	0	0	0	0	0	0	0	0	0	0	0	0	0	0	0	0	0	0	0	0
Uniq3684	0	0	0	0	0	0	0	0	0	5	0	1	0	0	0	1	0	0	0	0	0	0	0	0	0	0	0	1	0	0	0	0	0	0	0	0	0	0	0	0	0	0	0	0	0	0	0	0
Uniq4194	0	0	0	0	0	0	0	0	0	2	0	0	0	0	0	0	1	1	0	0	1	0	0	0	1	0	0	0	0	0	0	0	0	0	0	0	0	0	0	0	0	0	0	0	0	1	0	0
Uniq1945	0	0	0	0	0	0	0	0	0	13	0	2	0	1	0	1	0	1	0	0	0	0	0	0	0	0	1	0	0	0	0	0	0	0	0	0	0	0	0	0	0	1	0	0	0	0	0	0
Uniq2072	0	0	0	0	0	0	0	0	0	0	0	10	0	2	0	0	0	2	1	0	1	0	1	0	0	0	1	0	0	0	0	0	0	0	0	0	0	0	0	0	0	0	0	0	0	0	0	0
Uniq1808	0	0	0	0	0	0	0	0	0	0	0	0	0	0	0	0	0	0	0	0	0	0	0	0	0	0	0	0	0	0	0	0	0	0	0	0	0	0	0	0	0	0	0	0	0	0	0	0
Uniq2602	0	0	0	0	0	0	0	0	0	0	0	0	0	0	0	2	0	0	6	0	0	0	0	0	0	0	1	0	0	0	0	0	0	0	0	0	0	0	0	0	0	0	0	0	0	0	0	0
Uniq1250	0	0	0	0	0	0	0	0	0	0	0	0	0	0	0	0	0	0	0	0	0	0	0	0	0	0	0	0	0	0	0	0	0	0	0	0	0	0	0	0	0	0	0	0	0	0	0	0
Uniq2253	0	0	0	0	0	0	0	0	0	0	0	0	0	0	0	0	0	0	0	0	0	0	0	0	0	0	0	0	0	0	0	0	0	0	0	0	0	0	0	0	0	0	0	0	0	0	0	0
Uniq902	0	0	0	0	0	0	0	0	0	0	0	0	0	0	0	0	0	0	0	0	0	0	0	0	0	0	0	0	0	0	0	0	0	0	0	0	0	0	0	0	0	0	0	0	0	0	0	0
Uniq3695	0	0	0	0	0	0	0	0	0	0	0	0	0	0	0	0	0	0	0	0	0	0	0	0	0	0	0	0	0	0	0	0	0	0	0	0	0	0	0	0	0	0	0	0	0	0	0	0
Uniq2383	0	0	0	0	0	0	0	0	1	20	0	4	0	1	0	3	0	2	1	0	0	0	0	0	0	1	2	1	0	1	0	0	0	0	0	0	0	0	0	0	0	0	0	1	0	0	0	0
Uniq1879	0	0	0	0	0	0	0	0	0	5	0	3	0	3	0	1	7	4	0	0	1	0	2	0	1	1	0	0	0	0	0	0	0	0	0	0	0	0	0	0	0	0	0	0	0	0	0	0
Uniq3471	0	0	0	0	0	0	0	0	0	0	0	0	0	0	0	0	0	0	0	0	0	0	0	0	0	0	0	0	0	0	0	0	0	0	0	0	0	0	0	0	0	0	0	0	0	0	0	0
Uniq1430	0	0	0	0	0	0	0	0	0	0	0	0	0	0	0	0	0	0	0	0	0	0	0	0	0	0	0	0	0	0	0	0	0	0	0	0	0	0	0	0	0	0	0	0	0	0	0	0
Uniq1704	0	0	0	0	0	0	0	0	0	0	0	0	0	0	0	0	0	0	0	0	0	0	0	0	0	0	0	0	0	0	0	0	0	0	0	0	0	0	0	0	0	0	0	0	0	0	0	0
Uniq2614	0	0	0	0	0	0	0	0	0	0	0	0	0	0	0	0	0	0	0	0	0	0	0	0	0	0	0	0	0	0	0	0	0	0	0	0	0	0	0	0	0	0	0	0	0	0	0	0
Uniq1535	0	0	0	0	0	0	0	0	0	0	0	0	0	0	0	0	0	0	0	0	0	0	0	0	0	0	0	0	0	0	0	0	0	0	0	0	0	0	0	0	0	0	0	0	0	0	0	0
Uniq2616	0	0	0	0	0	0	0	0	0	4	0	0	0	1	0	0	1	1	0	0	0	0	0	0	1	1	0	0	0	0	0	0	0	0	0	0	0	0	0	0	0	0	0	0	0	0	0	0
Uniq1241	0	0	0	0	0	0	0	0	0	0	0	0	0	0	0	0	0	0	0	0	0	0	0	0	0	0	0	0	0	0	0	0	0	0	0	0	0	0	0	0	0	0	0	0	0	0	0	0
Uniq1912	0	0	0	0	0	0	0	0	0	0	0	0	0	0	0	0	0	0	0	0	0	0	0	0	0	0	0	0	0	0	0	0	0	0	0	0	0	0	0	0	0	0	0	0	0	0	0	0
Uniq4036	0	0	0	0	0	0	0	0	0	1	0	2	0	4	0	1	10	7	1	0	1	0	2	0	1	0	2	0	0	0	0	0	0	0	0	0	0	0	0	0	0	0	0	0	0	0	0	0
Uniq1009	0	0	0	0	0	0	0	0	0	0	0	0	0	0	0	0	0	0	0	0	0	0	0	0	0	0	0	0	0	0	0	0	0	0	0	0	0	0	0	0	0	0	0	0	0	0	0	0
Uniq3224	0	0	0	0	0	0	0	0	0	0	0	2	0	0	0	1	0	0	0	0	0	0	0	0	0	0	0	0	0	0	0	0	0	0	0	0	0	0	0	0	0	0	0	0	0	0	0	0
Uniq2760	0	0	0	0	0	0	0	0	0	0	0	0	0	0	0	0	0	0	0	0	0	0	0	0	0	0	0	1	0	0	0	1	0	0	0	0	0	0	0	0	0	0	0	0	0	0	0	0
Uniq1913	0	0	0	0	0	0	0	0	0	0	0	0	0	0	0	0	0	0	0	0	0	0	0	0	0	0	0	0	0	0	0	0	0	0	0	0	0	0	0	0	0	0	0	0	0	0	0	0
Uniq549	0	0	0	0	0	0	0	1	0	0	0	0	0	0	0	1	0	0	0	0	0	0	0	0	0	0	0	0	0	0	0	0	0	0	0	1	0	0	0	0	0	0	0	0	0	0	0	0
Uniq1991	0	0	0	0	0	0	0	0	0	0	0	0	0	0	0	0	0	0	0	0	0	0	0	0	0	0	0	0	0	0	0	0	0	0	0	0	0	0	0	0	0	0	0	0	0	0	0	0
Uniq205	0	0	0	0	0	0	0	0	0	0	0	0	0	0	0	0	0	0	0	0	0	0	0	0	0	0	0	0	0	0	0	0	0	0	0	0	0	0	0	0	0	0	0	0	0	0	0	0
Uniq600	0	0	0	0	0	0	0	0	0	0	0	0	0	0	0	0	0	0	0	0	0	0	0	0	0	0	0	0	0	0	0	0	0	0	0	0	0	0	0	0	0	0	0	0	0	0	0	0
Uniq381	0	0	0	0	0	0	0	0	0	0	0	0	0	0	0	0	0	0	0	0	0	0	0	0	0	0	0	0	0	0	0	0	0	0	0	0	0	0	0	0	0	0	0	0	0	0	0	0
Uniq409	0	0	0	0	0	0	0	0	0	0	0	0	0	0	0	0	0	0	0	0	0	0	0	0	0	0	0	0	0	0	0	0	0	0	0	0	0	0	0	0	0	0	0	0	0	0	0	0
Uniq2318	0	0	0	0	0	0	0	0	0	0	0	0	0	0	0	0	0	0	0	0	0	0	0	0	0	0	0	0	0	0	0	0	0	0	0	0	0	0	0	0	0	0	0	0	0	0	0	0
Uniq990	0	0	0	0	0	0	0	0	0	0	0	0	0	0	0	0	0	0	0	0	0	0	0	0	0	0	0	0	0	0	0	0	0	0	0	0	0	0	0	0	0	0	0	0	0	0	0	0
Uniq4136	0	0	0	0	0	0	0	0	0	3	0	3	0	3	0	1	5	2	0	0	1	0	2	0	1	0	0	0	0	0	0	0	0	0	0	0	0	0	0	0	0	0	0	0	0	0	0	0
Uniq3838	0	0	0	0	0	0	0	0	0	2	0	0	0	0	0	0	1	1	0	0	0	0	0	0	1	1	0	0	0	0	0	0	0	0	0	0	0	0	0	0	0	0	0	0	0	1	0	0
Uniq712	0	0	0	0	0	0	0	0	0	0	0	0	0	0	0	0	0	0	0	0	0	0	0	0	0	0	0	0	0	0	0	0	0	0	0	0	0	0	0	0	0	0	0	0	0	0	0	0
Uniq2489	0	0	0	0	0	0	0	0	0	3	0	3	0	2	0	0	5	3	1	0	1	0	1	0	0	0	0	0	0	0	0	0	0	0	0	0	0	0	0	0	0	0	0	0	0	0	0	0
Uniq2465	0	0	0	0	0	0	0	0	0	0	0	0	0	1	0	2	0	0	8	0	0	0	0	0	0	0	1	0	0	0	0	0	0	0	0	0	0	0	0	0	0	0	0	0	0	0	0	0
Uniq522	0	0	0	0	0	0	0	0	0	0	0	1	0	0	0	0	0	0	0	0	0	0	0	0	0	0	0	0	0	0	0	0	0	0	0	0	0	0	0	0	0	0	0	0	0	0	0	0
Uniq2215	0	0	0	0	0	0	0	0	0	0	0	0	0	0	0	0	0	0	0	0	0	0	0	0	0	0	0	0	0	0	0	0	0	0	0	0	0	0	0	0	0	0	0	0	0	0	0	0
Uniq1140	0	0	0	0	0	0	0	0	0	0	0	0	0	0	0	0	0	0	0	0	0	0	0	0	0	0	0	0	0	0	0	0	0	0	0	0	0	0	0	0	0	0	0	0	0	0	0	0
Uniq992	0	0	0	0	0	0	0	0	0	0	0	0	0	0	0	0	0	0	0	0	0	0	0	0	0	0	0	0	0	0	0	0	0	0	0	0	0	0	0	0	0	0	0	0	0	0	0	0
Uniq1406	0	0	0	0	0	0	0	0	0	0	0	0	0	0	0	0	0	0	0	0	0	0	0	0	0	0	0	0	0	0	0	0	0	0	0	0	0	0	0	0	0	0	0	0	0	0	0	0
Uniq871	0	0	0	0	0	0	0	0	0	0	7	0	38	0	8	0	0	0	0	10	0	5	0	4	0	0	0	0	0	0	0	0	0	0	0	0	0	0	0	0	0	0	0	0	0	0	0	0
Uniq3161	0	0	0	0	0	1	0	0	0	0	2	0	3	0	7	0	0	0	0	2	0	1	0	3	0	0	0	0	0	0	0	0	0	0	0	0	0	0	0	0	0	0	0	0	0	0	0	0
Uniq1537	0	0	0	0	0	3	0	0	0	0	7	0	6	0	18	0	0	0	0	10	0	3	0	5	0	0	0	0	0	0	8	0	0	0	0	0	0	0	0	0	0	0	0	0	0	0	0	0
Uniq1724	0	0	0	0	0	2	0	0	0	0	4	0	8	0	9	0	0	0	0	10	0	2	0	7	0	0	0	0	0	0	1	0	0	0	0	0	0	0	0	0	0	0	0	0	0	0	0	0
Uniq2224	0	0	0	0	0	2	0	0	0	0	4	0	4	0	11	0	0	0	0	6	0	1	0	5	0	0	0	0	0	0	0	0	0	0	0	0	0	0	0	0	0	0	0	0	0	0	0	0
Uniq2386	0	0	0	0	0	2	0	0	0	0	2	0	3	0	10	0	0	0	0	6	0	2	0	4	0	0	0	0	0	0	0	0	0	0	0	0	0	0	0	0	0	0	0	0	0	0	0	0
Uniq2495	0	0	0	0	0	1	0	0	0	0	2	0	3	0	12	0	0	0	0	6	0	1	0	3	0	0	0	0	0	0	3	0	0	0	0	0	0	0	0	0	0	0	0	0	0	0	0	0
Uniq3620	0	0	0	0	0	0	0	0	0	0	0	0	0	0	0	0	0	0	1	0	0	1	0	1	0	1	0	0	0	0	0	0	0	0	0	0	0	0	0	0	0	1	1	0	1	1	0	0
Uniq2792	0	0	0	0	0	3	0	0	0	0	1	0	0	0	13	0	0	0	0	6	0	1	0	0	0	0	0	0	0	0	22	0	0	0	0	0	0	0	0	0	0	0	0	0	0	0	0	0
Uniq3247	0	0	0	0	0	1	0	0	0	0	3	0	4	0	10	0	0	0	0	6	0	1	0	4	0	0	0	0	0	0	0	0	0	0	0	0	0	0	0	0	0	0	0	0	0	0	0	0
Uniq1918	0	0	0	0	0	2	0	0	0	0	3	0	7	0	15	0	0	0	0	10	0	3	0	4	0	0	0	0	0	0	0	0	0	0	0	0	0	0	0	0	0	0	0	0	0	0	0	0
Uniq2470	0	0	0	0	0	1	0	0	0	0	3	0	5	0	9	0	0	0	0	4	0	1	0	4	0	0	0	0	0	0	0	0	0	0	0	0	0	0	0	0	0	0	0	0	0	0	0	0
Uniq2474	0	0	0	0	0	1	0	0	0	0	0	0	14	0	1	0	0	0	0	0	0	0	0	0	0	0	0	0	0	0	1	0	0	0	0	0	0	0	0	0	0	0	0	0	0	0	0	0
Uniq2685	0	0	0	0	0	1	0	0	0	0	1	0	3	0	3	0	0	0	0	5	0	1	0	2	0	0	0	0	0	0	0	0	0	0	0	0	0	0	0	0	0	0	0	0	0	0	0	0
Uniq1320	0	0	0	0	0	0	0	0	0	0	0	0	0	0	0	0	0	0	0	0	0	0	0	0	0	0	0	0	0	0	0	0	0	0	0	0	0	0	0	0	0	0	0	0	0	0	0	0
Uniq1507	0	0	0	0	0	2	0	0	0	0	6	0	8	0	22	0	0	0	0	14	0	2	0	8	0	0	0	0	0	0	0	0	0	0	0	0	0	0	0	0	0	0	0	0	0	0	0	0
Uniq2126	0	0	0	0	0	1	0	0	0	0	2	0	4	0	8	0	0	0	0	5	0	2	0	3	0	0	0	0	0	0	0	0	0	0	0	0	0	0	0	0	0	0	0	0	0	0	0	0
Uniq3208	0	0	0	0	0	0	0	0	0	0	0	0	0	0	0	0	0	0	0	0	0	0	0	0	0	0	0	0	0	0	0	0	0	0	0	0	0	0	0	0	0	0	0	0	0	0	0	0
Uniq2618	0	0	0	0	0	1	0	0	0	0	2	0	4	0	3	0	0	0	0	5	0	1	0	2	0	0	0	0	0	0	0	0	0	0	0	0	0	0	0	0	0	0	0	0	0	0	0	0
Uniq2486	0	0	0	0	0	1	0	0	0	0	3	0	3	0	14	0	0	0	0	7	0	2	0	4	0	0	0	0	0	0	5	0	0	0	0	0	0	0	0	0	0	0	0	0	0	0	0	0
Uniq4254	0	0	0	0	0	0	0	0	0	0	0	0	15	0	0	0	0	0	0	0	0	0	0	0	0	0	0	0	0	0	2	0	0	0	0	0	0	0	0	0	0	0	0	0	0	0	0	0
Uniq3109	0	0	0	0	0	1	0	0	0	0	1	0	3	0	6	0	0	0	0	4	0	1	0	2	0	0	0	0	0	0	0	0	0	0	0	0	0	0	0	0	0	0	0	0	0	0	0	0
Uniq4356	0	0	0	0	0	1	0	0	0	0	0	0	0	0	4	0	0	0	0	2	0	0	0	0	0	0	0	0	0	0	4	0	0	0	0	0	0	0	0	0	0	0	0	0	0	0	0	0
Uniq811	0	0	0	0	0	0	0	0	0	0	0	0	0	0	0	0	0	0	0	0	0	0	0	0	0	0	0	0	0	0	0	0	0	0	0	0	0	0	0	0	0	0	0	0	0	0	0	0
Uniq2897	0	0	0	0	0	0	0	0	0	0	0	0	19	0	1	0	0	0	0	0	0	0	0	0	0	0	0	0	0	0	2	0	0	0	1	0	0	0	0	0	0	0	0	0	0	0	0	0
Uniq3726	0	0	0	0	0	0	0	0	0	0	0	0	0	0	0	0	0	0	0	0	0	0	0	0	0	0	0	0	0	0	0	0	0	0	0	0	0	0	0	0	0	0	0	0	0	0	0	0
Uniq1882	0	0	0	0	0	0	0	0	0	0	0	0	36	0	2	0	0	0	0	0	0	0	0	0	0	0	0	0	1	0	4	0	1	0	1	0	1	0	1	0	2	0	1	0	0	0	0	0
Uniq2390	0	0	0	0	0	0	0	0	0	0	0	0	0	0	0	0	0	0	0	0	0	0	0	0	0	0	0	0	0	0	0	0	0	0	0	0	0	0	0	0	0	0	0	0	0	0	0	0
Uniq2907	0	0	0	0	0	0	0	0	0	0	0	0	12	0	1	0	0	0	0	0	0	0	0	0	0	0	0	0	0	0	1	0	0	0	0	0	0	0	0	0	1	0	0	0	0	0	0	0
Uniq665	0	0	0	0	0	0	0	0	0	0	11	0	57	0	8	0	0	0	0	13	0	6	0	4	0	0	0	0	0	0	0	0	0	0	0	0	0	0	0	0	0	0	0	0	0	0	0	0
Uniq2408	0	0	0	0	0	1	0	0	0	0	3	0	5	0	8	0	0	0	0	4	0	1	0	3	0	0	0	0	0	0	0	0	0	0	0	0	0	0	0	0	0	0	0	0	0	0	0	0
Uniq1919	0	0	0	0	0	2	0	0	0	0	3	0	6	0	20	0	0	0	0	10	0	1	0	6	0	0	0	0	0	0	0	0	0	0	0	0	0	0	0	0	0	0	0	0	0	0	0	0
Uniq2483	0	0	0	0	0	1	0	0	0	0	4	0	4	0	11	0	0	0	0	5	0	1	0	4	0	0	0	0	0	0	3	0	0	0	0	0	0	0	0	0	0	0	0	0	0	0	0	0
Uniq4104	0	0	0	0	0	0	0	0	0	0	0	0	0	0	0	0	0	0	0	0	0	0	0	0	0	0	0	0	0	0	0	0	0	0	0	0	0	0	0	0	0	0	0	0	0	0	0	0
Uniq3192	0	0	0	0	0	1	0	0	0	0	3	0	3	0	7	0	0	0	0	4	0	1	0	2	0	0	0	0	0	0	0	0	0	0	0	0	0	0	0	0	0	0	0	0	0	0	0	0
Uniq1278	0	0	0	0	0	0	0	0	0	0	0	0	0	0	0	0	0	0	4	1	3	3	4	2	3	3	3	0	0	0	0	0	0	0	0	0	0	0	0	2	2	2	2	4	2	3	4	2
Uniq1783	0	0	0	0	0	0	0	0	0	0	0	0	31	0	1	0	0	0	0	0	0	0	0	0	0	0	0	0	1	0	4	0	1	0	0	0	1	0	0	0	1	0	0	0	0	0	0	0
Uniq293	0	0	0	0	0	0	0	0	0	0	0	0	0	0	0	0	0	0	0	0	0	0	0	0	0	0	0	0	0	0	0	0	0	0	0	0	0	0	0	0	0	0	0	0	0	0	0	0
Uniq4137	0	0	0	0	0	0	0	0	0	0	0	0	0	0	0	0	0	0	0	0	0	0	0	0	0	0	0	0	0	0	0	0	0	0	0	0	0	0	0	0	0	0	0	0	0	0	0	0
Uniq1847	0	0	0	0	0	0	0	0	0	0	0	0	0	0	0	0	0	0	0	3	0	5	0	2	0	0	0	0	0	0	0	0	0	0	0	0	0	0	0	0	3	0	3	0	4	0	0	0
Uniq4040	0	0	0	0	0	0	0	0	0	0	0	0	8	0	0	0	0	0	0	0	0	0	0	0	0	0	0	0	1	0	1	0	0	0	0	0	0	0	0	0	0	0	0	0	0	0	0	0
Uniq3404	0	0	0	0	0	0	0	0	0	0	2	0	2	0	7	0	0	0	0	4	0	1	0	2	0	0	0	0	0	0	0	0	0	0	0	0	0	0	0	0	0	0	0	0	0	0	0	0
Uniq3750	0	0	0	0	0	0	0	0	0	0	0	0	0	0	0	0	0	0	0	0	0	0	0	0	0	0	0	0	0	0	0	0	0	0	0	0	0	0	0	0	0	0	0	0	0	0	0	0
Uniq1013	0	0	0	0	0	0	0	0	0	0	0	0	0	0	0	0	0	0	0	0	0	0	0	0	0	0	0	0	0	0	0	0	0	0	0	0	0	0	0	0	0	0	0	0	0	0	0	0
Uniq3445	0	0	0	0	0	0	0	0	0	0	0	0	0	0	0	0	0	0	0	0	0	0	0	0	0	0	0	0	0	0	0	0	0	0	0	0	0	0	0	0	0	0	0	0	0	0	0	0
Uniq3718	0	0	0	0	0	0	0	0	0	0	0	0	0	0	0	0	0	0	0	0	0	0	0	0	0	0	0	0	0	0	0	0	0	0	0	0	0	0	0	0	0	0	0	0	0	0	0	0
Uniq928	0	0	0	0	0	0	0	0	0	0	0	0	0	0	0	0	0	0	0	0	0	0	0	0	0	0	0	0	0	0	0	0	0	0	0	0	0	0	0	0	0	0	0	0	0	0	0	0
Uniq702	0	0	0	0	0	0	0	0	0	0	0	0	0	0	0	0	0	0	0	0	0	0	0	0	0	0	0	0	0	0	0	0	0	0	0	0	0	0	0	0	0	0	0	0	0	0	0	0
Uniq3327	0	0	0	0	0	0	0	0	0	0	0	0	0	0	0	0	0	0	0	0	0	0	0	0	0	0	0	0	0	0	0	0	0	0	0	0	0	0	0	0	0	0	0	0	0	0	0	0
Uniq3450	0	0	0	0	0	0	0	0	0	0	0	0	0	0	0	0	0	0	0	0	0	0	0	0	0	0	0	0	0	0	0	0	0	0	0	0	0	0	0	0	0	0	0	0	0	0	0	0
Uniq4168	0	0	0	0	0	0	0	0	0	0	0	0	11	0	1	0	0	0	0	0	0	0	0	0	0	0	0	0	0	0	2	0	0	0	0	0	0	0	0	0	0	0	0	0	0	0	0	0
Uniq2302	0	0	0	0	0	0	0	0	0	0	0	0	7	0	1	0	0	0	0	0	0	0	0	0	0	0	0	0	0	0	1	0	0	0	0	0	0	0	0	0	0	0	0	0	0	0	0	0
Uniq3638	0	0	0	0	0	0	0	0	0	0	0	0	0	0	0	0	0	0	1	0	0	1	0	1	1	0	1	0	0	0	0	0	0	0	0	0	0	0	0	0	0	1	1	0	1	1	1	0
Uniq3806	0	0	0	0	0	0	0	0	0	0	0	0	8	0	0	0	0	0	0	0	0	0	0	0	0	0	0	0	0	0	1	0	0	0	0	0	0	0	0	0	0	0	0	0	0	0	0	0
Uniq3727	0	0	0	0	0	0	0	0	0	0	0	0	0	0	0	0	0	0	0	0	0	0	0	0	0	0	0	0	0	0	0	0	0	0	0	0	0	0	0	0	0	0	0	0	0	0	0	0
Uniq2466	0	0	0	0	0	0	0	0	1	6	0	1	0	1	0	0	4	1	0	0	0	0	1	0	1	1	0	0	0	0	0	0	0	0	0	0	0	0	0	0	0	1	0	0	0	0	0	0
Uniq3307	0	0	0	0	0	0	1	1	1	1	0	0	0	4	0	1	1	1	0	0	0	0	0	0	1	1	0	4	0	3	0	3	0	6	0	4	0	4	0	0	0	0	0	0	0	0	0	0
Uniq1837	0	0	0	0	0	0	0	0	0	0	0	0	0	0	0	0	0	0	0	0	0	0	0	0	0	0	0	0	0	0	0	0	0	0	1	0	1	0	1	0	0	0	0	0	0	0	0	0
Uniq1475	0	0	0	0	0	0	0	0	0	0	0	0	0	0	0	0	0	0	0	0	0	0	0	0	0	0	0	0	0	0	0	0	0	0	0	0	0	0	0	0	0	0	0	0	0	0	0	0
Uniq1204	0	0	0	0	0	0	0	0	0	0	0	0	0	0	0	0	0	0	0	0	0	0	0	0	0	0	0	0	0	0	0	0	0	0	0	0	0	0	0	0	0	0	0	0	0	0	0	0
Uniq2882	0	0	0	0	0	0	0	0	0	0	0	0	0	0	0	0	0	0	0	0	0	0	0	0	0	0	0	0	0	0	0	0	0	0	0	1	0	0	0	0	0	0	0	0	0	0	0	0
Uniq1635	0	0	0	0	0	0	0	0	0	0	0	0	0	0	0	0	0	0	0	0	0	0	0	0	0	0	0	0	0	0	0	0	0	0	1	0	1	0	1	0	1	0	0	0	1	0	0	0
Uniq683	0	0	0	0	0	0	0	0	0	0	0	0	0	0	0	0	0	0	0	0	0	0	0	0	0	0	0	0	0	0	0	0	0	0	0	0	0	0	0	0	0	0	0	0	0	0	0	0
Uniq1385	0	0	0	0	0	0	0	0	0	0	0	0	0	0	0	0	0	0	0	0	0	0	0	0	0	0	0	0	0	0	0	0	0	0	0	0	0	0	0	0	0	0	0	0	0	0	0	0
Uniq4174	0	0	0	0	0	0	0	0	0	0	0	0	0	0	0	0	0	0	0	0	0	0	0	0	0	0	0	0	0	0	0	0	0	0	0	0	0	0	0	0	0	0	0	0	0	0	0	0
Uniq445	0	0	0	0	0	0	0	0	0	0	0	0	0	0	0	0	0	0	0	0	0	0	0	0	0	0	0	0	0	0	0	0	0	0	0	0	0	0	0	0	0	0	0	0	0	0	0	0
Uniq1427	0	0	0	0	0	0	0	0	0	0	0	0	0	0	0	0	0	0	0	0	0	0	0	0	0	0	0	0	0	0	0	0	0	0	0	0	0	0	0	0	0	0	0	0	0	0	0	0
Uniq4396	0	0	0	0	0	0	0	0	0	0	0	0	0	0	0	0	0	0	0	0	0	0	0	0	0	0	0	0	0	0	0	0	0	0	0	0	0	0	0	0	0	0	0	0	0	0	0	0
Uniq1664	0	0	0	0	0	0	0	0	0	0	0	0	0	0	0	0	0	0	0	0	0	0	0	0	0	0	0	0	0	0	0	0	0	0	1	0	1	0	2	0	0	0	0	0	1	0	0	0
Uniq1743	0	0	0	0	0	0	0	0	0	0	0	0	0	0	0	0	0	0	0	0	0	0	0	0	0	0	0	0	0	0	0	0	0	0	0	0	0	0	0	0	0	0	0	0	0	0	0	0
Uniq1138	0	0	0	0	0	0	0	0	0	0	0	0	0	0	0	0	0	0	0	0	0	0	0	0	0	0	0	0	0	0	0	0	0	0	0	0	0	0	0	0	0	0	0	0	0	0	0	0
Uniq789	0	0	0	0	0	0	0	0	0	0	0	0	0	0	0	0	0	0	0	0	0	0	0	0	0	0	0	0	0	0	0	0	0	0	0	0	0	0	0	0	0	0	0	0	0	0	0	0
Uniq2615	0	0	0	0	0	0	0	0	0	0	0	0	0	0	0	0	0	0	0	0	0	0	0	0	0	0	0	0	0	0	0	0	0	0	0	0	0	0	0	0	0	0	0	0	0	0	0	0
Uniq4049	0	0	0	0	0	0	0	0	0	0	0	0	0	0	0	0	0	0	0	0	0	0	0	0	0	0	0	0	0	0	0	0	0	0	0	0	0	0	0	0	0	0	0	0	0	0	0	0
Uniq791	0	0	0	0	0	0	0	0	0	0	0	0	0	0	0	0	0	0	0	0	0	0	0	0	0	0	0	0	0	0	0	0	0	0	0	0	0	0	0	0	0	0	0	0	0	0	0	0
Uniq1925	0	0	0	0	0	0	0	0	0	0	0	0	0	0	0	0	0	0	0	0	0	0	0	0	0	0	0	0	0	0	0	0	0	0	0	0	0	0	0	0	0	0	0	0	0	0	0	0
Uniq635	0	0	0	0	0	0	0	0	0	0	0	0	0	0	0	0	0	0	0	0	0	0	0	0	0	0	0	0	0	0	0	0	0	0	0	0	0	0	0	0	0	0	0	0	0	0	0	0
Uniq1346	0	0	0	0	0	0	1	0	0	0	0	0	0	0	0	0	0	0	0	0	0	0	0	0	0	0	0	0	0	0	0	0	0	0	0	0	0	0	0	0	0	0	0	0	0	0	0	0
Uniq1337	0	0	0	0	0	0	0	0	0	0	0	0	0	0	0	0	0	0	0	0	0	0	0	0	0	0	0	0	0	0	0	0	0	0	0	0	0	0	0	0	0	0	0	0	0	0	0	0
Uniq1777	0	0	0	0	0	0	0	0	0	0	0	0	0	0	0	0	0	0	0	0	0	0	0	0	0	0	0	0	0	0	0	0	0	0	0	0	0	0	0	0	0	0	0	0	0	0	0	0
Uniq3576	0	0	0	0	0	0	1	1	0	2	0	0	0	4	0	0	0	1	0	0	0	0	1	0	0	0	0	1	0	2	0	2	0	5	0	2	0	2	0	0	0	0	0	0	0	0	0	0
Uniq3319	0	0	0	0	0	0	0	0	0	1	0	0	0	0	0	0	1	0	0	0	0	0	0	0	0	1	0	0	0	0	0	0	0	0	0	0	0	0	0	0	0	0	0	0	0	0	0	0
Uniq2777	0	0	0	0	0	0	0	0	0	0	0	0	0	0	0	0	0	0	0	0	0	0	0	0	0	0	0	0	0	0	0	0	0	0	0	0	0	0	0	0	0	0	0	0	0	0	0	0
Uniq2970	0	0	0	0	0	0	1	1	0	3	0	1	0	7	0	1	1	3	0	0	0	0	1	0	1	0	0	4	0	5	0	6	0	8	0	5	0	4	0	0	0	0	0	0	0	0	0	0
Uniq3162	0	0	0	0	0	0	0	0	0	0	0	0	0	0	0	0	0	0	0	0	0	0	0	0	0	0	0	0	0	0	0	0	0	0	0	0	0	0	0	0	0	0	0	0	0	0	0	0
Uniq616	0	0	0	0	0	0	0	0	0	0	0	0	0	0	0	0	0	0	0	0	0	0	0	0	0	0	0	0	0	0	0	0	0	0	0	0	0	0	0	0	0	0	0	0	0	0	0	0
Uniq2084	0	0	0	0	0	0	0	0	0	0	0	0	0	0	0	0	0	0	0	0	0	0	0	0	0	0	0	0	0	0	0	0	0	0	0	0	0	0	0	0	0	0	0	0	0	0	0	0
Uniq3472	0	0	0	0	0	0	0	0	0	0	0	0	0	0	0	0	0	0	0	0	0	0	0	0	0	0	0	0	0	0	0	0	0	0	0	0	0	0	0	0	0	0	0	0	0	0	0	0
Uniq2113	0	0	0	0	0	0	0	0	0	0	0	0	0	0	0	0	0	0	0	0	0	0	0	0	0	0	0	0	0	0	0	0	0	0	0	0	1	0	1	0	1	0	0	0	0	0	0	0
Uniq2514	0	0	0	0	0	0	0	0	0	0	0	0	0	0	0	0	0	0	0	0	0	0	0	0	0	0	0	0	0	0	0	0	0	0	0	0	0	0	0	0	0	0	0	0	0	0	0	0
Uniq507	0	0	0	0	0	0	0	0	0	0	0	0	0	0	0	0	0	0	0	0	0	0	0	0	0	0	0	0	0	0	0	0	0	0	0	0	0	0	0	0	0	0	0	0	0	0	0	0
Uniq626	0	0	0	0	0	0	0	0	0	0	0	0	0	0	0	0	0	0	0	0	0	0	0	0	0	0	0	0	0	0	0	0	0	0	0	0	0	0	0	0	0	0	0	0	0	0	0	0
Uniq185	0	0	0	0	0	0	0	0	0	0	0	0	0	0	0	0	0	0	0	0	0	0	0	0	0	0	0	0	0	0	0	0	0	0	0	0	0	0	0	0	0	0	0	0	0	0	0	0
Uniq1245	0	0	0	0	0	0	0	0	0	0	0	0	0	0	0	0	0	0	0	0	0	0	0	0	0	0	0	0	0	0	0	0	0	0	0	0	0	0	0	0	0	0	0	0	0	0	0	0
Uniq1716	0	0	0	0	0	0	0	0	0	0	0	0	0	0	0	0	0	0	0	0	0	0	0	0	0	0	0	0	0	0	0	0	0	0	0	0	0	0	0	0	0	0	0	0	0	0	0	0
Uniq1037	0	0	0	0	0	0	0	0	0	0	0	0	0	0	0	0	0	0	0	0	0	0	0	0	0	0	0	0	0	0	0	0	0	0	0	0	0	0	0	0	0	0	0	0	0	0	0	0
Uniq4483	0	0	0	0	0	0	0	0	0	1	0	0	0	2	0	1	0	1	0	0	0	0	1	0	0	1	0	1	0	2	0	3	0	4	0	3	0	2	0	0	0	0	0	0	0	0	0	0
Uniq2835	0	0	0	0	0	0	0	0	0	0	0	0	0	0	0	0	0	0	0	0	0	0	0	0	0	0	0	0	0	0	0	0	0	0	0	0	0	0	0	0	0	0	0	0	0	0	0	0
Uniq2576	0	0	0	0	0	0	0	0	0	0	0	10	0	1	0	1	0	1	1	0	0	0	0	0	0	0	1	0	0	0	0	0	0	0	0	0	0	0	0	0	0	0	0	0	0	0	0	0
Uniq4495	0	0	0	0	0	0	0	0	0	0	0	0	0	0	0	0	0	0	0	0	0	0	0	0	0	0	0	0	0	0	0	0	0	0	0	0	0	0	0	0	0	0	0	0	0	0	0	0
Uniq1137	0	0	0	0	0	0	0	0	0	0	0	0	0	0	0	0	0	0	0	0	0	0	0	0	0	0	0	0	0	0	0	0	0	0	0	0	0	0	0	0	0	0	0	0	0	0	0	0
Uniq3560	0	0	0	0	0	0	0	0	0	2	0	3	0	6	0	3	15	13	2	0	1	0	1	0	2	0	0	0	0	0	0	0	0	0	0	0	0	0	0	0	0	0	0	0	0	0	0	0
Uniq1378	0	0	0	0	0	0	0	0	0	0	0	0	0	0	0	0	0	0	0	0	0	0	0	0	0	0	0	0	0	0	0	0	0	0	0	0	0	0	0	0	0	0	0	0	0	0	0	0
Uniq3751	0	0	0	0	0	0	0	0	0	0	0	0	0	0	0	0	0	0	0	0	0	0	0	0	0	0	0	0	0	0	0	0	0	0	0	0	0	0	0	0	0	0	0	0	0	0	0	0
Uniq1582	0	0	0	0	0	0	0	0	0	0	0	0	0	0	0	0	0	0	0	0	0	0	0	0	0	0	0	0	0	0	0	0	0	0	0	0	1	0	1	0	1	0	0	0	1	0	0	0
Uniq557	0	0	0	0	0	0	0	0	0	0	0	0	0	0	0	0	0	0	0	0	0	0	0	0	0	0	0	0	0	0	0	0	0	0	0	0	0	0	0	0	0	0	0	0	0	0	0	0
Uniq576	0	0	0	0	0	0	0	0	0	0	0	0	0	0	0	0	0	0	0	0	0	0	0	0	0	0	0	0	0	0	0	0	0	0	0	0	0	0	0	0	0	0	0	0	0	0	0	0
Uniq3390	0	0	0	0	0	0	0	0	0	0	0	0	0	0	0	0	0	0	0	0	0	0	0	0	0	0	0	0	0	0	0	0	0	0	0	0	0	0	0	0	0	0	0	0	0	0	0	0
Uniq3563	0	0	0	0	0	0	0	0	0	1	0	0	0	1	0	0	1	0	0	0	0	0	0	0	0	1	0	1	0	2	0	0	0	1	0	1	0	1	0	0	0	0	0	0	0	0	0	0
Uniq1872	0	0	0	0	0	0	0	0	1	2	0	9	0	4	0	5	3	3	1	0	0	0	2	0	1	2	0	0	0	0	0	0	0	0	0	0	0	0	0	0	0	0	0	1	0	1	0	0
Uniq3328	0	0	0	0	0	0	0	0	0	0	0	5	0	1	0	0	0	0	0	0	1	0	0	0	0	0	0	0	0	0	0	0	0	0	0	0	0	0	0	0	0	0	0	0	0	0	0	0
Uniq2832	0	0	0	0	0	0	0	0	0	0	0	0	0	0	0	0	0	0	0	0	0	0	0	0	0	0	0	0	0	0	0	0	0	0	0	0	0	0	0	0	0	0	0	0	0	0	0	0
Uniq4316	0	0	0	0	0	0	0	0	0	6	0	3	0	4	0	2	8	6	1	0	3	0	3	0	1	1	0	0	0	0	0	0	0	0	0	0	0	0	0	0	0	0	0	0	0	0	0	0
Uniq2144	0	0	0	0	0	0	0	0	0	0	0	0	0	0	0	0	0	0	0	0	0	0	0	0	0	0	0	0	0	0	0	0	0	0	0	0	0	0	0	0	0	0	0	0	0	0	0	0
Uniq2684	0	0	0	0	0	0	0	0	0	0	0	0	0	0	0	0	0	0	0	0	0	0	0	0	0	0	0	0	0	0	0	0	0	0	0	0	0	0	0	0	0	0	0	0	0	0	0	0
Uniq2590	0	0	0	0	0	0	0	0	0	0	0	0	0	0	0	0	0	0	0	0	0	0	0	0	0	0	0	0	0	0	0	0	0	0	0	0	0	0	0	0	0	0	0	0	0	0	0	0
Uniq3271	0	0	0	0	0	0	0	0	0	0	0	0	0	0	0	0	0	0	0	0	0	0	0	0	0	0	0	0	0	0	0	0	0	0	0	0	0	0	0	0	0	0	0	0	0	0	0	0
Uniq1058	0	0	0	0	0	0	0	0	0	0	0	0	0	0	0	0	0	0	0	0	0	0	0	0	0	0	0	0	0	0	0	0	0	0	0	0	0	0	0	0	0	0	0	0	0	0	0	0
Uniq3461	0	0	0	0	0	0	0	0	0	0	0	0	0	0	0	0	0	0	0	0	0	0	0	0	0	0	0	0	0	0	0	0	0	0	0	0	0	0	0	0	0	0	0	0	0	0	0	0
Uniq1964	0	0	0	0	0	0	0	0	0	0	0	0	0	0	0	0	0	0	0	0	0	0	0	0	0	0	0	0	0	0	0	0	0	0	0	0	0	0	0	0	0	0	0	0	0	0	0	0
Uniq1039	0	0	0	0	0	0	0	0	0	0	0	0	0	0	0	0	0	0	0	0	0	0	0	0	0	0	0	0	0	0	0	0	0	0	0	0	0	0	0	0	0	0	0	0	0	0	0	0
Uniq3505	0	0	0	0	0	0	0	0	0	0	0	0	0	0	0	0	0	0	0	0	0	0	0	0	0	0	0	0	0	0	0	0	0	0	0	0	0	0	0	0	0	0	0	0	0	0	0	0
Uniq1103	0	0	0	0	0	0	0	0	0	0	0	0	0	0	0	0	0	0	0	0	0	0	0	0	0	0	0	0	0	0	0	0	0	0	0	0	0	0	0	0	0	0	0	0	0	0	0	0
Uniq782	0	0	0	0	0	0	0	0	0	0	0	0	0	0	0	0	0	0	0	0	0	0	0	0	0	0	0	0	0	0	0	0	0	0	0	0	0	0	0	0	0	0	0	0	0	0	0	0
Uniq834	0	0	0	0	0	0	0	0	0	0	0	0	0	0	0	0	0	0	0	0	0	0	0	0	0	0	0	0	0	0	0	0	0	0	0	0	0	0	0	0	0	0	0	0	0	0	0	0
Uniq3353	0	0	0	0	0	0	0	0	0	0	0	0	0	0	0	0	0	0	0	0	0	0	0	0	0	0	0	0	0	0	0	0	0	0	0	0	0	0	0	0	0	0	0	0	0	0	0	0
Uniq1712	0	0	0	0	0	0	0	0	0	0	0	0	0	0	0	0	0	0	0	0	0	0	0	0	0	0	0	0	0	0	0	0	0	0	0	0	0	0	0	0	0	0	0	0	0	0	0	0
Uniq477	0	0	0	0	0	0	0	0	0	0	0	0	0	0	0	0	0	0	0	0	0	0	0	0	0	0	0	0	0	0	0	0	0	0	0	0	0	0	0	0	0	0	0	0	0	0	0	0
Uniq1148	0	0	0	0	0	0	0	0	0	0	0	0	0	0	0	0	0	0	0	0	0	0	0	0	0	0	0	0	0	0	0	0	0	0	0	0	0	0	0	0	0	0	0	0	0	0	0	0
Uniq747	0	0	0	0	0	0	0	0	0	0	0	0	0	0	0	0	0	0	0	0	0	0	0	0	0	0	0	0	0	0	0	0	0	0	0	0	0	0	0	0	0	0	0	0	0	0	0	0
Uniq335	0	0	0	0	0	0	0	0	0	0	0	0	0	0	0	1	0	0	0	0	0	0	0	0	0	0	0	0	0	0	0	0	0	0	0	0	0	0	0	0	0	0	0	0	0	0	0	0
Uniq2666	0	0	0	0	0	0	0	0	0	9	0	1	0	1	0	1	0	1	0	0	0	0	0	0	0	0	0	0	0	0	0	0	0	0	0	0	0	0	0	0	0	0	0	0	0	0	0	0
Uniq723	0	0	0	0	0	0	0	0	0	0	0	0	0	0	0	0	0	0	0	0	0	0	0	0	0	0	0	0	0	0	0	0	0	0	0	0	0	0	0	0	0	0	0	0	0	0	0	0
Uniq3769	0	0	0	0	0	0	0	0	0	0	0	0	0	0	0	0	0	0	0	0	0	0	0	0	0	0	0	0	0	0	0	0	0	0	0	0	0	0	0	0	0	0	0	0	0	0	0	0
Uniq2071	0	0	0	0	0	0	0	0	0	0	0	0	0	0	0	0	0	0	0	0	0	0	0	0	0	0	0	0	0	0	0	0	0	0	0	0	0	0	0	0	0	0	0	0	0	0	0	0
Uniq1088	0	0	0	0	0	0	0	0	0	0	0	0	0	0	0	0	0	0	0	0	0	0	0	0	0	0	0	0	0	0	0	0	0	0	0	0	0	0	0	0	0	0	0	0	0	0	0	0
Uniq290	0	0	0	0	0	0	0	0	0	0	0	0	0	0	0	0	0	0	0	0	0	0	0	0	0	0	0	0	0	0	0	0	0	0	0	0	0	0	0	0	0	0	0	0	0	0	0	0
Uniq1839	0	0	0	0	0	0	0	0	0	0	0	0	0	0	0	0	0	0	0	0	0	0	0	0	0	0	0	0	0	0	0	0	0	0	0	0	0	0	0	0	0	0	0	0	0	0	0	0
Uniq2374	0	0	0	0	0	0	0	0	0	5	0	2	0	2	0	0	4	4	1	0	1	0	1	0	1	1	0	0	0	0	0	0	0	0	0	0	0	0	0	0	0	0	0	0	0	0	0	0
Uniq3797	0	0	0	0	0	0	0	0	0	0	0	0	0	0	0	0	0	0	0	0	0	0	0	0	0	0	0	0	0	0	0	0	0	0	0	0	0	0	0	0	0	0	0	0	0	0	0	0
Uniq1519	0	0	0	0	0	0	0	0	0	0	0	0	0	0	0	0	0	0	0	0	0	0	0	0	0	0	0	0	0	0	0	0	0	0	0	0	0	0	0	0	0	0	0	0	0	0	0	0
Uniq826	0	0	0	0	0	0	0	0	0	0	0	0	0	0	0	0	0	0	0	0	0	0	0	0	0	0	0	0	0	0	0	0	0	0	0	0	0	0	0	0	0	0	0	0	0	0	0	0
Uniq2196	0	0	0	0	0	0	0	0	0	0	0	0	0	0	0	0	0	0	0	0	0	0	0	0	0	0	0	0	0	0	0	0	0	0	0	0	0	0	0	0	0	0	0	0	0	0	0	0
Uniq2718	0	0	0	0	0	0	0	0	0	2	0	0	0	2	0	1	0	1	0	0	0	0	0	0	1	0	0	1	0	1	0	2	0	3	0	2	0	2	0	0	0	0	0	0	0	0	0	0
Uniq2951	0	0	0	0	0	0	0	0	0	16	0	3	0	2	0	2	1	2	0	0	0	0	0	0	1	1	2	1	0	0	0	0	0	0	0	0	0	0	0	0	0	1	0	1	0	0	0	0
Uniq3254	0	0	0	0	0	0	0	0	0	0	0	1	0	0	0	0	0	1	0	0	0	0	0	0	0	0	0	0	0	0	0	0	0	0	0	0	0	0	0	0	0	0	0	1	0	0	0	0
Uniq3948	0	0	0	0	0	0	0	0	0	0	2	0	4	0	2	1	0	0	0	2	0	0	1	1	0	0	0	0	0	0	0	0	0	0	0	0	0	0	0	0	0	0	0	0	0	0	0	0
Uniq286	0	0	0	0	0	0	0	0	0	0	0	0	0	0	0	0	0	0	0	0	0	0	0	0	0	0	0	0	0	0	0	0	0	0	0	0	0	0	0	0	0	0	0	0	0	0	0	0
Uniq1319	0	0	0	0	0	0	0	0	0	0	0	0	0	0	0	0	0	0	0	0	0	0	0	0	0	0	0	0	0	0	0	0	0	0	0	0	0	0	0	0	0	0	0	0	0	0	0	0
Uniq2276	0	0	0	0	0	0	0	0	0	0	0	0	0	0	0	0	0	0	0	0	0	0	0	0	0	0	0	0	0	0	0	0	0	0	0	0	0	0	0	0	0	0	0	0	0	0	0	0
Uniq4151	0	0	0	0	0	0	0	0	0	0	0	0	0	0	0	0	0	0	0	0	0	0	0	0	0	0	0	0	0	0	0	0	0	0	0	0	0	0	0	0	0	0	0	0	0	0	0	0
Uniq726	0	0	0	0	0	0	0	0	0	0	0	0	0	0	0	0	0	0	0	0	0	0	0	0	0	0	0	0	0	0	0	0	0	0	0	0	0	0	0	0	0	0	0	0	0	0	0	0
Uniq295	0	0	0	0	0	0	0	0	0	0	0	0	0	0	0	0	0	0	0	0	0	0	0	0	0	0	0	0	0	0	0	0	0	0	0	0	0	0	0	0	0	0	0	0	0	0	0	0
Uniq2304	0	0	0	0	0	0	0	0	0	0	0	8	0	2	0	6	2	1	1	0	0	0	2	0	1	2	1	0	0	0	0	0	0	0	0	0	0	0	0	0	0	0	0	0	0	0	0	0
Uniq3467	0	0	0	0	0	0	0	0	0	0	0	0	0	0	0	0	0	0	0	0	0	0	0	0	0	0	0	0	0	0	0	0	0	0	0	0	0	0	0	0	0	0	0	0	0	0	0	0
Uniq1068	0	0	0	0	0	0	0	0	0	0	0	0	0	0	0	0	0	0	0	0	0	0	0	0	0	0	0	0	0	0	0	0	0	0	0	0	0	0	0	0	0	0	0	0	0	0	0	0
Uniq2831	0	0	0	0	0	0	0	0	0	0	0	0	0	0	0	0	0	0	0	0	0	0	0	0	0	0	0	0	0	0	0	0	0	0	0	0	0	0	0	0	0	0	0	0	0	0	0	0
Uniq1205	0	0	0	0	0	0	0	0	0	0	0	0	0	0	0	0	0	0	0	0	0	0	0	0	0	0	0	0	0	0	0	0	0	0	0	0	0	0	0	0	0	0	0	0	0	0	0	0
Uniq246	0	0	0	0	0	0	0	0	0	0	0	0	0	0	0	0	0	0	0	0	0	0	0	0	0	0	0	0	0	0	0	0	0	0	0	0	0	0	0	0	0	0	0	0	0	0	0	0
Uniq2320	0	0	0	0	0	0	0	0	0	0	0	0	0	0	0	0	0	0	0	0	0	0	0	0	0	0	0	0	0	0	0	0	0	0	0	0	0	0	0	0	0	0	0	0	0	0	0	0
Uniq850	0	0	0	0	0	0	0	0	0	0	0	0	0	0	0	0	0	0	0	0	0	0	0	0	0	0	0	0	0	0	0	0	0	0	0	0	0	0	0	0	0	0	0	0	0	0	0	0
Uniq1238	0	0	0	0	0	0	0	0	0	0	0	0	0	0	0	0	0	0	0	0	0	0	0	0	0	0	0	0	0	0	0	0	0	0	0	0	0	0	0	0	0	0	0	0	0	0	0	0
Uniq4052	0	0	0	0	0	0	0	0	0	0	0	0	0	0	0	0	0	0	0	0	0	0	0	0	0	0	0	0	0	0	0	0	0	0	0	0	0	0	0	0	0	0	0	0	0	0	0	0
Uniq2454	0	0	0	0	0	0	0	0	0	2	0	6	0	14	0	5	31	27	4	0	4	0	5	0	5	1	2	0	0	0	0	0	0	0	0	0	0	0	0	0	0	0	0	0	0	0	0	0
Uniq3283	0	0	0	0	0	0	0	0	1	0	0	0	0	0	0	0	0	0	0	0	0	0	0	0	0	0	0	0	0	0	0	0	0	0	0	0	0	0	0	0	0	0	0	0	0	0	0	0
Uniq2379	0	0	0	0	0	0	0	0	0	6	0	3	0	4	0	1	6	3	1	0	1	0	2	0	1	1	0	0	0	0	0	0	0	0	0	0	0	0	0	0	0	0	0	0	0	0	0	0
Uniq2598	0	0	0	0	0	0	0	0	1	0	0	5	0	1	0	0	0	0	0	0	0	0	0	0	0	0	0	0	0	0	0	0	0	0	0	0	0	0	0	0	0	0	0	0	0	0	0	0
Uniq906	0	0	0	0	0	0	0	0	0	0	0	0	0	0	0	0	0	0	0	0	0	0	0	0	0	0	0	0	0	0	0	0	0	0	0	0	0	0	0	0	0	0	0	0	0	0	0	0
Uniq155	0	0	0	0	0	0	0	0	0	0	0	0	0	0	0	0	0	0	0	0	0	0	0	0	0	0	0	0	0	0	0	1	0	0	0	0	0	0	0	0	0	0	0	0	0	0	0	0
Uniq1754	0	0	0	0	0	0	0	0	0	7	0	6	0	4	0	2	9	6	1	0	2	0	2	0	1	1	0	0	0	0	0	0	0	0	0	0	0	0	0	0	0	0	0	0	0	0	0	0
Uniq967	0	0	0	0	0	0	0	0	0	0	0	0	0	0	0	0	0	0	0	0	0	0	0	0	0	0	0	0	0	0	0	0	0	0	3	0	4	0	3	0	2	0	1	0	2	0	0	0
Uniq819	0	0	0	0	0	0	0	0	0	0	0	0	0	0	0	0	0	0	0	0	0	0	0	0	0	0	0	0	0	0	0	0	0	0	0	0	0	0	0	0	0	0	0	0	0	0	0	0
Uniq3178	0	0	0	0	0	0	0	0	0	1	0	5	0	1	0	1	1	1	0	0	0	0	1	0	0	0	0	0	0	0	0	0	0	0	0	0	0	0	0	0	0	0	0	0	0	0	0	0
Uniq3707	0	0	0	0	0	0	0	0	0	0	0	0	0	0	0	0	0	0	0	0	0	0	0	0	0	0	0	0	0	0	0	0	0	0	0	0	0	0	0	0	0	0	0	0	0	0	0	0
Uniq1934	0	0	0	0	0	0	0	0	0	0	0	0	0	0	0	0	0	0	0	0	0	0	0	0	0	0	0	0	0	0	0	0	0	0	0	0	0	0	0	0	0	0	0	0	0	0	0	0
Uniq3564	0	0	0	0	0	0	0	0	0	0	0	0	0	0	0	0	0	0	0	0	0	0	0	0	0	0	0	0	0	0	0	0	0	0	0	0	0	0	0	0	0	0	0	0	0	0	0	0
Uniq516	0	0	0	0	0	0	0	0	0	0	0	0	0	0	0	0	0	0	0	0	0	0	0	0	0	0	0	0	0	0	0	0	0	0	0	0	0	0	0	0	0	0	0	0	0	0	0	0
Uniq490	0	0	0	0	0	0	0	0	0	0	0	0	0	0	0	0	0	0	0	0	0	0	0	0	0	0	0	0	0	0	0	0	0	0	0	0	0	0	0	0	0	0	0	0	0	0	0	0
Uniq274	0	0	0	0	0	0	0	0	0	0	0	0	0	0	0	0	0	0	0	0	0	0	0	0	0	0	0	0	0	0	0	0	0	1	0	0	0	0	0	0	0	0	0	0	0	0	0	0
Uniq3077	0	0	0	0	0	0	0	0	0	1	0	9	0	3	0	4	1	1	0	0	0	0	2	0	1	2	0	0	0	0	0	0	0	0	0	0	0	0	0	0	0	0	0	0	0	0	0	0
Uniq1846	0	0	0	0	0	0	0	0	0	0	0	0	0	0	0	0	0	0	0	0	0	0	0	0	0	0	0	0	0	0	0	0	0	0	0	0	0	0	0	0	0	0	0	0	0	0	0	0
Uniq435	0	0	0	0	0	0	0	0	0	0	0	0	0	0	0	0	0	0	0	0	0	0	0	0	0	0	0	0	0	0	0	0	0	0	0	0	0	0	0	0	0	0	0	0	0	0	0	0
Uniq454	0	0	0	0	0	0	0	0	1	0	0	0	0	0	0	0	0	0	0	0	0	0	0	0	0	0	0	0	0	0	0	0	0	0	0	0	0	0	0	0	0	0	0	0	0	0	0	0
Uniq742	0	0	0	0	0	0	0	0	0	0	0	0	0	0	0	0	0	0	0	0	0	0	0	0	0	0	0	0	0	0	0	0	0	0	0	0	0	0	0	0	0	0	0	0	0	0	0	0
Uniq2778	0	0	0	0	0	0	0	0	0	0	0	0	0	0	0	0	0	0	0	0	0	0	0	0	0	0	0	0	0	0	0	0	0	0	0	0	0	0	0	0	0	0	0	0	0	0	0	0
Uniq1901	0	0	0	0	0	0	0	0	0	8	0	4	0	5	0	1	9	6	1	0	2	0	2	0	2	2	0	0	0	0	0	0	0	0	0	0	0	0	0	0	0	0	0	0	0	0	0	0
Uniq4331	0	0	0	0	0	0	0	0	0	0	0	0	0	0	0	0	0	0	0	0	0	0	0	0	0	0	0	0	0	0	0	0	0	0	0	0	0	0	0	0	0	0	0	0	0	0	0	0
Uniq2551	0	0	0	0	0	0	0	0	0	5	0	5	0	3	0	0	5	5	1	0	1	0	1	0	1	1	0	0	0	0	0	0	0	0	0	0	0	0	0	0	0	0	0	0	0	0	0	0
Uniq1672	0	0	0	0	0	0	0	0	0	1	0	14	0	4	0	1	0	2	1	0	1	0	2	0	0	1	0	0	0	0	0	0	0	0	0	0	0	1	0	0	0	0	0	1	0	0	0	0
Uniq889	0	0	0	0	0	0	0	0	0	0	0	0	0	0	0	0	0	0	0	0	0	0	0	0	0	0	0	0	0	0	0	0	0	0	0	0	0	0	0	0	0	0	0	0	0	0	0	0
Uniq1151	0	0	0	0	0	0	0	0	0	0	0	0	0	0	0	0	0	0	0	0	0	0	0	0	0	0	0	0	0	0	0	0	0	0	0	0	0	0	0	0	0	0	0	0	0	0	0	0
Uniq2244	0	0	0	0	0	0	0	0	0	0	0	0	0	0	0	0	0	0	0	0	0	0	0	0	0	0	0	0	0	0	0	0	0	0	0	0	0	0	0	0	0	0	0	0	0	0	0	0
Uniq3183	0	0	0	0	0	0	0	0	0	0	0	0	0	0	0	0	0	0	0	0	0	0	0	0	0	0	0	0	0	0	0	0	0	0	0	0	0	0	0	0	0	0	0	0	0	0	0	0
Uniq371	0	0	0	0	0	0	0	0	0	0	0	0	0	0	0	0	0	0	0	0	0	0	0	0	0	0	0	0	0	0	0	0	0	0	0	0	0	0	0	0	0	0	0	0	0	0	0	0
Uniq211	0	0	0	0	0	0	0	0	0	0	0	0	0	0	0	0	0	0	0	0	0	0	0	0	0	0	0	0	0	0	0	0	0	0	0	0	0	0	0	0	0	0	0	0	0	0	0	0
Uniq4436	0	0	0	0	0	0	0	0	0	0	0	0	0	0	0	0	0	0	0	0	0	0	0	0	0	0	0	0	0	0	0	0	0	0	0	0	0	0	0	0	0	0	0	0	0	0	0	0
Uniq3022	0	0	0	0	0	0	0	0	0	0	0	0	0	0	0	0	0	0	0	0	0	0	0	0	0	0	0	0	0	0	0	0	0	0	0	0	0	0	0	0	0	0	0	0	0	0	0	0
Uniq3796	0	0	0	0	0	0	0	0	0	0	0	0	0	0	0	0	0	0	0	0	0	0	0	0	0	0	0	0	0	0	0	0	0	0	0	0	0	0	0	0	0	0	0	0	0	0	0	0
Uniq4169	0	0	0	0	0	0	0	0	0	2	0	2	0	6	0	3	12	12	1	0	2	0	2	0	2	1	1	0	0	0	0	0	0	0	0	0	0	0	0	0	0	0	0	0	0	0	0	0
Uniq3034	0	0	0	0	0	0	0	0	0	0	0	0	0	0	0	0	0	0	0	0	0	0	0	0	0	0	0	0	0	0	0	0	0	0	0	0	0	0	0	0	0	0	0	0	0	0	0	0
Uniq1729	0	0	0	0	0	0	0	0	0	0	0	0	0	0	0	0	0	0	0	0	0	0	0	0	0	0	0	0	0	0	0	0	0	0	0	0	0	0	0	0	0	0	0	0	0	0	0	0
Uniq2659	0	0	0	0	0	0	0	0	0	0	0	0	0	0	0	0	0	0	0	0	0	0	0	0	0	0	0	0	0	0	0	0	0	0	0	0	0	0	0	0	0	0	0	0	0	0	0	0
Uniq3983	0	0	0	0	0	0	0	0	0	0	0	0	0	0	0	0	0	0	0	0	0	0	0	0	0	0	0	0	0	0	0	0	0	0	0	0	0	0	0	0	0	0	0	0	0	0	0	0
Uniq1490	0	0	0	0	0	0	0	0	0	0	0	0	0	0	0	0	0	0	6	3	3	5	4	4	4	3	4	0	0	0	0	0	0	0	0	0	0	0	0	3	4	3	5	5	4	6	5	3
Uniq2308	0	0	0	0	0	0	0	0	0	1	0	5	0	0	0	0	0	1	0	0	0	0	0	0	0	0	0	0	0	0	0	0	0	0	0	0	0	0	0	0	0	0	0	0	0	0	0	0
Uniq2258	0	0	0	0	0	0	0	0	0	0	0	0	0	0	0	0	0	0	0	0	0	0	0	0	0	0	0	0	0	0	0	0	0	0	0	0	0	0	0	0	0	0	0	0	0	0	0	0
Uniq1973	0	0	0	0	0	0	0	0	0	22	0	3	0	2	0	2	0	1	1	0	0	0	0	0	0	1	1	1	0	1	0	0	0	0	0	0	0	0	0	0	0	0	0	1	0	0	0	0
Uniq1951	0	0	0	0	0	0	0	0	0	5	0	4	0	2	0	0	7	6	1	0	0	0	1	0	1	1	0	0	0	0	0	0	0	0	0	0	0	0	0	0	0	0	0	0	0	0	0	0
Uniq1339	0	0	0	0	0	0	0	0	0	15	0	8	0	7	0	2	17	12	1	0	3	0	4	0	2	3	0	0	0	0	0	0	0	0	0	0	0	0	0	0	0	0	0	0	0	0	0	0
Uniq1476	0	0	0	0	0	0	0	0	0	0	0	0	0	0	0	0	0	0	0	0	0	0	0	0	0	0	0	0	0	0	0	0	0	0	0	0	0	0	0	0	0	0	0	0	0	0	0	0
Uniq4376	0	0	0	0	0	0	0	0	0	1	0	4	0	1	0	2	1	0	0	0	0	0	1	0	1	1	0	0	0	0	0	0	0	0	0	0	0	0	0	0	0	0	0	0	0	0	0	0
Uniq2998	0	0	0	0	0	0	0	0	0	6	0	1	0	0	0	1	0	1	0	0	0	0	0	0	0	0	1	0	0	0	0	0	0	0	0	0	0	0	0	0	0	0	0	0	0	0	0	0
Uniq4304	0	0	0	0	0	0	0	0	0	1	0	1	0	0	0	0	3	2	0	0	0	0	0	0	0	0	0	0	0	0	0	0	0	0	0	0	0	0	0	0	0	0	0	0	0	0	0	0
Uniq3408	0	0	0	0	0	0	0	0	0	9	0	26	0	6	0	0	9	5	6	0	0	0	2	0	5	1	0	0	0	1	0	0	0	0	0	0	0	0	0	0	0	3	0	7	0	1	0	0
Uniq4141	0	0	0	0	0	0	0	0	0	3	0	13	0	2	0	0	5	3	3	0	0	0	1	0	3	0	0	0	0	0	0	0	0	0	0	0	0	0	0	0	0	2	0	4	0	1	0	0
Uniq1214	0	0	0	0	0	0	0	0	0	0	0	0	0	0	0	0	0	0	0	0	0	0	0	0	0	0	0	0	0	0	0	0	0	0	0	0	0	0	0	0	0	0	0	0	0	0	0	0
Uniq4085	0	0	0	0	0	0	0	0	0	1	0	1	0	0	0	0	1	0	0	0	0	0	0	0	0	0	1	0	0	0	0	0	0	0	0	0	0	0	0	0	0	0	0	0	0	0	0	0
Uniq3636	0	0	0	0	0	0	0	0	0	10	0	5	0	3	0	0	9	7	1	0	1	0	2	0	1	1	0	0	0	0	0	0	0	0	0	0	0	0	0	0	0	0	0	0	0	0	0	0
Uniq1323	0	0	0	0	0	0	0	0	0	0	0	0	0	0	0	0	0	0	0	0	0	0	0	0	0	0	0	0	0	0	0	0	0	0	0	0	0	0	0	0	0	0	0	0	0	0	0	0
Uniq4204	0	0	0	0	0	0	0	0	0	1	0	0	0	0	0	0	1	1	0	0	1	0	0	0	0	0	0	0	0	0	0	0	0	0	0	0	0	0	0	0	0	0	0	0	0	0	0	0
Uniq1376	0	0	0	0	0	0	0	0	0	9	0	7	0	5	0	2	12	9	1	0	1	0	4	0	2	2	1	0	0	0	0	1	0	0	0	0	0	0	0	0	0	0	0	0	0	0	0	0
Uniq3502	0	0	0	0	0	0	0	0	0	2	0	0	6	1	1	7	0	0	0	70	0	22	0	0	0	0	0	0	0	0	0	0	0	0	0	0	0	0	0	0	0	0	0	0	0	0	0	0
Uniq2303	0	0	0	0	0	0	0	0	0	4	0	2	0	2	0	1	6	4	0	0	1	0	2	0	0	0	0	0	0	0	0	0	0	0	0	0	0	0	0	0	0	0	0	0	0	0	0	0
Uniq1128	0	0	0	0	0	0	0	0	0	0	0	0	0	0	0	0	0	0	0	0	0	0	0	0	0	0	0	0	0	0	0	0	0	0	0	0	0	0	0	0	0	0	0	0	0	0	0	0
Uniq1970	0	0	0	0	0	0	0	0	0	5	0	3	0	3	0	0	7	4	0	0	0	0	1	0	2	1	0	0	0	0	0	0	0	0	0	0	0	0	0	0	0	0	0	0	0	0	0	0
Uniq2696	0	0	0	0	0	0	0	0	0	3	0	0	0	0	0	0	1	1	0	0	0	0	0	0	1	1	0	0	0	0	0	0	0	0	0	0	0	0	0	0	0	0	0	0	0	0	0	0
Uniq2865	0	0	0	0	0	0	0	0	0	2	0	3	0	2	0	1	5	4	1	0	1	0	0	0	1	0	0	0	0	0	0	0	0	0	0	0	0	0	0	0	0	0	0	0	0	0	0	0
Uniq3991	0	0	0	0	0	0	0	0	0	8	0	1	0	1	0	1	0	1	0	0	0	0	0	0	0	0	1	0	0	1	0	0	0	0	0	0	0	0	0	0	0	0	0	0	0	0	0	0
Uniq3700	0	0	0	0	0	0	0	0	0	4	0	2	0	1	0	1	3	2	0	0	0	0	1	0	0	0	0	0	0	0	0	0	0	0	0	0	0	0	0	0	0	0	0	0	0	0	0	0
Uniq2506	0	0	0	0	0	0	0	0	0	0	0	0	0	0	0	0	0	0	0	0	0	0	0	0	0	0	0	0	0	0	0	0	0	0	0	0	0	0	0	0	0	0	0	0	0	0	0	0
Uniq4498	0	0	0	0	0	0	0	0	0	2	0	3	0	1	0	0	4	2	0	0	1	0	0	0	0	1	0	0	0	0	0	0	0	0	0	0	0	0	0	0	0	0	0	0	0	0	0	0
Uniq2624	0	0	0	0	0	0	0	0	0	1	0	3	0	1	0	0	3	2	1	0	1	0	1	0	0	0	0	0	0	0	0	0	0	0	0	0	0	0	0	0	0	0	0	0	0	0	0	0
Uniq1322	0	0	0	0	0	0	0	0	0	0	0	0	0	0	0	0	0	0	0	0	0	0	0	0	0	0	0	0	0	0	0	0	0	0	0	0	0	0	0	0	0	0	0	0	0	0	0	0
Uniq1634	0	0	0	0	0	0	0	0	0	0	0	0	0	0	0	0	0	0	0	0	0	0	0	0	0	0	0	0	0	0	0	0	0	0	0	0	0	0	0	0	0	0	0	0	0	0	0	0
Uniq3180	0	0	0	0	0	0	0	0	0	0	0	3	0	1	0	2	1	1	0	0	0	0	1	0	1	1	0	0	0	0	0	0	0	0	0	0	0	0	0	0	0	0	0	0	0	0	0	0
Uniq761	0	0	0	0	0	0	0	0	0	0	0	0	0	0	0	0	0	0	0	0	0	0	0	0	0	0	0	0	0	0	0	0	0	0	0	0	0	0	0	0	0	0	0	0	0	0	0	0
Uniq2893	0	0	0	0	0	0	0	0	0	0	0	0	0	0	0	0	0	0	0	0	0	0	0	0	0	0	0	0	0	0	0	0	0	0	0	0	0	0	0	0	0	0	0	0	0	0	0	0
Uniq788	0	0	0	0	0	0	0	0	0	0	0	0	0	0	0	0	0	0	0	0	0	0	0	0	0	0	0	0	0	0	0	0	0	0	0	0	0	0	0	0	0	0	0	0	0	0	0	0
Uniq3173	0	0	0	0	0	0	0	0	0	6	0	1	0	1	0	0	0	0	0	0	0	0	0	0	0	0	0	0	0	0	0	0	0	0	0	0	0	0	0	0	0	0	0	0	0	0	0	0
Uniq3723	0	0	0	0	0	0	0	0	0	3	0	1	0	1	0	0	4	2	1	0	1	0	1	0	1	0	0	0	0	0	0	0	0	0	0	0	0	0	0	0	0	0	0	0	0	0	0	0
Uniq808	0	0	0	0	0	0	0	0	0	0	0	0	0	0	0	0	0	0	0	0	0	0	0	0	0	0	0	0	0	0	0	0	0	0	0	0	0	0	0	0	0	0	0	0	0	0	0	0
Uniq3185	0	0	0	0	0	0	0	0	0	0	0	0	0	0	0	0	0	1	0	0	0	0	0	0	0	0	0	0	0	0	0	0	0	0	0	0	0	0	0	0	0	0	0	1	0	0	0	0
Uniq4443	0	0	0	0	0	0	0	0	0	0	0	0	0	0	0	0	0	0	0	0	0	0	0	0	0	0	0	0	0	0	0	0	0	0	0	0	0	0	0	0	0	0	0	0	0	0	0	0
Uniq4192	0	0	0	0	0	0	0	0	0	0	0	0	0	0	0	0	0	0	0	0	0	0	0	0	0	0	0	0	0	0	0	0	0	0	0	0	0	0	0	0	0	0	0	0	0	0	0	0
Uniq4494	0	0	0	0	0	0	0	0	0	1	0	4	0	0	0	0	1	1	1	0	0	0	1	0	0	0	0	0	0	0	0	0	0	0	0	0	0	0	0	0	0	1	0	0	0	0	0	0
Uniq4219	0	0	0	0	0	0	0	0	0	1	0	4	0	0	0	0	0	1	1	0	0	0	1	0	0	0	0	0	0	0	0	0	0	0	0	0	0	0	0	0	0	0	0	1	0	0	0	0
Uniq2910	0	0	0	0	0	0	0	0	0	2	0	3	0	2	0	1	4	3	1	0	1	0	1	0	0	1	0	0	0	0	0	0	0	0	0	0	0	0	0	0	0	0	0	0	0	0	0	0
Uniq1398	0	0	0	0	0	0	0	0	0	0	0	0	0	0	0	0	0	0	0	0	0	0	0	0	0	0	0	0	0	0	0	0	0	0	0	0	0	0	0	0	0	0	0	0	0	0	0	0
Uniq2989	0	0	0	0	0	0	0	0	0	0	0	5	0	2	0	1	1	1	0	0	0	0	1	0	0	1	0	0	0	0	0	0	0	0	0	0	0	0	0	0	0	0	0	0	0	0	0	0
Uniq775	0	0	0	0	0	0	0	0	0	0	0	0	0	0	0	0	0	0	0	0	0	0	0	0	0	0	0	0	0	0	0	0	0	0	0	0	0	0	0	0	0	0	0	0	0	0	0	0
Uniq2280	0	0	0	0	0	0	0	0	0	0	0	0	0	0	0	0	0	0	0	0	0	0	0	0	0	0	0	0	0	0	0	0	0	0	0	0	0	0	0	0	0	0	0	0	0	0	0	0
Uniq3631	0	0	0	0	0	0	0	0	0	0	0	3	0	1	0	0	0	0	0	0	0	0	0	0	0	0	0	0	0	0	0	0	0	0	0	0	0	0	0	0	0	0	0	0	0	0	0	0
Uniq1478	0	0	0	0	0	0	0	0	0	0	0	0	0	0	0	0	0	0	0	0	0	0	0	0	0	0	0	0	0	0	0	0	0	0	0	0	0	0	0	0	0	0	0	0	0	0	0	0
Uniq441	0	0	0	0	0	0	0	0	0	0	0	0	0	0	0	0	0	0	0	0	0	0	0	0	0	0	0	0	0	0	0	0	0	0	0	0	0	0	0	0	0	0	0	0	0	0	0	0
Uniq3174	0	0	0	0	0	0	0	0	0	0	0	0	1	0	0	0	0	0	0	0	0	0	0	0	0	0	0	0	0	0	0	0	0	0	0	0	0	0	0	0	0	0	0	0	0	0	0	0
Uniq2221	0	0	0	0	0	0	0	0	0	0	0	0	0	0	0	0	0	0	0	0	0	0	0	0	0	0	0	0	0	0	0	0	0	0	6	0	10	0	8	0	2	0	3	0	3	0	0	0
Uniq2648	0	0	0	0	0	0	0	0	0	0	0	0	0	0	0	0	0	0	0	0	0	0	0	0	0	0	0	0	0	0	0	0	0	0	0	0	0	0	0	0	0	0	0	0	0	0	0	0
Uniq891	0	0	0	0	0	0	0	0	0	1	0	0	0	0	0	0	0	0	0	0	0	0	0	0	0	0	0	0	0	0	0	0	0	0	0	0	0	0	0	0	0	0	0	0	0	0	0	0
Uniq2257	0	0	0	0	0	0	0	0	0	0	0	0	0	0	0	0	0	0	0	0	0	0	0	0	0	0	0	0	0	0	0	0	0	0	0	0	0	0	0	0	0	0	0	0	0	0	0	0
Uniq3477	0	0	0	0	0	0	0	0	0	0	0	0	0	0	0	0	0	0	0	0	0	0	0	0	0	0	0	0	0	0	0	0	0	0	0	0	0	0	0	0	0	0	0	0	0	0	0	0
Uniq1705	0	0	0	0	0	0	0	0	0	0	0	0	0	0	0	0	0	0	0	0	0	0	0	0	0	0	0	0	0	0	0	0	0	0	0	0	0	0	0	0	0	0	0	0	0	0	0	0
Uniq382	0	0	0	0	0	0	0	0	0	0	0	0	0	0	0	0	0	0	0	0	0	0	0	0	0	0	0	0	0	0	0	0	0	0	0	0	0	0	0	0	0	0	0	0	0	0	0	0
Uniq3401	0	0	0	0	0	0	0	0	0	0	0	0	0	0	0	0	0	0	0	0	0	0	0	0	0	1	0	0	0	0	0	0	0	0	0	0	0	0	0	0	0	0	0	0	0	0	0	0
Uniq1247	0	0	0	0	0	0	0	0	0	0	0	0	0	0	0	0	0	0	0	0	0	0	0	0	0	0	0	0	0	0	0	0	0	0	0	0	1	0	0	0	0	0	0	0	0	0	0	0
Uniq1254	0	0	0	0	0	0	0	0	0	0	0	0	0	0	0	0	0	0	0	0	0	0	0	0	0	0	0	0	0	0	0	0	0	0	0	0	0	0	0	0	0	0	0	0	0	0	0	0
Uniq1412	0	0	0	0	0	0	0	0	0	0	0	0	0	0	0	0	0	0	0	0	0	0	0	0	0	0	0	0	0	0	0	0	0	0	0	0	0	0	0	0	0	0	0	0	0	0	0	0
Uniq1892	0	0	0	0	0	0	0	0	0	0	0	0	0	0	0	0	0	0	0	0	0	0	0	0	0	0	0	0	0	0	0	0	0	0	0	0	0	0	1	0	0	0	0	0	0	0	0	0
Uniq4475	0	0	0	0	0	0	0	0	0	0	0	0	0	0	0	0	2	1	0	0	0	0	0	0	1	0	0	0	0	0	0	0	0	0	0	0	0	0	0	0	0	0	0	0	0	0	0	0
Uniq3170	0	0	0	0	0	0	0	0	0	0	0	0	0	0	0	0	0	0	0	0	0	0	0	0	0	0	0	0	0	0	0	0	0	0	0	0	0	0	0	0	0	0	0	0	0	0	0	0
Uniq1126	0	0	0	0	0	0	0	0	0	0	0	0	0	0	0	0	0	0	0	0	0	0	0	0	0	0	0	0	0	0	0	0	0	0	0	0	0	0	0	0	0	0	0	0	0	0	0	0
Uniq1014	0	0	0	0	0	0	0	0	0	0	0	0	0	0	0	0	0	0	0	0	0	0	0	0	0	0	0	0	0	0	0	0	0	0	0	0	0	0	0	0	0	0	0	0	0	0	0	0
Uniq2103	0	0	0	0	0	0	0	0	0	0	0	0	0	0	0	0	0	0	0	0	0	0	0	0	0	0	0	0	0	0	0	0	0	0	0	0	0	0	0	0	0	0	0	0	0	0	0	0
Uniq3791	0	0	0	0	0	0	0	0	0	0	0	0	0	0	0	2	0	0	0	0	0	0	0	0	151	12	0	0	0	0	0	0	0	0	0	0	0	0	0	0	0	0	0	0	0	0	0	1
Uniq2838	0	0	0	0	0	0	0	0	0	0	0	0	0	0	0	0	0	0	0	0	0	0	0	0	0	0	0	0	0	0	0	0	0	0	0	0	0	0	0	0	0	0	0	0	0	0	0	0
Uniq1741	0	0	0	0	0	0	0	0	0	0	0	0	0	0	0	0	0	0	0	0	0	0	0	0	0	0	0	0	0	0	0	0	0	0	0	0	0	0	0	0	0	0	0	0	0	0	0	0
Uniq2646	0	0	0	0	0	0	0	0	0	0	0	0	0	0	0	0	0	0	0	0	0	0	0	0	0	0	0	0	0	0	0	0	0	0	0	0	0	0	0	0	0	0	0	0	0	0	0	0
Uniq2057	0	0	0	0	0	0	0	0	0	0	0	0	0	0	0	0	0	0	0	0	0	0	0	0	0	0	0	0	0	0	0	0	0	0	0	0	0	0	0	0	0	0	0	0	0	0	0	0
Uniq618	0	0	0	0	0	0	0	0	0	0	10	0	60	0	10	0	0	0	0	16	0	7	0	6	0	0	0	0	0	0	0	0	0	0	0	0	0	0	0	0	0	0	0	0	0	0	0	0
Uniq4179	0	0	0	0	0	0	0	0	0	0	10	0	3	0	1	1	0	1	0	2	0	0	2	0	1	0	0	0	0	0	0	0	0	0	0	0	0	0	0	0	0	0	0	0	0	0	0	0
Uniq2579	0	0	0	0	0	0	0	0	0	0	8	0	14	0	5	0	0	5	0	29	0	1	0	21	0	0	0	0	0	0	2	0	0	0	0	0	0	0	0	0	0	0	0	0	0	0	0	0
Uniq402	0	0	0	0	0	0	0	0	0	0	20	0	88	0	13	0	0	0	0	23	0	9	0	7	0	0	0	0	0	0	0	0	0	0	0	0	0	0	0	0	0	0	0	0	0	0	0	0
Uniq3621	0	0	0	0	0	0	0	0	0	0	1	0	2	0	4	0	0	0	0	2	0	0	0	2	0	0	0	0	0	0	0	0	0	0	0	0	0	0	0	0	0	0	0	0	0	0	0	0
Uniq750	0	0	0	0	0	0	0	0	0	0	11	0	47	0	8	0	0	0	0	12	0	5	0	3	0	0	0	0	0	0	0	0	0	0	0	0	0	0	0	0	0	0	0	0	0	0	0	0
Uniq3057	0	0	0	0	0	0	0	0	0	0	4	0	7	0	2	0	0	3	0	17	0	1	0	12	0	0	0	0	0	0	1	0	0	0	0	0	0	0	0	0	0	0	0	0	0	0	0	0
Uniq318	0	0	0	0	0	0	0	0	0	0	20	0	109	0	18	0	0	0	0	29	0	10	0	10	0	0	0	0	0	0	0	0	0	0	0	0	0	0	0	0	0	0	0	0	0	0	0	0
Uniq1054	0	0	0	0	0	0	0	0	0	0	0	0	0	0	0	0	0	0	0	0	0	0	0	0	0	0	0	0	0	0	0	0	0	0	0	0	0	0	0	0	0	0	0	0	0	0	0	0
Uniq849	0	0	0	0	0	0	0	0	0	0	8	0	40	0	7	0	0	0	0	11	0	6	0	5	0	0	0	0	0	0	0	0	0	0	0	0	0	0	0	0	0	0	0	0	0	0	0	0
Uniq3748	0	0	0	0	0	0	0	0	0	0	5	0	6	0	2	0	0	4	0	15	0	0	0	8	0	0	0	0	0	0	0	0	0	0	0	0	0	0	0	0	0	0	0	0	0	0	0	0
Uniq518	0	0	0	0	0	0	0	0	0	0	0	0	0	0	0	0	0	0	0	0	0	0	0	0	0	0	0	0	0	0	0	0	0	0	0	0	0	0	0	0	0	0	0	0	0	0	0	0
Uniq3753	0	0	0	0	0	0	0	0	0	0	3	0	4	0	1	0	0	2	0	7	0	1	0	7	0	0	0	0	0	0	1	0	0	0	0	0	0	0	0	0	0	0	0	0	0	0	0	0
Uniq4081	0	0	0	0	0	0	0	0	0	0	4	0	2	0	2	0	0	2	0	8	0	1	0	4	0	0	0	0	0	0	0	0	0	0	0	0	0	0	0	0	0	0	0	0	0	0	0	0
Uniq4188	0	0	0	0	0	0	0	0	0	0	4	0	0	0	22	0	0	0	0	0	0	1	0	0	0	0	0	0	0	0	0	0	0	0	0	0	0	0	0	0	0	0	0	0	0	0	0	0
Uniq2728	0	0	0	0	0	0	0	0	0	0	0	0	0	0	0	0	0	0	0	0	0	0	0	0	0	0	0	0	0	0	0	0	0	0	0	0	0	0	0	0	0	0	0	0	0	0	0	0
Uniq587	0	0	0	0	0	0	0	0	0	0	12	0	60	0	8	0	0	0	0	12	0	6	0	5	0	0	0	0	1	0	0	0	0	0	0	0	0	0	0	0	0	0	0	0	0	0	0	0
Uniq2707	0	0	0	0	0	0	0	0	0	0	0	0	0	0	0	0	0	0	0	0	0	0	0	0	0	0	0	0	0	0	0	0	0	0	0	0	0	0	0	0	0	0	0	0	0	0	0	0
Uniq662	0	0	0	0	0	0	0	0	0	0	10	0	55	0	9	0	0	0	0	16	0	7	0	5	0	0	0	0	0	0	0	0	0	0	0	0	0	0	0	0	0	0	0	0	0	0	0	0
Uniq3656	0	0	0	0	0	0	0	0	0	0	1	0	0	0	0	0	0	0	0	0	0	0	0	0	0	0	0	0	0	0	0	0	0	0	0	0	0	0	0	0	0	0	0	0	0	0	0	0
Uniq4426	0	0	0	0	0	0	0	0	0	0	1	0	8	0	10	0	0	0	0	4	0	1	0	7	0	0	0	0	0	0	0	0	0	0	0	0	0	0	0	0	0	0	0	0	0	0	0	0
Uniq3861	0	0	0	0	0	0	0	0	0	0	0	0	0	0	0	0	0	0	0	0	0	0	0	0	0	0	0	0	0	0	0	0	0	0	0	0	0	0	0	0	0	0	0	0	0	0	0	0
Uniq3960	0	0	0	0	0	0	0	0	0	0	1	0	1	0	1	0	0	0	0	3	0	0	0	3	0	0	0	0	0	0	0	0	0	0	0	0	0	0	0	0	0	0	0	0	0	0	0	0
Uniq4370	0	0	0	0	0	0	0	0	0	0	1	0	0	0	0	0	0	0	0	0	0	0	0	0	0	0	0	0	0	0	0	0	0	0	0	0	0	0	0	0	0	0	0	0	0	0	0	0
Uniq1036	0	0	0	0	0	0	0	0	0	0	0	0	0	0	0	0	0	0	0	0	0	0	0	0	0	0	0	0	0	0	0	0	0	0	0	0	0	0	0	0	0	0	0	0	0	0	0	0
Uniq870	0	0	0	0	0	0	0	0	0	0	0	0	0	0	0	0	0	0	0	0	0	0	0	0	0	0	0	0	0	0	0	0	0	0	0	0	0	0	0	0	0	0	0	0	0	0	0	0
Uniq4312	0	0	0	0	0	0	0	0	0	0	0	0	0	0	0	0	0	0	0	0	0	0	0	0	0	0	0	0	0	0	0	0	0	0	0	0	0	0	0	0	0	0	0	0	0	0	0	0
Uniq2012	0	0	0	0	0	0	0	0	0	0	0	0	0	0	0	0	0	0	0	0	0	0	0	0	0	0	0	0	0	0	0	0	0	0	0	0	0	0	0	0	0	0	0	0	0	0	0	0
Uniq3883	0	0	0	0	0	0	0	0	0	0	4	0	23	0	2	0	0	0	0	6	0	2	0	1	0	0	0	0	0	0	0	0	0	0	0	0	0	0	0	0	0	0	0	0	0	0	0	0
Uniq4062	0	0	0	0	0	0	0	0	0	0	1	0	29	0	43	0	0	0	0	21	0	1	0	18	0	0	0	0	0	0	0	0	0	0	0	0	0	0	0	0	0	0	0	0	0	0	0	0
Uniq1686	0	0	0	0	0	0	0	0	0	0	1	0	1	0	1	0	0	0	0	0	0	0	0	0	0	0	0	0	0	0	0	0	1	0	0	0	0	0	0	0	0	0	0	0	0	0	0	0
Uniq565	0	0	0	0	0	0	0	0	0	0	0	0	0	0	0	0	0	0	0	0	0	0	0	0	0	0	0	0	0	0	0	0	0	0	0	0	0	0	0	0	0	0	0	0	0	0	0	0
Uniq3575	0	0	0	0	0	0	0	0	0	0	1	0	0	0	1	0	0	0	0	0	0	0	0	0	0	0	0	0	0	0	0	0	0	0	0	0	0	0	0	0	0	0	0	0	0	0	0	0
Uniq442	0	0	0	0	0	0	0	0	0	0	0	0	0	0	0	0	0	0	0	0	0	0	0	0	0	0	0	0	0	0	0	0	0	0	0	0	0	0	0	0	0	0	0	0	0	0	0	0
Uniq2895	0	0	0	0	0	0	0	0	0	0	0	0	0	0	0	0	0	0	0	3	0	3	0	3	0	0	0	0	0	0	0	0	0	0	0	0	0	0	0	0	3	0	3	0	4	0	0	0
Uniq4084	0	0	0	0	0	0	0	0	0	0	0	0	0	0	0	0	0	0	0	0	0	0	0	0	0	0	0	0	0	0	0	0	0	0	0	0	0	0	0	0	0	0	0	0	0	0	0	0
Uniq687	0	0	0	0	0	0	0	0	0	0	0	0	0	0	0	0	0	0	0	0	0	0	0	0	0	0	0	0	0	0	0	0	0	0	0	0	0	0	0	0	0	0	0	0	0	0	0	0
Uniq2846	0	0	0	0	0	0	0	0	0	0	1	0	0	0	1	0	0	0	0	0	0	0	0	0	0	0	0	0	0	0	0	0	0	0	0	0	0	0	0	0	0	0	0	0	0	0	0	0
Uniq3800	0	0	0	0	0	0	0	0	0	0	0	0	0	0	0	0	0	0	0	0	0	0	0	0	0	0	0	0	0	0	0	0	0	0	0	0	0	0	0	0	0	0	0	0	0	0	0	0
Uniq4123	0	0	0	0	0	0	0	0	0	0	1	0	1	0	1	0	0	1	0	3	0	0	0	2	0	0	0	0	0	0	0	0	0	0	0	0	0	0	0	0	0	0	0	0	0	0	0	0
Uniq1125	0	0	0	0	0	0	0	0	0	0	0	0	0	0	0	0	0	0	0	0	0	0	0	0	0	0	0	0	0	0	0	0	0	0	0	0	0	0	0	0	0	0	0	0	0	0	0	0
Uniq252	0	0	0	0	0	0	0	0	0	0	0	0	0	0	0	0	0	0	0	0	0	0	0	0	0	0	0	0	0	0	0	0	0	0	0	0	0	0	0	0	0	0	0	0	0	0	0	0
Uniq740	0	0	0	0	0	0	0	0	0	0	0	0	0	0	0	0	0	0	0	0	0	0	0	0	0	0	0	0	0	0	0	0	0	0	0	0	0	0	0	0	0	0	0	0	0	0	0	0
Uniq1276	0	0	0	0	0	0	0	0	0	0	0	0	0	0	0	0	0	0	0	0	0	0	0	0	0	0	0	0	0	0	0	0	0	0	0	0	0	0	0	0	0	0	0	0	0	0	0	0
Uniq1101	0	0	0	0	0	0	0	0	0	0	0	0	0	0	0	0	0	0	0	0	0	0	0	0	0	0	0	0	0	0	0	0	0	0	0	0	0	0	0	0	0	0	0	0	0	0	0	0
Uniq3199	0	0	0	0	0	0	0	0	0	0	0	0	0	0	0	0	0	0	0	0	0	0	0	0	0	0	0	0	0	0	0	0	0	0	0	0	0	0	0	0	0	0	0	0	0	0	0	0
Uniq779	0	0	0	0	0	0	0	0	0	0	0	0	0	0	0	0	0	0	0	0	0	0	0	0	0	0	0	0	0	0	0	0	0	0	0	0	0	0	0	0	0	0	0	0	0	0	0	0
Uniq1153	0	0	0	0	0	0	0	0	0	0	0	0	0	0	0	0	0	0	0	0	0	0	0	0	0	0	0	0	0	0	0	0	0	0	0	0	0	0	0	0	0	0	0	0	0	0	0	0
Uniq1649	0	0	0	0	0	0	0	0	0	0	0	0	0	0	0	0	0	0	0	0	0	0	0	0	0	0	0	0	0	0	0	0	0	0	0	0	0	0	0	0	0	0	0	0	0	0	0	0
Uniq1488	0	0	0	0	0	0	0	0	0	0	0	0	0	0	0	0	0	0	0	0	0	0	0	0	0	0	0	0	0	0	0	0	0	0	0	0	0	0	0	0	0	0	0	0	0	0	0	0
Uniq969	0	0	0	0	0	0	0	0	0	0	0	0	0	0	0	0	0	0	0	0	0	0	0	0	0	0	0	0	0	0	0	0	0	0	0	0	0	0	0	0	0	0	0	0	0	0	0	0
Uniq3286	0	0	0	0	0	0	0	0	0	0	0	0	0	0	0	0	0	0	0	0	0	0	0	0	0	0	0	0	0	0	0	0	0	0	0	0	0	0	0	0	0	0	0	0	0	0	0	0
Uniq1087	0	0	0	0	0	0	0	0	0	0	0	0	0	0	0	0	0	0	0	0	0	0	0	0	0	0	0	0	0	0	0	0	0	0	0	0	0	0	0	0	0	0	0	0	0	0	0	0
Uniq1111	0	0	0	0	0	0	0	0	0	0	0	0	0	0	0	0	0	0	0	0	0	0	0	0	0	0	0	0	0	0	0	0	0	0	0	0	0	0	0	0	0	0	0	0	0	0	0	0
Uniq2033	0	0	0	0	0	0	0	0	0	0	0	0	0	0	0	0	0	0	0	0	0	0	0	0	0	0	0	0	0	0	0	0	0	0	0	0	0	0	0	0	0	0	0	0	0	0	0	0
Uniq3548	0	0	0	0	0	0	0	0	0	0	0	145	0	0	0	0	0	0	0	0	0	0	0	0	1	0	0	0	0	0	0	0	0	0	0	0	0	0	0	0	0	1	0	10	0	0	2	0
Uniq1303	0	0	0	0	0	0	0	0	0	0	0	0	0	0	0	0	0	0	0	0	0	0	0	0	0	0	0	0	0	0	0	0	0	0	0	0	0	0	0	0	0	0	0	0	0	0	0	0
Uniq976	0	0	0	0	0	0	0	0	0	0	0	0	0	0	0	0	0	0	0	0	0	0	0	0	0	0	0	0	0	0	0	0	0	0	0	0	0	0	0	0	0	0	0	0	0	0	0	0
Uniq3021	0	0	0	0	0	0	0	0	0	0	0	0	0	0	0	0	0	0	0	0	0	0	0	0	0	0	0	0	0	0	0	0	0	0	0	0	0	0	0	0	0	0	0	0	0	0	0	0
Uniq1443	0	0	0	0	0	0	0	0	0	0	0	0	0	0	0	0	0	0	0	0	0	0	0	0	0	0	0	0	0	0	0	0	0	0	0	0	0	0	0	0	0	0	0	0	0	0	0	0
Uniq485	0	0	0	0	0	0	0	0	0	0	0	0	0	0	0	0	0	0	0	0	0	0	0	0	0	0	0	0	0	0	0	0	0	0	0	0	0	0	0	0	0	0	0	0	0	0	0	0
Uniq1042	0	0	0	0	0	0	0	0	0	0	0	0	0	0	0	0	0	0	0	0	0	0	0	0	0	0	0	0	0	0	0	0	0	0	0	0	0	0	0	0	0	0	0	0	0	0	0	0
Uniq362	0	0	0	0	0	0	0	0	0	0	0	1	0	0	0	0	0	0	0	0	0	0	0	0	0	0	0	0	0	0	0	0	0	0	0	0	0	0	0	0	0	0	0	0	0	0	0	0
Uniq3429	0	0	0	0	0	0	0	0	0	0	0	3	0	1	0	2	1	1	0	0	0	0	0	0	0	0	0	0	0	0	0	0	0	0	0	0	0	0	0	0	0	0	0	0	0	0	0	0
Uniq3675	0	0	0	0	0	0	0	0	0	0	0	6	0	0	0	0	0	0	1	0	0	0	1	0	0	0	0	0	0	0	0	0	0	0	0	0	0	0	0	0	0	0	0	0	0	0	0	0
Uniq1258	0	0	0	0	0	0	0	0	0	0	0	0	0	0	0	0	0	0	0	0	0	0	0	0	0	0	0	0	0	0	0	0	0	0	0	0	0	0	1	0	0	0	0	0	0	0	0	0
Uniq669	0	0	0	0	0	0	0	0	0	0	0	1	0	0	0	0	0	0	0	0	0	0	0	0	0	0	0	0	0	0	0	0	0	0	0	0	0	0	0	0	0	0	0	0	0	0	0	0
Uniq1426	0	0	0	0	0	0	0	0	0	0	0	0	0	0	0	0	0	0	0	0	0	0	0	0	0	0	0	0	0	0	0	0	0	0	0	0	0	0	0	0	0	0	0	0	0	0	0	0
Uniq940	0	0	0	0	0	0	0	0	0	0	0	0	0	0	0	0	0	0	0	0	0	0	0	0	0	0	0	0	0	0	0	0	0	0	0	0	0	0	0	0	0	0	0	0	0	0	0	0
Uniq2455	0	0	0	0	0	0	0	0	0	0	0	0	0	0	0	0	0	0	0	0	0	0	0	0	0	0	0	0	0	0	0	0	0	0	0	0	0	0	0	0	0	0	0	0	0	0	0	0
Uniq725	0	0	0	0	0	0	0	0	0	0	0	0	0	0	0	0	0	0	0	0	0	0	0	0	0	0	0	0	0	0	0	0	0	0	0	0	0	0	0	0	0	0	0	0	0	0	0	0
Uniq3193	0	0	0	0	0	0	0	0	0	0	0	0	0	0	0	0	0	0	0	0	0	0	0	0	0	0	0	0	0	0	0	0	0	0	0	0	0	0	0	0	0	0	0	0	0	0	0	0
Uniq922	0	0	0	0	0	0	0	0	0	0	0	0	0	0	0	0	0	0	0	0	0	0	0	0	0	0	0	0	0	0	0	0	0	0	0	0	0	0	0	0	0	0	0	0	0	0	0	0
Uniq631	0	0	0	0	0	0	0	0	0	0	0	0	0	0	0	0	0	0	0	0	0	0	0	0	0	0	0	0	0	0	0	0	0	0	0	0	0	0	0	0	0	0	0	0	0	0	0	0
Uniq2582	0	0	0	0	0	0	0	0	0	0	0	0	0	0	0	0	0	0	0	0	0	0	0	0	0	0	0	0	0	0	0	0	0	0	0	0	0	0	0	0	0	0	0	0	0	0	0	0
Uniq797	0	0	0	0	0	0	0	0	0	0	0	0	0	0	0	0	0	0	0	0	0	0	0	0	0	0	0	0	0	0	0	0	0	0	0	0	0	0	0	0	0	0	0	0	0	0	0	0
Uniq773	0	0	0	0	0	0	0	0	0	0	0	0	0	0	0	0	0	0	0	0	0	0	0	0	0	0	0	0	0	0	0	0	0	0	0	0	0	0	0	0	0	0	0	0	0	0	0	0
Uniq2473	0	0	0	0	0	0	0	0	0	0	0	0	0	0	0	0	0	0	0	0	0	0	0	0	0	0	0	0	0	0	0	0	0	0	0	0	0	0	0	0	0	0	0	0	0	0	0	0
Uniq1110	0	0	0	0	0	0	0	0	0	0	0	1	0	0	0	0	0	0	0	0	0	0	0	0	0	0	0	0	0	0	0	0	0	0	0	0	0	0	0	0	0	0	0	0	0	0	0	0
Uniq1383	0	0	0	0	0	0	0	0	0	0	0	0	0	0	0	0	0	0	0	0	0	0	0	0	0	0	0	0	0	0	0	0	0	0	0	0	0	0	0	0	0	0	0	0	0	0	0	0
Uniq1081	0	0	0	0	0	0	0	0	0	0	0	0	0	0	0	0	0	0	0	0	0	0	0	0	0	0	0	0	0	0	0	0	0	0	0	0	0	0	0	0	0	0	0	0	0	0	0	0
Uniq709	0	0	0	0	0	0	0	0	0	0	0	0	0	0	0	0	0	0	0	0	0	0	0	0	0	0	0	0	0	0	0	0	0	0	0	0	0	0	0	0	0	0	0	0	0	0	0	0
Uniq2594	0	0	0	0	0	0	0	0	0	0	0	0	0	0	0	0	0	0	0	0	0	0	0	0	0	0	0	0	0	0	0	0	0	0	0	0	0	0	0	0	0	0	0	0	0	0	0	0
Uniq2979	0	0	0	0	0	0	0	0	0	0	0	0	0	0	0	0	0	0	0	0	0	0	0	0	0	0	0	0	0	0	0	0	0	0	0	0	0	0	0	0	0	0	0	0	0	0	0	0
Uniq1461	0	0	0	0	0	0	0	0	0	0	0	0	0	0	0	0	0	0	0	0	0	0	0	0	0	0	0	0	0	0	0	0	0	0	0	0	0	0	0	0	0	0	0	0	0	0	0	0
Uniq464	0	0	0	0	0	0	0	0	0	0	0	0	0	0	0	0	0	0	0	0	0	0	0	0	0	0	0	0	0	0	0	0	0	0	0	0	0	0	0	0	0	0	0	0	0	0	0	0
Uniq869	0	0	0	0	0	0	0	0	0	0	0	0	0	0	0	0	0	0	0	0	0	0	0	0	0	0	0	0	0	0	0	0	0	0	0	0	0	0	0	0	0	0	0	0	0	0	0	0
Uniq3235	0	0	0	0	0	0	0	0	0	0	0	0	0	0	0	0	0	0	0	0	0	0	0	0	0	0	0	0	0	0	0	0	0	0	0	0	0	0	0	0	0	0	0	0	0	0	0	0
Uniq2211	0	0	0	0	0	0	0	0	0	0	0	0	0	0	0	0	0	0	0	0	0	0	0	0	0	0	0	0	0	0	0	0	0	0	0	0	0	0	0	0	0	0	0	0	0	0	0	0
Uniq2217	0	0	0	0	0	0	0	0	0	0	0	0	0	0	0	0	0	0	0	0	0	0	0	0	0	0	0	0	0	0	0	0	0	0	0	0	0	0	0	0	0	0	0	0	0	0	0	0
Uniq1168	0	0	0	0	0	0	0	0	0	0	0	0	0	0	0	0	0	0	0	0	0	0	0	0	0	0	0	0	0	0	0	0	0	0	0	0	0	0	0	0	0	0	0	0	0	0	0	0
Uniq2512	0	0	0	0	0	0	0	0	0	0	0	0	0	0	0	0	0	0	0	0	0	0	0	0	0	0	0	0	0	0	0	0	0	0	0	0	0	0	0	0	0	0	0	0	0	0	0	0
Uniq2861	0	0	0	0	0	0	0	0	0	0	0	0	0	0	0	0	0	0	0	0	0	0	0	0	0	0	0	0	0	0	0	0	0	0	0	0	0	0	0	0	0	0	0	0	0	0	0	0
Uniq884	0	0	0	0	0	0	0	0	0	0	0	0	0	0	0	0	0	0	0	0	0	0	0	0	0	0	0	0	0	0	0	0	0	0	0	0	0	0	0	0	0	0	0	0	0	0	0	0
Uniq714	0	0	0	0	0	0	0	0	0	0	0	0	0	0	0	0	0	0	0	0	0	0	0	0	0	0	0	0	0	0	0	0	0	0	0	0	0	0	0	0	0	0	0	0	0	0	0	0
Uniq2674	0	0	0	0	0	0	0	0	0	0	0	0	0	0	0	0	0	0	0	0	0	0	0	0	0	0	0	0	0	0	0	0	0	0	0	0	0	0	0	0	0	0	0	0	0	0	0	0
Uniq3147	0	0	0	0	0	0	0	0	0	0	0	0	0	0	0	0	0	0	0	0	0	0	0	0	0	0	0	0	0	0	0	0	0	0	0	0	0	0	0	0	0	0	0	0	0	0	0	0
Uniq641	0	0	0	0	0	0	0	0	0	0	0	1	0	0	0	0	0	0	0	0	0	0	0	0	0	0	0	0	0	0	0	0	0	0	0	0	0	0	0	0	0	0	0	0	0	0	0	0
Uniq1538	0	0	0	0	0	0	0	0	0	0	0	0	0	0	0	0	0	0	0	0	0	0	0	0	0	0	0	0	0	0	0	0	0	0	0	0	0	0	0	0	0	0	0	0	0	0	0	0
Uniq813	0	0	0	0	0	0	0	0	0	0	0	0	0	0	0	0	0	0	0	0	0	0	0	0	0	0	0	0	0	0	0	0	0	0	0	0	0	0	0	0	0	0	0	0	0	0	0	0
Uniq3186	0	0	0	0	0	0	0	0	0	0	0	0	0	0	0	0	0	0	0	0	0	0	0	0	0	0	0	0	0	0	0	0	0	0	0	0	0	0	0	0	0	0	0	0	0	0	0	0
Uniq2456	0	0	0	0	0	0	0	0	0	0	0	0	0	0	0	0	0	0	0	0	0	0	0	0	0	0	0	0	0	0	0	0	0	0	0	0	0	0	0	0	0	0	0	0	0	0	0	0
Uniq912	0	0	0	0	0	0	0	0	0	0	0	0	0	0	0	0	0	0	0	0	0	0	0	0	0	0	0	0	0	0	0	0	0	0	0	0	0	0	0	0	0	0	0	0	0	0	0	0
Uniq2656	0	0	0	0	0	0	0	0	0	0	0	0	0	0	0	0	0	0	0	0	0	0	0	0	0	0	0	0	0	0	0	0	0	0	0	0	0	0	0	0	0	0	0	0	0	0	0	0
Uniq2342	0	0	0	0	0	0	0	0	0	0	0	0	0	0	0	0	0	0	0	0	0	0	0	0	0	0	0	0	0	0	0	0	0	0	0	0	0	0	0	0	0	0	0	0	0	0	0	0
Uniq1209	0	0	0	0	0	0	0	0	0	0	0	0	0	0	0	0	0	0	0	0	0	0	0	0	0	0	0	0	0	0	0	0	0	0	0	0	0	0	0	0	0	0	0	0	0	0	0	0
Uniq613	0	0	0	0	0	0	0	0	0	0	0	0	0	0	0	0	0	0	0	0	0	0	0	0	0	0	0	0	0	0	0	0	0	0	0	0	0	0	0	0	0	0	0	0	0	0	0	0
Uniq3672	0	0	0	0	0	0	0	0	0	0	0	0	0	0	0	0	0	0	0	0	0	0	0	0	0	0	0	0	0	0	0	0	0	0	0	0	0	0	0	0	0	0	0	0	0	0	0	0
Uniq2789	0	0	0	0	0	0	0	0	0	0	0	0	0	0	0	0	0	0	0	0	0	0	0	0	0	0	0	0	0	0	0	0	0	0	0	0	0	0	0	0	0	0	0	0	0	0	0	0
Uniq787	0	0	0	0	0	0	0	0	0	0	0	0	0	0	0	0	0	0	0	0	0	0	0	0	0	0	0	0	0	0	0	0	0	0	0	0	0	0	0	0	0	0	0	0	0	0	0	0
Uniq1528	0	0	0	0	0	0	0	0	0	0	0	0	0	0	0	0	0	0	0	0	0	0	0	0	0	0	0	0	0	0	0	0	0	0	0	0	0	0	0	0	0	0	0	0	0	0	0	0
Uniq4115	0	0	0	0	0	0	0	0	0	0	0	0	0	0	0	0	0	0	0	0	0	0	0	0	0	0	0	0	0	0	0	0	0	0	0	0	0	0	0	0	0	0	0	0	0	0	0	0
Uniq1275	0	0	0	0	0	0	0	0	0	0	0	0	0	0	0	0	0	0	0	0	0	0	0	0	0	0	0	0	0	0	0	0	0	0	0	0	0	0	0	0	0	0	0	0	0	0	0	0
Uniq2589	0	0	0	0	0	0	0	0	0	0	0	0	0	0	0	0	0	0	0	0	0	0	0	0	0	0	0	0	0	0	0	0	0	0	0	0	0	0	0	0	0	0	0	0	0	0	0	0
Uniq934	0	0	0	0	0	0	0	0	0	0	0	0	0	0	0	0	0	0	0	0	0	0	0	0	0	0	0	0	0	0	0	0	0	0	0	0	0	0	0	0	0	0	0	0	0	0	0	0
Uniq453	0	0	0	0	0	0	0	0	0	0	0	0	0	0	0	0	0	0	0	0	0	0	0	0	0	0	0	0	0	0	0	0	0	0	0	0	0	0	0	0	0	0	0	0	0	0	0	0
Uniq2352	0	0	0	0	0	0	0	0	0	0	0	0	9	0	0	0	0	0	0	0	0	0	0	0	0	0	0	0	0	0	1	0	0	0	0	0	0	0	0	0	0	0	0	0	0	0	0	0
Uniq2272	0	0	0	0	0	0	0	0	0	0	0	0	31	0	1	0	0	0	0	0	0	0	0	0	0	0	0	0	1	0	4	0	1	0	1	0	0	0	0	0	1	0	0	0	0	0	0	0
Uniq2138	0	0	0	0	0	0	0	0	0	0	0	0	28	0	1	0	0	0	0	0	0	0	0	0	0	0	0	0	1	0	5	0	1	0	0	0	1	0	0	0	1	0	1	0	0	0	0	0
Uniq2507	0	0	0	0	0	0	0	0	0	0	0	0	11	0	0	0	0	0	0	0	0	0	0	0	0	0	0	0	1	0	1	0	0	0	0	0	0	0	0	0	0	0	0	0	0	0	0	0
Uniq1272	0	0	0	0	0	0	0	0	0	0	0	0	0	0	0	0	0	0	0	0	0	0	0	0	0	0	0	0	0	0	0	0	0	0	0	0	0	0	0	0	0	0	0	0	0	0	0	0
Uniq2297	0	0	0	0	0	0	0	0	0	0	0	0	11	0	0	0	0	0	0	0	0	0	0	0	0	0	0	0	1	0	2	0	0	0	0	0	0	0	0	0	0	0	0	0	0	0	0	0
Uniq2440	0	0	0	0	0	0	0	0	0	0	0	0	10	0	1	0	0	0	0	0	0	0	0	0	0	0	0	0	1	0	1	0	0	0	0	0	0	0	0	0	1	0	0	0	0	0	0	0
Uniq2927	0	0	0	0	0	0	0	0	0	0	0	0	7	0	0	0	0	0	0	0	0	0	0	0	0	0	0	0	1	0	1	0	0	0	0	0	0	0	0	0	0	0	0	0	0	0	0	0
Uniq2524	0	0	0	0	0	0	0	0	0	0	0	0	7	0	0	0	0	0	0	0	0	0	0	0	0	0	0	0	1	0	1	0	0	0	0	0	0	0	0	0	0	0	0	0	0	0	0	0
Uniq4323	0	0	0	0	0	0	0	0	0	0	0	0	0	0	0	0	0	0	0	0	0	0	0	0	0	0	0	0	0	0	0	0	0	0	0	0	0	0	0	0	0	0	0	0	0	0	0	0
Uniq1267	0	0	0	0	0	0	0	0	0	0	0	0	0	0	0	0	0	0	0	0	0	0	0	0	0	0	0	0	0	0	0	0	0	0	0	0	0	0	0	0	0	0	0	0	0	0	0	0
Uniq847	0	0	0	0	0	0	0	0	0	0	0	0	0	0	0	0	0	0	0	0	0	0	0	0	0	0	0	0	0	0	0	0	0	0	0	0	0	0	0	0	0	0	0	0	0	0	0	0
Uniq825	0	0	0	0	0	0	0	0	0	0	0	0	1	0	0	0	0	0	0	0	0	0	0	0	0	0	0	0	0	0	0	0	0	0	0	0	0	0	0	0	0	0	0	0	0	0	0	0
Uniq3331	0	0	0	0	0	0	0	0	0	0	0	0	0	0	0	0	0	0	1	1	1	2	2	1	1	1	1	0	0	0	0	0	0	0	0	0	0	0	0	1	2	1	2	1	1	1	1	0
Uniq1527	0	0	0	0	0	0	0	0	0	0	0	0	0	0	0	0	0	0	0	0	0	0	0	0	0	0	0	0	0	0	0	0	0	0	0	0	0	0	0	0	0	0	0	0	0	0	0	0
Uniq1219	0	0	0	0	0	0	0	0	0	0	0	0	0	0	0	0	0	0	0	0	0	0	0	0	0	0	0	0	0	0	0	0	0	0	0	0	0	0	0	0	0	0	0	0	0	0	0	0
Uniq1022	0	0	0	0	0	0	0	0	0	0	0	0	0	0	0	0	0	0	0	0	0	0	0	0	0	0	0	0	0	0	0	0	0	0	0	0	0	0	0	0	0	0	0	0	0	0	0	0
Uniq2004	0	0	0	0	0	0	0	0	0	0	0	0	0	0	0	0	0	0	0	0	0	0	0	0	0	0	0	0	0	0	0	0	0	0	0	0	0	0	0	0	0	0	0	0	0	0	0	0
Uniq584	0	0	0	0	0	0	0	0	0	0	0	0	0	0	0	0	0	0	0	0	0	0	0	0	0	0	0	0	0	0	0	0	0	0	0	0	0	0	0	0	0	0	0	0	0	0	0	0
Uniq973	0	0	0	0	0	0	0	0	0	0	0	0	0	0	0	0	0	0	0	0	0	0	0	0	0	0	0	0	0	0	0	0	0	0	0	0	0	0	0	0	0	0	0	0	0	0	0	0
Uniq868	0	0	0	0	0	0	0	0	0	0	0	0	0	0	0	0	0	0	0	0	0	0	0	0	0	0	0	0	0	0	0	0	0	0	0	0	0	0	0	0	0	0	0	0	0	0	0	0
Uniq3337	0	0	0	0	0	0	0	0	0	0	0	0	0	0	0	0	0	0	0	0	0	0	0	0	0	0	0	0	0	0	0	0	0	0	0	0	0	0	0	0	0	0	0	0	0	0	0	0
Uniq965	0	0	0	0	0	0	0	0	0	0	0	0	0	0	0	0	0	0	0	0	0	0	0	0	0	0	0	0	0	0	0	0	0	0	0	0	0	0	0	0	0	0	0	0	0	0	0	0
Uniq2662	0	0	0	0	0	0	0	0	0	0	0	0	0	0	0	0	0	0	1	1	1	1	1	1	2	0	0	0	0	0	0	0	0	0	0	0	0	0	0	1	1	0	2	0	1	2	1	1
Uniq2309	0	0	0	0	0	0	0	0	0	0	0	0	0	0	0	0	0	0	0	0	0	0	0	0	0	0	0	0	0	0	0	0	0	0	0	0	0	0	0	0	0	0	0	0	0	0	0	0
Uniq1091	0	0	0	0	0	0	0	0	0	0	0	0	0	0	0	0	0	0	0	0	0	0	0	0	0	0	0	0	0	0	0	0	0	0	0	0	0	0	0	0	0	0	0	0	0	0	0	0
Uniq2763	0	0	0	0	0	0	0	0	0	0	0	0	0	0	0	0	0	0	0	0	0	0	0	0	0	0	0	0	0	0	0	0	0	0	0	0	0	0	0	0	0	0	0	0	0	0	0	0
Uniq2266	0	0	0	0	0	0	0	0	0	0	0	0	0	0	0	0	0	0	0	0	0	0	0	0	0	0	0	0	0	0	0	0	0	0	0	0	0	0	0	0	0	0	0	0	0	0	0	0
Uniq707	0	0	0	0	0	0	0	0	0	0	0	0	0	0	0	0	0	0	0	0	0	0	0	0	0	0	0	0	0	0	0	0	0	0	0	0	0	0	0	0	0	0	0	0	0	0	0	0
Uniq2768	0	0	0	0	0	0	0	0	0	0	0	0	0	0	0	0	0	0	0	0	0	0	0	0	0	0	0	0	0	0	0	0	0	0	0	0	0	0	0	0	0	0	0	0	0	0	0	0
Uniq1157	0	0	0	0	0	0	0	0	0	0	0	0	0	0	0	0	0	0	0	0	0	0	0	0	0	0	0	0	0	0	0	0	0	0	0	0	0	0	0	0	0	0	0	0	0	0	0	0
Uniq1180	0	0	0	0	0	0	0	0	0	0	0	0	0	0	0	0	0	0	0	0	0	0	0	0	0	0	0	0	0	0	0	0	0	0	0	0	0	0	0	0	0	0	0	0	0	0	0	0
Uniq1411	0	0	0	0	0	0	0	0	0	0	0	0	0	0	0	0	0	0	0	0	0	0	0	0	0	0	0	0	0	0	0	0	0	0	0	0	0	0	0	0	0	0	0	0	0	0	0	0
Uniq395	0	0	0	0	0	0	0	0	0	0	0	0	0	0	0	0	0	0	0	0	0	0	0	0	0	0	0	0	0	0	0	0	0	0	0	0	0	0	0	0	0	0	0	0	0	0	0	0
Uniq806	0	0	0	0	0	0	0	0	0	0	0	0	0	0	0	0	0	0	0	0	0	0	0	0	0	0	0	0	0	0	0	0	0	0	0	0	0	0	0	0	0	0	0	0	0	0	0	0
Uniq833	0	0	0	0	0	0	0	0	0	0	0	0	0	0	0	0	0	0	0	0	0	0	0	0	0	0	0	0	0	0	0	0	0	0	0	0	0	0	0	0	0	0	0	0	0	0	0	0
Uniq1182	0	0	0	0	0	0	0	0	0	0	0	0	0	0	0	0	0	0	0	0	0	0	0	0	0	0	0	0	0	0	0	0	0	0	0	0	0	0	0	0	0	0	0	0	0	0	0	0
Uniq420	0	0	0	0	0	0	0	0	0	0	0	0	0	0	0	0	0	0	0	0	0	0	0	0	0	0	0	0	0	0	0	0	0	0	0	0	0	0	0	0	0	0	0	0	0	0	0	0
Uniq1450	0	0	0	0	0	0	0	0	0	0	0	0	0	0	0	0	0	0	0	0	0	0	0	0	0	0	0	0	0	0	0	0	0	0	0	0	0	0	0	0	0	0	0	0	0	0	0	0
Uniq667	0	0	0	0	0	0	0	0	0	0	0	0	0	0	0	0	0	0	0	0	0	0	0	0	0	0	0	0	0	0	0	0	0	0	0	0	0	0	0	0	0	0	0	0	0	0	0	0
Uniq1628	0	0	0	0	0	0	0	0	0	0	0	0	0	0	0	0	0	0	0	0	0	0	0	0	0	0	0	0	0	0	0	0	0	0	0	0	0	0	0	0	0	0	0	0	0	0	0	0
Uniq3626	0	0	0	0	0	0	0	0	0	0	0	0	0	0	0	1	0	0	5	0	0	0	0	0	0	0	0	0	0	0	0	0	0	0	0	0	0	0	0	0	0	0	0	0	0	0	0	0
Uniq1562	0	0	0	0	0	0	0	0	0	0	0	0	0	0	0	0	0	0	0	0	0	0	0	0	0	0	0	0	0	0	0	0	0	0	0	0	0	0	0	0	0	0	0	0	0	0	0	0
Uniq1199	0	0	0	0	0	0	0	0	0	0	0	0	0	0	0	0	0	0	0	0	0	0	0	0	0	0	0	0	0	0	0	0	0	0	0	0	0	0	0	0	0	0	0	0	0	0	0	0
Uniq1312	0	0	0	0	0	0	0	0	0	0	0	0	0	0	0	0	0	0	0	0	0	0	0	0	0	0	0	0	0	0	0	0	0	0	0	0	0	0	0	0	0	0	0	0	0	0	0	0
Uniq3049	0	0	0	0	0	0	0	0	0	0	0	0	0	0	0	0	0	0	0	0	0	0	0	0	0	0	0	0	0	0	0	0	0	0	0	0	0	0	0	0	0	0	0	0	0	0	0	0
Uniq987	0	0	0	0	0	0	0	0	0	0	0	0	0	0	0	0	0	0	0	0	0	0	0	0	0	0	0	0	0	0	0	0	0	0	0	0	0	0	0	0	0	0	0	0	0	0	0	0
Uniq835	0	0	0	0	0	0	0	0	0	0	0	0	0	0	0	0	0	0	0	0	0	0	0	0	0	0	0	0	0	0	0	0	0	0	0	0	0	0	0	0	0	0	0	0	0	0	0	0
Uniq1273	0	0	0	0	0	0	0	0	0	0	0	0	0	0	0	0	0	0	0	0	0	0	0	0	0	0	0	0	0	0	0	0	0	0	0	0	0	0	0	0	0	0	0	0	0	0	0	0
Uniq1271	0	0	0	0	0	0	0	0	0	0	0	0	0	0	0	0	0	0	0	0	0	0	0	0	0	0	0	0	0	0	0	0	0	0	0	0	0	0	0	0	0	0	0	0	0	0	0	0
Uniq2137	0	0	0	0	0	0	0	0	0	0	0	0	0	0	0	0	0	0	0	0	0	0	0	0	0	0	0	0	0	0	0	0	0	0	0	0	0	0	0	0	0	0	0	0	0	0	0	0
Uniq907	0	0	0	0	0	0	0	0	0	0	0	0	0	0	0	0	0	0	0	0	0	0	0	0	0	0	0	0	0	0	0	0	0	0	0	0	0	0	0	0	0	0	0	0	0	0	0	0
Uniq1011	0	0	0	0	0	0	0	0	0	0	0	0	0	0	0	0	0	0	0	0	0	0	0	0	0	0	0	0	0	0	0	0	0	0	0	0	0	0	0	0	0	0	0	0	0	0	0	0
Uniq1472	0	0	0	0	0	0	0	0	0	0	0	0	0	0	0	0	0	0	0	0	0	0	0	0	0	0	0	0	0	0	0	0	0	0	0	0	0	0	0	0	0	0	0	0	0	0	0	0
Uniq1432	0	0	0	0	0	0	0	0	0	0	0	0	0	0	0	0	0	0	0	0	0	0	0	0	0	0	0	0	0	0	0	0	0	0	0	0	0	0	0	0	0	0	0	0	0	0	0	0
Uniq1010	0	0	0	0	0	0	0	0	0	0	0	0	0	0	0	0	0	0	0	0	0	0	0	0	0	0	0	0	0	0	0	0	0	0	0	0	0	0	0	0	0	0	0	0	0	0	0	0
Uniq1371	0	0	0	0	0	0	0	0	0	0	0	0	0	0	0	0	0	0	0	0	0	0	0	0	0	0	0	0	0	0	0	0	0	0	0	0	0	0	0	0	0	0	0	0	0	0	0	0
Uniq1819	0	0	0	0	0	0	0	0	0	0	0	0	0	0	0	0	0	0	0	0	0	0	0	0	0	0	0	0	0	0	0	0	0	0	0	0	0	0	0	0	0	0	0	0	0	0	0	0
Uniq1619	0	0	0	0	0	0	0	0	0	0	0	0	0	0	0	0	0	0	0	0	0	0	0	0	0	0	0	0	0	0	0	0	0	0	0	0	0	0	0	0	0	0	0	0	0	0	0	0
Uniq2853	0	0	0	0	0	0	0	0	0	0	0	0	0	0	0	0	0	0	0	0	0	0	0	0	0	0	0	0	0	0	0	0	0	0	0	0	0	0	0	0	0	0	0	0	0	0	0	0
Uniq1193	0	0	0	0	0	0	0	0	0	0	0	0	0	0	0	0	0	0	0	0	0	0	0	0	0	0	0	0	0	0	0	0	0	0	0	0	0	0	0	0	0	0	0	0	0	0	0	0
Uniq1381	0	0	0	0	0	0	0	0	0	0	0	0	0	0	0	0	0	0	0	0	0	0	0	0	0	0	0	0	0	0	0	0	0	0	0	0	0	0	0	0	0	0	0	0	0	0	0	0
Uniq903	0	0	0	0	0	0	0	0	0	0	0	0	0	0	0	0	0	0	0	0	0	0	0	0	0	0	0	0	0	0	0	0	0	0	0	0	0	0	0	0	0	0	0	0	0	0	0	0
Uniq975	0	0	0	0	0	0	0	0	0	0	0	0	0	0	0	0	0	0	0	0	0	0	0	0	0	0	0	0	0	0	0	0	0	0	0	0	0	0	0	0	0	0	0	0	0	0	0	0
Uniq261	0	0	0	0	0	0	0	0	0	0	0	0	0	0	0	0	0	0	0	0	0	0	0	0	0	0	0	0	0	0	0	0	0	0	0	0	0	0	0	0	0	0	0	0	0	0	0	0
Uniq948	0	0	0	0	0	0	0	0	0	0	0	0	0	0	0	0	0	0	0	0	0	0	0	0	0	0	0	0	0	0	0	0	0	0	0	0	0	0	0	0	0	0	0	0	0	0	0	0
Uniq3780	0	0	0	0	0	0	0	0	0	0	0	0	0	0	0	0	0	0	0	0	0	0	0	0	0	0	0	0	0	0	0	0	0	0	0	0	0	0	0	0	0	0	0	0	0	0	0	0
Uniq1445	0	0	0	0	0	0	0	0	0	0	0	0	0	0	0	0	0	0	0	0	0	0	0	0	0	0	0	0	0	0	0	0	0	0	0	0	0	0	0	0	0	0	0	0	0	0	0	0
Uniq734	0	0	0	0	0	0	0	0	0	0	0	0	0	0	0	0	0	0	0	0	0	0	0	0	0	0	0	0	0	0	0	0	0	0	0	0	0	0	0	0	0	0	0	0	0	0	0	0
Uniq1210	0	0	0	0	0	0	0	0	0	0	0	0	0	0	0	0	0	0	0	0	0	0	0	0	0	0	0	0	0	0	0	0	0	0	0	0	0	0	0	0	0	0	0	0	0	0	0	0
Uniq1155	0	0	0	0	0	0	0	0	0	0	0	0	0	0	0	0	0	0	0	0	0	0	0	0	0	0	0	0	0	0	0	0	0	0	0	0	0	0	0	0	0	0	0	0	0	0	0	0
Uniq4083	0	0	0	0	0	0	0	0	0	0	0	0	0	0	0	0	0	0	0	0	0	0	0	0	0	0	0	0	0	0	0	0	0	0	0	0	0	0	0	0	0	0	0	0	0	0	0	0
Uniq3260	0	0	0	0	0	0	0	0	0	0	0	0	0	0	0	0	0	0	0	0	0	0	0	0	0	0	0	0	0	0	0	0	0	0	0	0	0	0	0	0	0	0	0	0	0	0	0	0
Uniq1262	0	0	0	0	0	0	0	0	0	0	0	0	0	0	0	0	0	0	0	0	0	0	0	0	0	0	0	0	0	0	0	0	0	0	0	0	0	0	0	0	0	0	0	0	0	0	0	0
Uniq1454	0	0	0	0	0	0	0	0	0	0	0	0	0	0	0	0	0	0	0	4	0	6	0	5	0	0	0	0	0	0	0	0	0	0	0	0	0	0	0	0	5	0	6	0	6	0	0	0
Uniq338	0	0	0	0	0	0	0	0	0	0	0	0	0	0	0	0	0	0	0	0	0	0	0	0	0	0	0	0	0	0	0	0	0	0	0	0	0	0	0	0	0	0	0	0	0	0	0	0
Uniq3024	0	0	0	0	0	0	0	0	0	0	0	0	0	0	0	0	0	0	0	0	0	0	0	0	0	0	0	0	0	0	0	0	0	0	0	0	0	0	0	0	0	0	0	0	0	0	0	0
Uniq1360	0	0	0	0	0	0	0	0	0	0	0	0	0	0	0	0	0	0	0	0	0	0	0	0	0	0	0	0	0	0	0	0	0	0	0	0	0	0	0	0	0	0	0	0	0	0	0	0
Uniq1023	0	0	0	0	0	0	0	0	0	0	0	0	0	0	0	0	0	0	0	0	0	0	0	0	0	0	0	0	0	0	0	0	0	0	0	0	0	0	0	0	0	0	0	0	0	0	0	0
Uniq424	0	0	0	0	0	0	0	0	0	0	0	0	0	0	0	0	0	0	0	0	0	0	0	0	0	0	0	0	0	0	0	0	0	0	0	0	0	0	0	0	0	0	0	0	0	0	0	0
Uniq1308	0	0	0	0	0	0	0	0	0	0	0	0	0	0	0	0	0	0	0	0	0	0	0	0	0	0	0	0	0	0	0	0	0	0	0	0	0	0	0	0	0	0	0	0	0	0	0	0
Uniq520	0	0	0	0	0	0	0	0	0	0	0	0	0	0	0	0	0	0	0	0	0	0	0	0	0	0	0	0	0	0	0	0	0	0	0	0	0	0	0	0	0	0	0	0	0	0	0	0
Uniq603	0	0	0	0	0	0	0	0	0	0	0	0	0	0	0	0	0	0	0	0	0	0	0	0	0	0	0	0	0	0	0	0	0	0	0	0	0	0	0	0	0	0	0	0	0	0	0	0
Uniq450	0	0	0	0	0	0	0	0	0	0	0	0	0	0	0	0	0	0	0	0	0	0	0	0	0	0	0	0	0	0	0	0	0	0	0	0	0	0	0	0	0	0	0	0	0	0	0	0
Uniq3578	0	0	0	0	0	0	0	0	0	0	0	0	0	0	0	0	0	0	0	0	0	0	0	0	0	0	0	0	0	0	0	0	0	0	0	0	0	0	0	0	0	0	0	0	0	0	0	0
Uniq2850	0	0	0	0	0	0	0	0	0	0	0	0	0	0	0	0	0	0	0	0	0	0	0	0	0	0	0	0	0	0	0	0	0	0	0	0	0	0	0	0	0	0	0	0	0	0	0	0
Uniq3054	0	0	0	0	0	0	0	0	0	0	0	0	0	0	0	0	0	0	0	0	0	0	0	0	0	0	0	0	0	0	0	0	0	0	0	0	0	0	0	0	0	0	0	0	0	0	0	0
Uniq1274	0	0	0	0	0	0	0	0	0	0	0	0	0	0	0	0	0	0	0	0	0	0	0	0	0	0	0	0	0	0	0	0	0	0	0	0	0	0	0	0	0	0	0	0	0	0	0	0
Uniq924	0	0	0	0	0	0	0	0	0	0	0	0	0	0	0	0	0	0	0	0	0	0	0	0	0	0	0	0	0	0	0	0	0	0	0	0	0	0	0	0	0	0	0	0	0	0	0	0
Uniq580	0	0	0	0	0	0	0	0	0	0	0	0	0	0	0	0	0	0	0	0	0	0	0	0	0	0	0	0	0	0	0	0	0	0	0	0	0	0	0	0	0	0	0	0	0	0	0	0
Uniq1881	0	0	0	0	0	0	0	0	0	0	0	0	0	0	0	0	0	0	0	0	0	0	0	0	0	0	0	0	0	0	0	0	0	0	0	0	0	0	0	0	0	0	0	0	0	0	0	0
Uniq1662	0	0	0	0	0	0	0	0	0	0	0	0	0	0	0	0	0	0	0	0	0	0	0	0	0	0	0	0	0	0	0	0	0	0	0	0	0	0	0	0	0	0	0	0	0	0	0	0
Uniq697	0	0	0	0	0	0	0	0	0	0	0	0	0	0	0	0	0	0	0	0	0	0	0	0	0	0	0	0	0	0	0	0	0	0	0	0	0	0	0	0	0	0	0	0	0	0	0	0
Uniq2300	0	0	0	0	0	0	0	0	0	0	0	0	0	0	0	0	0	0	0	0	0	0	0	0	0	0	0	0	0	0	0	0	0	0	0	0	0	0	0	0	0	0	0	0	0	0	0	0
Uniq2418	0	0	0	0	0	0	0	0	0	0	0	0	0	0	0	0	0	0	0	0	0	0	0	0	0	0	0	0	0	0	0	0	0	0	0	0	0	0	0	0	0	0	0	0	0	0	0	0
Uniq177	0	0	0	0	0	0	0	0	0	0	0	0	0	0	0	0	0	0	0	0	0	0	0	0	0	0	0	0	0	0	0	0	0	0	0	0	0	0	0	0	0	0	0	0	0	0	0	0
Uniq4015	0	0	0	0	0	0	0	0	0	0	0	0	0	0	0	0	0	0	0	0	0	0	0	0	0	0	0	0	0	0	0	0	0	0	0	0	0	0	0	0	0	0	0	0	0	0	0	0
Uniq1544	0	0	0	0	0	0	0	0	0	0	0	0	0	0	0	0	0	0	0	0	0	0	0	0	0	0	0	0	0	0	0	0	0	0	0	0	0	0	0	0	0	0	0	0	0	0	0	0
Uniq841	0	0	0	0	0	0	0	0	0	0	0	0	0	0	0	0	0	0	0	0	0	0	0	0	0	0	0	0	0	0	0	0	0	0	0	0	0	0	0	0	0	0	0	0	0	0	0	0
Uniq1551	0	0	0	0	0	0	0	0	0	0	0	0	0	0	0	0	0	0	0	0	0	0	0	0	0	0	0	0	0	0	0	0	0	0	0	0	0	0	0	0	0	0	0	0	0	0	0	0
Uniq3940	0	0	0	0	0	0	0	0	0	0	0	0	0	0	0	0	0	0	0	0	0	0	0	0	0	0	0	0	0	0	0	0	0	0	0	0	0	0	0	0	0	0	0	0	0	0	0	0
Uniq2394	0	0	0	0	0	0	0	0	0	0	0	0	0	0	0	0	0	0	0	0	0	0	0	0	0	0	0	0	0	0	0	0	0	0	0	0	0	0	0	0	0	0	0	0	0	0	0	0
Uniq3899	0	0	0	0	0	0	0	0	0	0	0	0	0	0	0	1	0	0	4	0	0	0	0	0	0	0	1	0	0	0	0	0	0	0	0	0	0	0	0	0	0	0	0	0	0	0	0	0
Uniq537	0	0	0	0	0	0	0	0	0	0	0	0	0	0	0	0	0	0	0	0	0	0	0	0	0	0	0	0	0	0	0	0	0	0	0	0	0	0	0	0	0	0	0	0	0	0	0	0
Uniq605	0	0	0	0	0	0	0	0	0	0	0	0	0	0	0	0	0	0	0	0	0	0	0	0	0	0	0	0	0	0	0	0	0	0	0	0	0	0	0	0	0	0	0	0	0	0	0	0
Uniq963	0	0	0	0	0	0	0	0	0	0	0	0	0	0	0	0	0	0	0	0	0	0	0	0	0	0	0	0	0	0	0	0	0	0	0	0	0	0	0	0	0	0	0	0	0	0	0	0
Uniq931	0	0	0	0	0	0	0	0	0	0	0	0	0	0	0	0	0	0	0	0	0	0	0	0	0	0	0	0	0	0	0	0	0	0	0	0	0	0	0	0	0	0	0	0	0	0	0	0
Uniq2731	0	0	0	0	0	0	0	0	0	0	0	0	0	0	0	0	0	0	0	0	0	0	0	0	0	0	0	0	0	0	0	0	0	0	0	0	0	0	0	0	0	0	0	0	0	0	0	0
Uniq1071	0	0	0	0	0	0	0	0	0	0	0	0	0	0	0	0	0	0	0	0	0	0	0	0	0	0	0	0	0	0	0	0	0	0	0	0	0	0	0	0	0	0	0	0	0	0	0	0
Uniq1515	0	0	0	0	0	0	0	0	0	0	0	0	0	0	0	0	0	0	0	0	0	0	0	0	0	0	0	0	0	0	0	0	0	0	0	0	0	0	0	0	0	0	0	0	0	0	0	0
Uniq432	0	0	0	0	0	0	0	0	0	0	0	0	0	0	0	0	0	0	0	0	0	0	0	0	0	0	0	0	0	0	0	0	0	0	0	0	0	0	0	0	0	0	0	0	0	0	0	0
Uniq2282	0	0	0	0	0	0	0	0	0	0	0	0	0	0	0	0	0	0	0	0	0	0	0	0	0	0	0	0	0	0	0	0	0	0	0	0	0	0	0	0	0	0	0	0	0	0	0	0
Uniq4140	0	0	0	0	0	0	0	0	0	0	0	0	0	0	0	0	0	0	0	0	0	0	0	0	0	0	0	0	0	0	0	0	0	0	0	0	0	0	0	0	0	0	0	0	0	0	0	0
Uniq2096	0	0	0	0	0	0	0	0	0	0	0	0	0	0	0	0	0	0	0	0	0	0	0	0	0	0	0	0	0	0	0	0	0	0	0	0	0	0	0	0	0	0	0	0	0	0	0	0
Uniq500	0	0	0	0	0	0	0	0	0	0	0	0	0	0	0	0	0	0	0	0	0	0	0	0	0	0	0	0	0	0	0	0	0	0	0	0	0	0	0	0	0	0	0	0	0	0	0	0
Uniq2974	0	0	0	0	0	0	0	0	0	0	0	0	0	0	0	0	0	0	0	0	0	0	0	0	0	0	0	0	0	0	0	0	0	0	0	0	0	0	0	0	0	0	0	0	0	0	0	0
Uniq1053	0	0	0	0	0	0	0	0	0	0	0	0	0	0	0	0	0	0	0	0	0	0	0	0	0	0	0	0	0	0	0	0	0	0	0	0	0	0	0	0	0	0	0	0	0	0	0	0
Uniq3557	0	0	0	0	0	0	0	0	0	0	0	0	0	0	0	0	0	0	0	0	0	0	0	0	0	0	0	0	0	0	0	0	0	0	0	0	0	0	0	0	0	0	0	0	0	0	0	0
Uniq3490	0	0	0	0	0	0	0	0	0	0	0	0	0	0	0	0	0	0	0	0	0	0	0	0	0	0	0	0	0	0	0	0	0	0	0	0	0	0	0	0	0	0	0	0	0	0	0	0
Uniq795	0	0	0	0	0	0	0	0	0	0	0	0	0	0	0	0	0	0	0	0	0	0	0	0	0	0	0	0	0	0	0	0	0	0	0	0	0	0	0	0	0	0	0	0	0	0	0	0
Uniq2392	0	0	0	0	0	0	0	0	0	0	0	0	0	0	0	0	0	0	0	0	0	0	0	0	0	0	0	0	0	0	0	0	0	0	0	0	0	0	0	0	0	0	0	0	0	0	0	0
Uniq1850	0	0	0	0	0	0	0	0	0	0	0	0	0	0	0	0	0	0	3	1	2	3	3	2	2	1	3	0	0	0	0	0	0	0	0	0	0	0	0	2	2	2	3	3	3	3	3	1
Uniq1130	0	0	0	0	0	0	0	0	0	0	0	0	0	0	0	0	0	0	0	0	0	0	0	0	0	0	0	0	0	0	0	0	0	0	0	0	0	0	0	0	0	0	0	0	0	0	0	0
Uniq1949	0	0	0	0	0	0	0	0	0	0	0	0	0	0	0	0	0	0	0	0	0	0	0	0	0	0	0	0	0	0	0	0	0	0	0	0	0	0	0	0	0	0	0	0	0	0	0	0
Uniq1469	0	0	0	0	0	0	0	0	0	0	0	0	0	0	0	0	0	0	0	0	0	0	0	0	0	0	0	0	0	0	0	0	0	0	0	0	0	0	0	0	0	0	0	0	0	0	0	0
Uniq4235	0	0	0	0	0	0	0	0	0	0	0	0	0	0	0	0	0	0	0	0	0	0	0	0	0	0	0	0	0	0	0	0	0	0	0	0	0	0	0	0	0	0	0	0	0	0	0	0
Uniq3610	0	0	0	0	0	0	0	0	0	0	0	0	0	0	0	0	0	0	0	0	0	0	0	0	0	0	0	0	0	0	0	0	0	0	0	0	0	0	0	0	0	0	0	0	0	0	0	0
Uniq3779	0	0	0	0	0	0	0	0	0	0	0	0	0	0	0	0	0	0	0	0	0	0	0	0	0	0	0	0	0	0	0	0	0	0	0	0	0	0	0	0	0	0	0	0	0	0	0	0
Uniq1788	0	0	0	0	0	0	0	0	0	0	0	0	0	0	0	0	0	0	0	0	0	0	0	0	0	0	0	0	0	0	0	0	0	0	0	0	0	0	0	0	0	0	0	0	0	0	0	0
Uniq3738	0	0	0	0	0	0	0	0	0	0	0	0	0	0	0	0	1	0	0	0	0	0	0	0	0	0	0	0	0	0	0	0	0	0	0	0	0	0	0	0	0	0	0	0	0	0	0	0
Uniq3850	0	0	0	0	0	0	0	0	0	0	0	0	0	0	0	0	0	0	0	0	0	0	0	0	0	0	0	0	0	0	0	0	0	0	0	0	0	0	0	0	0	0	0	0	0	0	0	0
Uniq1678	0	0	0	0	0	0	0	0	0	0	0	0	0	0	0	0	0	0	0	0	0	0	0	0	0	0	0	0	0	0	0	0	0	0	0	0	0	0	0	0	0	0	0	0	0	0	0	0
Uniq325	0	0	0	0	0	0	0	0	0	0	0	0	0	0	0	0	0	0	0	0	0	0	0	0	0	0	0	0	0	0	0	0	0	0	0	0	0	0	0	0	0	0	0	0	0	0	0	0
Uniq427	0	0	0	0	0	0	0	0	0	0	0	0	0	0	0	0	0	0	0	0	0	0	0	0	0	0	0	0	0	0	0	0	0	0	0	0	0	0	0	0	0	0	0	0	0	0	0	0
Uniq3749	0	0	0	0	0	0	0	0	0	0	0	0	0	0	0	0	0	0	0	0	0	0	0	0	0	0	0	0	0	0	0	0	0	0	0	0	0	0	0	0	0	0	0	0	0	0	0	0
Uniq814	0	0	0	0	0	0	0	0	0	0	0	0	0	0	0	0	0	0	0	0	0	0	0	0	0	0	0	0	0	0	0	0	0	0	0	0	0	0	0	0	0	0	0	0	0	0	0	0
Uniq1113	0	0	0	0	0	0	0	0	0	0	0	0	0	0	0	0	0	0	0	0	0	0	0	0	0	0	0	0	0	0	0	0	0	0	0	0	0	0	0	0	0	0	0	0	0	0	0	0
Uniq551	0	0	0	0	0	0	0	0	0	0	0	0	0	0	0	0	0	0	0	0	0	0	0	0	0	0	0	0	0	0	0	0	0	0	0	0	0	0	0	0	0	0	0	0	0	0	0	0
Uniq2668	0	0	0	0	0	0	0	0	0	0	0	0	0	0	0	0	0	0	0	0	0	0	0	0	0	0	0	0	0	0	0	0	0	0	0	0	0	0	0	0	0	0	0	0	0	0	0	0
Uniq1578	0	0	0	0	0	0	0	0	0	0	0	0	0	0	0	0	0	0	0	0	0	0	0	0	0	0	0	0	0	0	0	0	0	0	0	0	0	0	0	0	0	0	0	0	0	0	0	0
Uniq1301	0	0	0	0	0	0	0	0	0	0	0	0	0	0	0	0	0	0	0	0	0	0	0	0	0	0	0	0	0	0	0	0	0	0	0	0	0	0	0	0	0	0	0	0	0	0	0	0
Uniq1625	0	0	0	0	0	0	0	0	0	0	0	0	0	0	0	0	0	0	0	0	0	0	0	0	0	0	0	0	0	0	0	0	0	0	0	0	0	0	0	0	0	0	0	0	0	0	0	0
Uniq3043	0	0	0	0	0	0	0	0	0	0	0	0	0	0	0	0	0	0	0	0	0	0	0	0	0	0	0	0	0	0	0	0	0	0	0	0	0	0	0	0	0	0	0	0	0	0	0	0
Uniq3622	0	0	0	0	0	0	0	0	0	0	0	0	0	0	0	0	0	0	0	0	0	0	0	0	0	0	0	0	0	0	0	0	0	0	0	0	0	0	0	0	0	0	0	0	0	0	0	0
Uniq694	0	0	0	0	0	0	0	0	0	0	0	0	0	0	0	0	0	0	0	0	0	0	0	0	0	0	0	0	0	0	0	0	0	0	0	0	0	0	0	0	0	0	0	0	0	0	0	0
Uniq2063	0	0	0	0	0	0	0	0	0	0	0	0	0	0	0	0	0	0	0	0	0	0	0	0	0	0	0	0	0	0	0	0	0	0	0	0	0	0	0	0	0	0	0	0	0	0	0	0
Uniq1109	0	0	0	0	0	0	0	0	0	0	0	0	0	0	0	0	0	0	0	0	0	0	0	0	0	0	0	0	0	0	0	0	0	0	0	0	0	0	0	0	0	0	0	0	0	0	0	0
Uniq2149	0	0	0	0	0	0	0	0	0	0	0	0	0	0	0	0	0	0	0	0	0	0	0	0	0	0	0	0	0	0	0	0	0	0	0	0	0	0	0	0	0	0	0	0	0	0	0	0
Uniq856	0	0	0	0	0	0	0	0	0	0	0	0	0	0	0	0	0	0	0	0	0	0	0	0	0	0	0	0	0	0	0	0	0	0	0	0	0	0	0	0	0	0	0	0	0	0	0	0
Uniq1659	0	0	0	0	0	0	0	0	0	0	0	0	0	0	0	0	0	0	0	0	0	0	0	0	0	0	0	0	0	0	0	0	0	0	0	0	0	0	0	0	0	0	0	0	0	0	0	0
Uniq886	0	0	0	0	0	0	0	0	0	0	0	0	0	0	0	0	0	0	0	0	0	0	0	0	0	0	0	0	0	0	0	0	0	0	0	0	0	0	0	0	0	0	0	0	0	0	0	0
Uniq1463	0	0	0	0	0	0	0	0	0	0	0	0	0	0	0	0	0	0	0	0	0	0	0	0	0	0	0	0	0	0	0	0	0	0	0	0	0	0	0	0	0	0	0	0	0	0	0	0
Uniq3775	0	0	0	0	0	0	0	0	0	0	0	0	0	0	0	0	0	0	0	0	0	0	0	0	0	0	0	0	0	0	0	0	0	0	0	0	0	0	0	0	0	0	0	0	0	0	0	0
Uniq4441	0	0	0	0	0	0	0	0	0	0	0	0	0	0	0	0	0	0	0	0	0	0	0	0	0	0	0	0	0	0	0	0	0	0	0	0	0	0	0	0	0	0	0	0	0	0	0	0
Uniq728	0	0	0	0	0	0	0	0	0	0	0	0	0	0	0	0	0	0	0	0	0	0	0	0	0	0	0	0	0	0	0	0	0	0	0	0	0	0	0	0	0	0	0	0	0	0	0	0
Uniq2830	0	0	0	0	0	0	0	0	0	0	0	0	0	0	0	0	0	0	0	0	0	0	0	0	0	0	0	0	0	0	0	0	0	0	0	0	0	0	0	0	0	0	0	0	0	0	0	0
Uniq1523	0	0	0	0	0	0	0	0	0	0	0	0	0	0	0	0	0	0	0	0	0	0	0	0	0	0	0	0	0	0	0	0	0	0	0	0	0	0	0	0	0	0	0	0	0	0	0	0
Uniq3009	0	0	0	0	0	0	0	0	0	0	0	0	0	0	0	0	0	0	0	0	0	0	0	0	0	0	0	0	0	0	0	0	0	0	0	0	0	0	0	0	0	0	0	0	0	0	0	0
Uniq599	0	0	0	0	0	0	0	0	0	0	0	0	0	0	0	0	0	0	0	0	0	0	0	0	0	0	0	0	0	0	0	0	0	0	0	0	0	0	0	0	0	0	0	0	0	0	0	0
Uniq2957	0	0	0	0	0	0	0	0	0	0	0	0	0	0	0	0	0	0	0	0	0	0	0	0	0	0	0	0	0	0	0	0	0	0	0	0	0	0	0	0	0	0	0	0	0	0	0	0
Uniq1776	0	0	0	0	0	0	0	0	0	0	0	0	0	0	0	0	0	0	0	0	0	0	0	0	0	0	0	0	0	0	0	0	0	0	0	0	0	0	0	0	0	0	0	0	0	0	0	0
Uniq815	0	0	0	0	0	0	0	0	0	0	0	0	0	0	0	0	0	0	0	0	0	0	0	0	0	0	0	0	0	0	0	0	0	0	0	0	0	0	0	0	0	0	0	0	0	0	0	0
Uniq3735	0	0	0	0	0	0	0	0	0	0	0	0	0	0	0	0	0	0	1	1	0	1	0	1	0	1	0	0	0	0	0	0	0	0	0	0	0	0	0	1	1	1	1	0	1	1	1	1
Uniq4502	0	0	0	0	0	0	0	0	0	0	0	0	0	0	0	0	0	0	1	1	1	1	0	0	0	1	1	0	0	0	0	0	0	0	0	0	0	0	0	1	1	1	0	1	1	2	1	1
Uniq3217	0	0	0	0	0	0	0	0	0	0	0	0	0	0	0	0	0	0	1	0	0	1	1	1	1	0	0	0	0	0	0	0	0	0	0	0	0	0	0	1	1	0	1	1	1	1	1	0
Uniq4051	0	0	0	0	0	0	0	0	0	0	0	0	0	0	0	0	0	0	2	0	1	0	0	0	0	0	1	0	0	0	0	0	0	0	0	0	0	0	0	1	0	1	0	1	0	1	1	0
Uniq2977	0	0	0	0	0	0	0	0	0	0	0	0	0	0	0	0	0	0	1	0	1	0	0	0	0	1	0	0	0	0	0	0	0	0	0	0	0	0	0	0	0	1	0	1	0	1	1	1
Uniq2045	0	0	0	0	0	0	0	0	0	0	0	0	0	0	0	0	0	0	2	1	2	2	2	2	2	2	2	0	0	0	0	0	0	0	0	0	0	0	0	1	1	2	2	2	1	3	2	0
Uniq3590	0	0	0	0	0	0	0	0	0	0	0	0	0	0	0	0	0	0	1	0	0	0	1	0	0	1	1	0	0	0	0	0	0	0	0	0	0	0	0	1	0	1	0	1	0	1	1	0
Uniq1508	0	0	0	0	0	0	0	0	0	0	0	0	0	0	0	0	0	0	2	1	1	3	3	1	1	2	2	0	0	0	0	0	0	0	0	0	0	0	0	2	1	1	2	3	1	2	2	1
Uniq2935	0	0	0	0	0	0	0	0	0	0	0	0	0	0	0	0	0	0	1	0	0	1	1	0	1	1	0	0	0	0	0	0	0	0	0	0	0	0	0	0	0	1	2	0	1	2	1	1
Uniq3060	0	0	0	0	0	0	0	0	0	0	0	0	0	0	0	0	0	0	1	1	1	1	1	1	1	1	1	0	0	0	0	0	0	0	0	0	0	0	0	1	2	1	1	1	1	1	0	0
Uniq2406	0	0	0	0	0	0	0	0	0	0	0	0	0	0	0	0	0	0	3	1	2	2	2	1	1	1	2	0	0	0	0	0	0	0	0	0	0	0	0	2	2	1	1	1	2	2	2	1
Uniq1915	0	0	0	0	0	0	0	0	0	0	0	0	0	0	0	0	0	0	4	2	3	4	3	2	2	3	3	0	0	0	0	0	0	0	0	0	0	0	0	2	2	2	2	2	2	2	3	2
Uniq1447	0	0	0	0	0	0	0	0	0	0	0	0	0	0	0	0	0	0	3	1	2	3	1	1	1	2	2	0	0	0	0	0	0	0	0	0	0	0	0	2	1	2	1	3	1	4	2	2
Uniq3567	0	0	0	0	0	0	0	0	0	0	0	0	0	0	0	0	0	0	0	0	1	1	2	1	0	0	1	0	0	0	0	0	0	0	0	0	0	0	0	1	1	1	1	1	1	1	0	0
Uniq1520	0	0	0	0	0	0	0	0	0	0	0	0	0	0	0	0	0	0	3	4	4	4	3	1	3	2	3	0	0	0	0	0	0	0	0	0	0	0	0	2	3	3	4	5	3	4	4	1
Uniq974	0	0	0	0	0	0	0	0	0	0	0	0	0	0	0	0	0	0	8	7	7	8	6	5	6	6	7	0	0	0	0	0	0	0	0	0	0	0	0	6	8	6	8	7	6	8	9	5
Uniq3111	0	0	0	0	0	0	0	0	0	0	0	0	0	0	0	0	0	0	0	0	0	0	0	0	0	0	0	0	0	0	0	0	0	0	0	0	0	0	0	0	0	0	0	0	0	0	0	0
Uniq1255	0	0	0	0	0	0	0	0	0	0	0	0	0	0	0	0	0	0	4	3	4	3	4	1	4	4	5	0	0	0	0	0	0	0	0	0	0	0	0	3	5	4	4	5	3	6	6	3
Uniq1049	0	0	0	0	0	0	0	0	0	0	0	0	0	0	0	0	0	0	4	4	3	7	4	3	4	4	3	0	0	0	0	0	0	0	0	0	0	0	0	2	3	4	4	5	5	5	5	2
Uniq1001	0	0	0	0	0	0	0	0	0	0	0	0	0	0	0	0	0	0	6	4	3	6	5	5	3	4	5	0	0	0	0	0	0	0	0	0	0	0	0	4	6	4	5	5	5	6	5	3
Uniq33	0	0	0	0	0	0	0	0	0	0	0	0	0	0	0	0	0	0	1	0	1	0	0	0	1	0	1	0	0	0	0	0	0	0	0	0	0	0	0	0	0	1	0	0	0	1	0	0
Uniq2016	0	0	0	0	0	0	0	0	0	0	0	0	0	0	0	0	0	0	1	1	1	2	2	1	1	1	1	0	0	0	0	0	0	0	0	0	0	0	0	1	1	1	1	2	1	1	1	1
Uniq3203	0	0	0	0	0	0	0	0	0	0	0	0	0	0	0	0	0	0	1	0	1	1	1	0	1	0	1	0	0	0	0	0	0	0	0	0	0	0	0	0	1	1	1	1	1	1	1	1
Uniq2239	0	0	0	0	0	0	0	0	0	0	0	0	0	0	0	0	0	0	1	0	1	0	2	0	2	1	1	0	0	0	0	0	0	0	0	0	0	0	0	0	0	1	0	1	0	1	2	0
Uniq3586	0	0	0	0	0	0	0	0	0	0	0	0	0	0	0	0	0	0	1	1	1	1	1	2	1	1	1	0	0	0	0	0	0	0	0	0	0	0	0	1	1	1	1	1	1	2	2	0
Uniq3808	0	0	0	0	0	0	0	0	0	0	0	0	0	0	0	0	0	0	1	0	0	0	1	0	0	0	1	0	0	0	0	0	0	0	0	0	0	0	0	1	0	0	0	1	0	1	0	1
Uniq4213	0	0	0	0	0	0	0	0	0	0	0	0	0	0	0	0	0	0	1	0	1	0	1	0	1	0	0	0	0	0	0	0	0	0	0	0	0	0	0	0	0	0	0	0	0	1	1	0
Uniq2442	0	0	0	0	0	0	0	0	0	0	0	0	0	0	0	0	0	0	1	0	1	2	1	2	1	1	1	0	0	0	0	0	0	0	0	0	0	0	0	1	1	1	2	2	2	2	2	0
Uniq3103	0	0	0	0	0	0	0	0	0	0	0	0	0	0	0	0	0	0	0	1	1	1	0	1	0	0	0	0	0	0	0	0	0	0	0	0	0	0	0	0	0	1	1	1	0	1	0	0
Uniq3090	0	0	0	0	0	0	0	0	0	0	0	0	0	0	0	0	0	0	1	0	1	0	1	0	1	2	0	0	0	0	0	0	0	0	0	0	0	0	0	1	0	1	0	0	0	1	1	0
Uniq1923	0	0	0	0	0	0	0	0	0	0	0	0	0	0	0	0	0	0	1	2	1	2	1	2	1	1	1	0	0	0	0	0	0	0	0	0	0	0	0	2	2	1	3	1	2	2	3	2
Uniq2647	0	0	0	0	0	0	0	0	0	0	0	0	0	0	0	0	0	0	1	0	1	0	1	0	1	1	1	0	0	0	0	0	0	0	0	0	0	0	0	1	0	1	0	0	0	1	0	1
Uniq1876	0	0	0	0	0	0	0	0	0	0	0	0	0	0	0	0	0	0	1	0	2	0	2	0	1	1	1	0	0	0	0	0	0	0	0	0	0	0	0	1	0	1	0	1	0	2	1	0
Uniq2498	0	0	0	0	0	0	0	0	0	0	0	0	0	0	0	0	0	0	1	0	0	0	0	0	0	0	1	0	0	0	0	0	0	0	0	0	0	0	0	0	0	0	0	1	0	0	1	1
Uniq1903	0	0	0	0	0	0	0	0	0	0	0	0	0	0	0	0	0	0	1	0	1	0	1	0	0	1	2	0	0	0	0	0	0	0	0	0	0	0	0	1	0	1	0	1	0	2	2	0
Uniq2732	0	0	0	0	0	0	0	0	0	0	0	0	0	0	0	0	0	0	1	0	0	0	0	0	1	1	1	0	0	0	0	0	0	0	0	0	0	0	0	1	0	0	0	1	0	0	1	0
Uniq3272	0	0	0	0	0	0	0	0	0	0	0	0	0	0	0	0	0	0	1	0	1	0	1	0	1	1	1	0	0	0	0	0	0	0	0	0	0	0	0	1	0	1	0	2	0	1	2	1
Uniq2441	0	0	0	0	0	0	0	0	0	0	0	0	0	0	0	0	0	0	1	1	0	1	1	1	1	1	1	0	0	0	0	0	0	0	0	0	0	0	0	1	1	1	1	1	2	1	2	1
Uniq3366	0	0	0	0	0	0	0	0	0	0	0	0	0	0	0	0	0	0	1	0	0	1	0	1	1	0	1	0	0	0	0	0	0	0	0	0	0	0	0	1	1	1	1	1	0	1	1	0
Uniq3825	0	0	0	0	0	0	0	0	0	0	0	0	0	0	0	0	0	0	0	0	0	1	0	0	0	0	0	0	0	0	0	0	0	0	0	0	0	0	0	0	0	0	0	0	0	0	1	0
Uniq3803	0	0	0	0	0	0	0	0	0	0	0	0	0	0	0	0	0	0	0	1	0	1	1	1	1	0	1	0	0	0	0	0	0	0	0	0	0	0	0	0	0	0	1	0	0	1	0	0
Uniq1491	0	0	0	0	0	0	0	0	0	0	0	0	0	0	0	0	0	0	3	0	1	0	1	0	1	1	1	0	0	0	0	0	0	0	0	0	0	0	0	1	0	2	0	1	0	2	2	1
Uniq4281	0	0	0	0	0	0	0	0	0	0	0	0	0	0	0	0	0	0	0	1	0	0	0	1	0	0	0	0	0	0	0	0	0	0	0	0	0	0	0	0	0	0	0	0	1	1	0	0
Uniq3633	0	0	0	0	0	0	0	0	0	0	0	0	0	0	0	0	0	0	1	0	0	1	0	1	0	0	0	0	0	0	0	0	0	0	0	0	0	0	0	1	0	0	0	1	0	1	1	0
Uniq3566	0	0	0	0	0	0	0	0	0	0	0	0	0	0	0	0	0	0	1	0	0	1	1	1	1	0	1	0	0	0	0	0	0	0	0	0	0	0	0	1	1	1	1	0	1	1	0	1
Uniq3552	0	0	0	0	0	0	0	0	0	0	0	0	0	0	0	0	0	0	0	0	1	1	1	1	1	0	1	0	0	0	0	0	0	0	0	0	0	0	0	0	1	1	0	1	1	1	1	0
Uniq3739	0	0	0	0	0	0	0	0	0	0	0	0	0	0	0	0	0	0	0	1	0	1	1	0	1	1	1	0	0	0	0	0	0	0	0	0	0	0	0	0	1	1	1	0	1	1	1	1
Uniq3574	0	0	0	0	0	0	0	0	0	0	0	0	0	0	0	0	0	0	0	0	0	0	0	0	0	0	1	0	0	0	0	0	0	0	0	0	0	0	0	1	0	1	0	1	0	1	1	0
Uniq1714	0	0	0	0	0	0	0	0	0	0	0	0	0	0	0	0	0	0	3	1	3	2	2	1	1	2	3	0	0	0	0	0	0	0	0	0	0	0	0	1	2	2	2	2	1	3	2	1
Uniq2544	0	0	0	0	0	0	0	0	0	0	0	0	0	0	0	0	0	0	2	0	1	0	1	0	1	1	1	0	0	0	0	0	0	0	0	0	0	0	0	1	0	1	0	2	0	2	1	0
Uniq2203	0	0	0	0	0	0	0	0	0	0	0	0	0	0	0	0	0	0	1	0	1	0	1	0	1	1	2	0	0	0	0	0	0	0	0	0	0	0	0	1	0	2	0	2	0	1	2	1
Uniq47	0	0	0	0	0	0	0	0	0	0	0	0	0	0	0	0	0	0	0	0	0	0	0	0	0	0	0	0	0	0	0	0	0	0	0	0	0	0	0	0	0	0	0	0	0	0	1	0
Uniq17	0	0	0	0	0	0	0	0	0	0	0	0	0	0	0	0	0	0	1	1	1	0	0	0	0	0	0	0	0	0	0	0	0	0	0	0	0	0	0	0	0	1	0	0	1	1	1	0
Uniq3494	0	0	0	0	0	0	0	0	0	0	0	0	0	0	0	0	0	0	0	0	0	0	0	0	0	0	0	0	0	0	0	0	0	0	0	0	0	0	0	0	0	0	0	0	0	0	0	0
Uniq2568	0	0	0	0	0	0	0	0	0	0	0	0	0	0	0	0	0	0	0	1	0	1	1	1	0	1	0	0	0	0	0	0	0	0	0	0	0	0	0	1	1	0	1	1	1	1	1	1
Uniq3870	0	0	0	0	0	0	0	0	0	0	0	0	0	0	0	0	0	0	1	1	2	1	1	1	1	2	3	0	0	0	0	0	0	0	0	0	0	0	0	2	2	1	2	2	2	2	2	1
Uniq4344	0	0	0	0	0	0	0	0	0	0	0	0	0	0	0	0	0	0	1	0	0	1	0	0	1	0	1	0	0	0	0	0	0	0	0	0	0	0	0	0	0	1	1	1	0	1	0	1
Uniq1666	0	0	0	0	0	0	0	0	0	0	0	0	0	0	0	0	0	0	0	0	0	0	0	0	0	0	0	0	0	0	0	0	0	0	0	0	0	0	0	0	0	0	0	0	0	0	0	0
Uniq3092	0	0	0	0	0	0	0	0	0	0	0	0	0	0	0	0	0	0	1	1	1	2	1	1	1	1	1	0	0	0	0	0	0	0	0	0	0	0	0	1	2	1	1	1	1	1	1	1
Uniq21	0	0	0	0	0	0	0	0	0	0	0	0	0	0	0	0	0	0	0	0	0	0	1	0	1	0	0	0	0	0	0	0	0	0	0	0	0	0	0	0	0	1	0	0	0	0	1	0
Uniq3783	0	0	0	0	0	0	0	0	0	0	0	0	0	0	0	0	0	0	1	1	1	1	1	1	1	1	1	0	0	0	0	0	0	0	0	0	0	0	0	1	1	1	1	1	1	2	2	0
Uniq4410	0	0	0	0	0	0	0	0	0	0	0	0	0	0	0	0	0	0	1	1	1	2	1	0	1	1	1	0	0	0	0	0	0	0	0	0	0	0	0	1	1	0	0	1	1	1	1	1
Uniq3525	0	0	0	0	0	0	0	0	0	0	0	0	0	0	0	0	0	0	1	0	0	1	1	0	1	0	0	0	0	0	0	0	0	0	0	0	0	0	0	0	0	0	0	1	1	1	1	1
Uniq2914	0	0	0	0	0	0	0	0	0	0	0	0	0	0	0	0	0	0	1	1	2	1	1	1	1	0	0	0	0	0	0	0	0	0	0	0	0	0	0	0	0	1	1	1	1	1	1	1
Uniq4313	0	0	0	0	0	0	0	0	0	0	0	0	0	0	0	0	0	0	1	1	0	0	1	0	0	0	0	0	0	0	0	0	0	0	0	0	0	0	0	0	1	0	1	0	1	1	1	0
Uniq89	0	0	0	0	0	0	0	0	0	0	0	0	0	0	0	0	0	0	0	0	0	0	0	0	0	0	0	0	0	0	0	0	0	0	0	0	0	0	0	0	0	0	0	0	0	0	0	0
Uniq3602	0	0	0	0	0	0	0	0	0	0	0	0	0	0	0	0	0	0	0	0	0	0	0	0	0	0	0	0	0	0	0	0	0	0	0	0	0	0	0	0	0	0	0	0	0	0	0	0
Uniq42	0	0	0	0	0	0	0	0	0	0	0	0	0	0	0	0	0	0	0	0	0	0	0	0	0	0	0	0	0	0	0	0	0	0	0	0	0	0	0	0	0	0	0	0	0	0	0	0
Uniq4277	0	0	0	0	0	0	0	0	0	0	0	0	0	0	0	0	0	0	0	0	0	1	1	0	0	1	0	0	0	0	0	0	0	0	0	0	0	0	0	0	0	0	0	0	0	0	0	0
Uniq4357	0	0	0	0	0	0	0	0	0	0	0	0	0	0	0	0	0	0	0	0	0	1	0	0	1	0	1	0	0	0	0	0	0	0	0	0	0	0	0	1	0	1	1	0	0	0	0	0
Uniq37	0	0	0	0	0	0	0	0	0	0	0	0	0	0	0	0	0	0	0	0	0	0	0	0	0	0	0	0	0	0	0	0	0	0	0	0	0	0	0	1	0	0	0	0	0	0	0	0
Uniq4181	0	0	0	0	0	0	0	0	0	0	0	0	0	0	0	0	0	0	0	0	0	0	0	0	0	0	0	0	0	0	0	0	0	0	0	0	0	0	0	0	0	0	0	0	0	0	0	0
Uniq3804	0	0	0	0	0	0	0	0	0	0	0	0	0	0	0	0	0	0	0	0	0	1	1	0	0	0	1	0	0	0	0	0	0	0	0	0	0	0	0	0	1	1	1	1	1	0	1	0
Uniq4107	0	0	0	0	0	0	0	0	0	0	0	0	0	0	0	0	0	0	1	0	0	1	1	1	1	1	0	0	0	0	0	0	0	0	0	0	0	0	0	1	1	1	1	1	1	1	2	1
Uniq3568	0	0	0	0	0	0	0	0	0	0	0	0	0	0	0	0	0	0	1	0	1	0	1	0	1	1	1	0	0	0	0	0	0	0	0	0	0	0	0	0	0	1	0	2	0	1	2	1
Uniq83	0	0	0	0	0	0	0	0	0	0	0	0	0	0	0	0	0	0	0	0	0	0	0	0	0	1	0	0	0	0	0	0	0	0	0	0	0	0	0	0	0	0	0	0	0	0	0	0
Uniq3455	0	0	0	0	0	0	0	0	0	0	0	0	0	0	0	0	0	0	1	1	1	2	1	1	0	0	0	0	0	0	0	0	0	0	0	0	0	0	0	2	2	1	2	1	1	1	2	1
Uniq4464	0	0	0	0	0	0	0	0	0	0	0	0	0	0	0	0	0	0	0	0	0	0	0	0	0	0	0	0	0	0	0	0	0	0	0	0	0	0	0	0	1	0	0	1	0	0	1	0
Uniq2926	0	0	0	0	0	0	0	0	0	0	0	0	0	0	0	0	0	0	2	0	1	1	0	1	1	0	0	0	0	0	0	0	0	0	0	0	0	0	0	0	1	0	1	1	1	1	0	0
Uniq1052	0	0	0	0	0	0	0	0	0	0	0	0	0	0	0	0	0	0	0	0	0	0	0	0	0	0	0	0	0	0	0	0	0	0	0	0	0	0	0	0	0	0	0	0	0	0	0	0
Uniq4415	0	0	0	0	0	0	0	0	0	0	0	0	0	0	0	0	0	0	1	0	0	0	1	0	0	0	1	0	0	0	0	0	0	0	0	0	0	0	0	1	0	0	0	0	0	0	1	1
Uniq3927	0	0	0	0	0	0	0	0	0	0	0	0	0	0	0	0	0	0	0	0	0	0	0	0	0	0	0	0	0	0	0	0	0	0	0	0	0	0	0	0	0	0	0	0	0	0	0	0
Uniq46	0	0	0	0	0	0	0	0	0	0	0	0	0	0	0	0	0	0	0	0	0	0	0	0	0	0	0	0	0	0	0	0	0	0	0	0	0	0	0	1	0	0	0	0	0	1	0	0
Uniq3134	0	0	0	0	0	0	0	0	0	0	0	0	0	0	0	0	0	0	0	0	0	0	0	0	0	0	0	0	0	0	0	0	0	0	0	0	0	0	0	0	0	0	0	0	0	0	0	0
Uniq4361	0	0	0	0	0	0	0	0	0	0	0	0	0	0	0	0	0	0	1	1	0	1	0	1	0	0	1	0	0	0	0	0	0	0	0	0	0	0	0	0	1	1	1	0	1	1	0	0
Uniq1897	0	0	0	0	0	0	0	0	0	0	0	0	0	0	0	0	0	0	0	4	0	5	0	3	0	0	0	0	0	0	0	0	0	0	0	0	0	0	0	0	4	0	5	0	4	0	0	0
Uniq4218	0	0	0	0	0	0	0	0	0	0	0	0	0	0	0	0	0	0	1	0	1	0	0	0	0	0	1	0	0	0	0	0	0	0	0	0	0	0	0	1	1	1	1	1	1	1	0	1
Uniq2688	0	0	0	0	0	0	0	0	0	0	0	0	0	0	0	0	0	0	0	0	1	0	0	0	1	0	1	0	0	0	0	0	0	0	0	0	0	0	0	0	0	1	0	0	0	1	0	1
Uniq3478	0	0	0	0	0	0	0	0	0	0	0	0	0	0	0	0	0	0	0	0	0	0	0	0	0	0	0	0	0	0	0	0	0	0	0	0	0	0	0	0	0	0	0	0	0	0	0	0
Uniq2796	0	0	0	0	0	0	0	0	0	0	0	0	0	0	0	0	0	0	0	0	1	0	1	0	0	1	1	0	0	0	0	0	0	0	0	0	0	0	0	0	0	0	0	0	0	1	1	1
Uniq70	0	0	0	0	0	0	0	0	0	0	0	0	0	0	0	0	0	0	0	0	0	0	0	0	0	0	0	0	0	0	0	0	0	0	0	0	0	0	0	0	0	0	0	0	0	0	0	0
Uniq1674	0	0	0	0	0	0	0	0	0	0	0	0	0	0	0	0	0	0	0	0	0	0	0	0	0	0	0	0	0	0	0	0	0	0	0	0	0	0	0	0	0	0	0	0	0	0	0	0
Uniq1405	0	0	0	0	0	0	0	0	0	0	0	0	0	0	0	0	0	0	0	0	0	0	0	0	0	0	0	0	0	0	0	0	0	0	0	0	0	0	0	0	0	0	0	0	0	0	0	0
Uniq4154	0	0	0	0	0	0	0	0	0	0	0	0	0	0	0	0	0	0	0	0	0	1	0	0	1	0	1	0	0	0	0	0	0	0	0	0	0	0	0	1	1	0	1	0	1	0	0	1
Uniq3629	0	0	0	0	0	0	0	0	0	0	0	0	0	0	0	0	0	0	0	1	1	1	0	0	0	0	0	0	0	0	0	0	0	0	0	0	0	0	0	1	2	0	2	0	1	1	1	0
Uniq3500	0	0	0	0	0	0	0	0	0	0	0	0	0	0	0	0	0	0	1	0	1	0	0	0	1	0	1	0	0	0	0	0	0	0	0	0	0	0	0	2	0	1	0	1	0	1	1	1
Uniq137	0	0	0	0	0	0	0	0	0	0	0	0	0	0	0	0	0	0	0	0	0	0	0	0	0	0	0	0	0	0	0	0	0	0	0	0	0	0	0	0	0	0	0	0	0	0	0	0
Uniq54	0	0	0	0	0	0	0	0	0	0	0	0	0	0	0	0	0	0	0	0	0	0	0	0	0	0	0	0	0	0	0	0	0	0	0	0	0	0	0	0	0	0	0	0	0	0	0	0
Uniq3782	0	0	0	0	0	0	0	0	0	0	0	0	0	0	0	0	0	0	0	0	0	0	1	1	0	0	1	0	0	0	0	0	0	0	0	0	0	0	0	1	0	1	1	0	0	1	0	1
Uniq4244	0	0	0	0	0	0	0	0	0	0	0	0	0	0	0	0	0	0	1	0	0	0	0	0	0	1	1	0	0	0	0	0	0	0	0	0	0	0	0	1	0	1	0	0	1	1	0	0
Uniq2321	0	0	0	0	0	0	0	0	0	0	0	0	0	0	0	0	0	0	0	0	0	0	0	0	0	0	0	0	0	0	0	0	0	0	0	0	0	0	0	0	0	0	0	0	0	0	0	0
Uniq4390	0	0	0	0	0	0	0	0	0	0	0	0	0	0	0	0	0	0	0	1	0	1	0	1	0	0	0	0	0	0	0	0	0	0	0	0	0	0	0	0	1	0	1	0	1	1	0	1
Uniq3826	0	0	0	0	0	0	0	0	0	0	0	0	0	0	0	0	0	0	0	1	1	1	0	1	1	1	0	0	0	0	0	0	0	0	0	0	0	0	0	0	1	2	1	0	1	1	0	1
Uniq3123	0	0	0	0	0	0	0	0	0	0	0	0	0	0	0	0	0	0	0	0	0	1	1	1	0	1	1	0	0	0	0	0	0	0	0	0	0	0	0	1	1	1	1	1	1	1	1	1
Uniq4267	0	0	0	0	0	0	0	0	0	0	0	0	0	0	0	0	0	0	0	0	0	1	0	0	0	0	0	0	0	0	0	0	0	0	0	0	0	0	0	0	1	0	1	0	1	1	0	0
Uniq52	0	0	0	0	0	0	0	0	0	0	0	0	0	0	0	0	0	0	0	0	0	0	0	0	0	1	0	0	0	0	0	0	0	0	0	0	0	0	0	0	0	0	0	1	0	0	0	0
Uniq1735	0	0	0	0	0	0	0	0	0	0	0	0	0	0	0	0	0	0	0	0	1	0	1	0	1	1	1	0	0	0	0	0	0	0	0	0	0	0	0	1	0	0	0	1	0	1	2	0
Uniq4066	0	0	0	0	0	0	0	0	0	0	0	0	0	0	0	0	0	0	0	1	0	1	0	0	0	0	1	0	0	0	0	0	0	0	0	0	0	0	0	1	1	1	1	1	0	1	0	1
Uniq3974	0	0	0	0	0	0	0	0	0	0	0	0	0	0	0	0	0	0	0	0	1	0	1	0	1	1	1	0	0	0	0	0	0	0	0	0	0	0	0	1	0	1	0	1	0	1	1	0
Uniq36	0	0	0	0	0	0	0	0	0	0	0	0	0	0	0	0	0	0	0	0	0	0	0	0	0	0	0	0	0	0	0	0	0	0	0	0	0	0	0	0	0	0	0	0	0	0	0	0
Uniq4097	0	0	0	0	0	0	0	0	0	0	0	0	0	0	0	0	0	0	1	1	0	0	0	0	0	1	1	0	0	0	0	0	0	0	0	0	0	0	0	1	1	0	1	0	1	1	1	1
Uniq56	0	0	0	0	0	0	0	0	0	0	0	0	0	0	0	0	0	0	0	0	0	0	0	0	0	0	0	0	0	0	0	0	0	0	0	0	0	0	0	0	0	0	0	0	0	0	0	0
Uniq3823	0	0	0	0	0	0	0	0	0	0	0	0	0	0	0	0	0	0	0	0	0	0	0	0	1	0	0	0	0	0	0	0	0	0	0	0	0	0	0	0	0	0	0	0	0	1	0	0
Uniq77	0	0	0	0	0	0	0	0	0	0	0	0	0	0	0	0	0	0	0	0	0	0	0	0	0	0	0	0	0	0	0	0	0	0	0	0	0	0	0	0	0	0	0	0	0	0	0	0
Uniq4324	0	0	0	0	0	0	0	0	0	0	0	0	0	0	0	0	0	0	1	0	0	1	0	0	0	0	0	0	0	0	0	0	0	0	0	0	0	0	0	0	1	0	1	1	1	0	0	1
Uniq39	0	0	0	0	0	0	0	0	0	0	0	0	0	0	0	0	0	0	0	0	0	0	0	0	0	0	0	0	0	0	0	0	0	0	0	0	0	0	0	0	0	1	0	0	0	0	0	1
Uniq2841	0	0	0	0	0	0	0	0	0	0	0	0	0	0	0	0	0	0	0	0	0	0	0	0	0	0	0	0	0	0	0	0	0	0	0	0	0	0	0	0	0	0	0	0	0	0	0	0
Uniq3474	0	0	0	0	0	0	0	0	0	0	0	0	0	0	0	0	0	0	0	0	0	0	0	0	0	0	0	0	0	0	0	0	0	0	0	0	0	0	0	0	1	0	1	0	0	0	0	0
Uniq4131	0	0	0	0	0	0	0	0	0	0	0	0	0	0	0	0	0	0	0	0	0	0	0	0	0	0	0	0	0	0	0	0	0	0	0	0	0	0	0	0	0	0	0	0	0	0	0	0
Uniq2919	0	0	0	0	0	0	0	0	0	0	0	0	0	0	0	0	0	0	1	1	0	1	1	0	1	1	1	0	0	0	0	0	0	0	0	0	0	0	0	0	1	1	1	0	1	1	1	1
Uniq3007	0	0	0	0	0	0	0	0	0	0	0	0	0	0	0	0	0	0	0	0	0	1	0	0	1	0	1	0	0	0	0	0	0	0	0	0	0	0	0	0	1	1	1	0	0	1	1	1
Uniq80	0	0	0	0	0	0	0	0	0	0	0	0	0	0	0	0	0	0	0	0	0	0	0	0	0	0	0	0	0	0	0	0	0	0	0	0	0	0	0	0	0	0	0	0	0	1	0	0
Uniq660	0	0	0	0	0	0	0	0	0	0	0	0	0	0	0	0	0	0	0	0	0	0	0	0	0	0	0	0	0	0	0	0	0	0	0	0	0	0	0	0	0	0	0	0	0	0	0	0
Uniq3947	0	0	0	0	0	0	0	0	0	0	0	0	0	0	0	0	0	0	0	0	1	1	1	0	1	0	1	0	0	0	0	0	0	0	0	0	0	0	0	1	1	1	1	0	1	1	0	1
Uniq1917	0	0	0	0	0	0	0	0	0	0	0	0	0	0	0	0	0	0	0	0	0	0	0	0	0	0	0	0	0	0	0	0	0	0	0	0	0	0	0	0	0	0	0	0	0	0	0	0
Uniq44	0	0	0	0	0	0	0	0	0	0	0	0	0	0	0	0	0	0	0	0	0	0	0	0	0	0	0	0	0	0	0	0	0	0	0	0	0	0	0	0	1	0	0	0	0	0	0	0
Uniq3694	0	0	0	0	0	0	0	0	0	0	0	0	0	0	0	0	0	0	0	0	1	0	1	0	0	1	1	0	0	0	0	0	0	0	0	0	0	0	0	1	1	0	1	1	1	1	0	0
Uniq4476	0	0	0	0	0	0	0	0	0	0	0	0	0	0	0	0	0	0	0	0	0	1	0	0	0	0	0	0	0	0	0	0	0	0	0	0	0	0	0	1	0	0	1	0	0	1	0	1
Uniq4206	0	0	0	0	0	0	0	0	0	0	0	0	0	0	0	0	0	0	0	0	0	0	0	0	0	0	0	0	0	0	0	0	0	0	0	0	0	0	0	0	0	0	0	0	0	0	0	0
Uniq3692	0	0	0	0	0	0	0	0	0	0	0	0	0	0	0	0	0	0	0	0	0	0	0	0	0	0	0	0	0	0	0	0	0	0	0	0	0	0	0	0	0	0	0	0	0	0	0	0
Uniq3903	0	0	0	0	0	0	0	0	0	0	0	0	0	0	0	0	0	0	0	0	0	0	0	0	0	0	0	0	0	0	0	0	0	0	0	0	0	0	0	0	0	0	0	0	0	0	0	0
Uniq3534	0	0	0	0	0	0	0	0	0	0	0	0	0	0	0	0	0	0	0	0	0	0	0	0	0	0	0	0	0	0	0	0	0	0	0	0	0	0	0	0	0	0	0	0	0	0	0	0
Uniq2449	0	0	0	0	0	0	0	0	0	0	0	0	0	0	0	0	0	0	0	0	0	0	0	0	0	0	0	0	0	0	0	0	0	0	0	0	0	0	0	0	0	0	0	0	0	0	0	0
Uniq57	0	0	0	0	0	0	0	0	0	0	0	0	0	0	0	0	0	0	0	0	0	0	0	0	0	0	0	0	0	0	0	0	0	0	0	0	0	0	0	0	0	0	0	0	0	0	0	0
Uniq1236	0	0	0	0	0	0	0	0	0	0	0	0	0	0	0	0	0	0	0	0	0	0	0	0	0	0	0	0	0	0	0	0	0	0	0	0	0	0	0	0	0	0	0	0	0	0	0	0
Uniq4318	0	0	0	0	0	0	0	0	0	0	0	0	0	0	0	0	0	0	0	0	0	0	0	0	0	0	0	0	0	0	0	0	0	0	0	0	0	0	0	0	0	0	0	0	0	0	0	0
Uniq480	0	0	0	0	0	0	0	0	0	0	0	0	0	0	0	0	0	0	0	0	0	0	0	0	0	0	0	0	0	0	0	0	0	0	0	0	0	0	0	0	0	0	0	0	0	0	0	0
Uniq4117	0	0	0	0	0	0	0	0	0	0	0	0	0	0	0	0	0	0	0	1	0	1	0	1	0	0	0	0	0	0	0	0	0	0	0	0	0	0	0	0	2	0	1	0	1	0	0	0
Uniq3676	0	0	0	0	0	0	0	0	0	0	0	0	0	0	0	0	0	0	0	1	0	1	0	2	0	0	0	0	0	0	0	0	0	0	0	0	0	0	0	0	1	0	2	0	1	0	0	0
Uniq2972	0	0	0	0	0	0	0	0	0	0	0	0	0	0	0	0	0	0	0	2	0	6	0	2	0	0	0	0	0	0	0	0	0	0	0	0	0	0	0	0	2	0	4	0	4	0	0	0
Uniq3428	0	0	0	0	0	0	0	0	0	0	0	0	0	0	0	0	0	0	0	2	0	4	0	2	0	0	0	0	0	0	0	0	0	0	0	0	0	0	0	0	3	0	3	0	3	0	0	0
Uniq2597	0	0	0	0	0	0	0	0	0	0	0	0	0	0	0	0	0	0	0	2	0	4	0	2	0	0	0	0	0	0	0	0	0	0	0	0	0	0	0	0	3	0	4	0	5	0	0	0
Uniq3931	0	0	0	0	0	0	0	0	0	0	0	0	0	0	0	0	0	0	0	0	0	0	0	0	0	0	0	0	0	0	0	0	0	0	0	0	0	0	0	0	0	0	0	0	0	0	0	0
Uniq13	0	0	0	0	0	0	0	0	0	0	0	0	0	0	0	0	0	0	0	0	1	0	0	0	0	1	1	0	0	0	0	0	0	0	0	0	0	0	0	0	0	0	0	0	0	1	0	0
Uniq4296	0	0	0	0	0	0	0	0	0	0	0	0	0	0	0	0	0	0	0	1	0	1	0	1	1	0	0	0	0	0	0	0	0	0	0	0	0	0	0	0	0	1	1	1	1	0	1	0
Uniq3897	0	0	0	0	0	0	0	0	0	0	0	0	0	0	0	0	0	0	0	0	0	0	0	1	0	1	1	0	0	0	0	0	0	0	0	0	0	0	0	0	0	0	1	0	1	1	0	0
Uniq3012	0	0	0	0	0	0	0	0	0	0	0	0	0	0	0	0	0	0	0	0	0	0	0	0	0	0	0	0	0	0	0	0	0	0	0	0	0	0	0	0	0	0	0	0	0	0	0	0
Uniq1181	0	0	0	0	0	0	0	0	0	0	0	0	0	0	0	0	0	0	0	0	0	0	0	0	0	0	0	0	0	0	0	0	0	0	0	0	0	0	0	0	0	0	0	0	0	0	0	0
Uniq3912	0	0	0	0	0	0	0	0	0	0	0	0	0	0	0	0	0	0	0	1	0	0	0	0	0	1	0	0	0	0	0	0	0	0	0	0	0	0	0	0	1	0	0	1	0	1	0	1
Uniq452	0	0	0	0	0	0	0	0	0	0	0	0	0	0	0	0	0	0	0	0	0	0	0	0	0	0	0	0	0	0	0	0	0	0	0	0	0	0	0	0	0	0	0	0	0	0	0	0
Uniq3144	0	0	0	0	0	0	0	0	0	0	0	0	0	0	0	0	0	0	0	2	0	3	0	2	0	0	0	0	0	0	0	0	0	0	0	0	0	0	0	0	3	0	2	0	3	0	0	0
Uniq1281	0	0	0	0	0	0	0	0	0	0	0	0	0	0	0	0	0	0	0	5	0	9	0	6	0	0	0	0	0	0	0	0	0	0	0	0	0	0	0	0	7	0	7	0	6	0	0	0
Uniq1302	0	0	0	0	0	0	0	0	0	0	0	0	0	0	0	0	0	0	0	4	0	8	0	5	0	0	0	0	0	0	0	0	0	0	0	0	0	0	0	0	7	0	6	0	5	0	0	0
Uniq1796	0	0	0	0	0	0	0	0	0	0	0	0	0	0	0	0	0	0	0	3	0	5	0	3	0	0	0	0	0	0	0	0	0	0	0	0	0	0	0	0	5	0	5	0	4	0	0	0
Uniq2099	0	0	0	0	0	0	0	0	0	0	0	0	0	0	0	0	0	0	0	2	0	4	0	3	0	0	0	0	0	0	0	0	0	0	0	0	0	0	0	0	4	0	5	0	3	0	0	0
Uniq3849	0	0	0	0	0	0	0	0	0	0	0	0	0	0	0	0	0	0	0	2	0	5	0	4	0	0	0	0	0	0	0	0	0	0	0	0	0	0	0	0	5	0	6	0	4	0	0	0
Uniq1911	0	0	0	0	0	0	0	0	0	0	0	0	0	0	0	0	0	0	0	3	0	6	0	4	0	0	0	0	0	0	0	0	0	0	0	0	0	0	0	0	3	0	5	0	5	0	0	0
Uniq3436	0	0	0	0	0	0	0	0	0	0	0	0	0	0	0	0	0	0	0	1	0	0	0	1	0	0	0	0	0	0	0	0	0	0	0	0	0	0	0	0	1	0	1	0	1	0	0	0
Uniq1425	0	0	0	0	0	0	0	0	0	0	0	0	0	0	0	0	0	0	0	2	0	4	0	5	0	0	0	0	0	0	0	0	0	0	0	0	0	0	0	0	4	0	6	0	4	0	0	0
Uniq2439	0	0	0	0	0	0	0	0	0	0	0	0	0	0	0	0	0	0	0	1	0	2	0	1	0	0	0	0	0	0	0	0	0	0	0	0	0	0	0	0	1	0	1	0	1	0	0	0
Uniq4447	0	0	0	0	0	0	0	0	0	0	0	0	0	0	0	0	0	0	0	0	1	0	0	0	0	0	1	0	0	0	0	0	0	0	0	0	0	0	0	1	0	1	1	1	1	0	0	0
Uniq3365	0	0	0	0	0	0	0	0	0	0	0	0	0	0	0	0	0	0	0	0	0	0	0	0	0	0	0	0	0	0	0	0	0	0	0	0	0	0	0	0	0	0	0	0	0	0	0	0
Uniq4013	0	0	0	0	0	0	0	0	0	0	0	0	0	0	0	0	0	0	0	0	0	0	0	0	0	0	0	0	0	0	0	0	0	0	0	0	0	0	0	0	0	0	0	0	0	0	0	0
Uniq2326	0	0	0	0	0	0	0	0	0	0	0	0	0	0	0	0	0	0	0	0	0	0	0	0	0	0	0	0	0	0	0	0	0	0	0	0	0	0	0	0	0	0	0	0	0	0	0	0
Uniq94	0	0	0	0	0	0	0	0	0	0	0	0	0	0	0	0	0	0	0	0	0	0	0	0	0	0	0	0	0	0	0	0	0	0	0	0	0	0	0	0	0	0	0	0	0	0	0	0
Uniq3730	0	0	0	0	0	0	0	0	0	0	0	0	0	0	0	0	0	0	0	0	0	0	0	0	0	0	0	0	0	0	0	0	0	0	0	0	0	0	0	0	0	0	0	0	0	0	0	0
Uniq4280	0	0	0	0	0	0	0	0	0	0	0	0	0	0	0	0	0	0	0	0	0	0	0	0	0	0	0	0	0	0	0	0	0	0	0	0	0	0	0	0	0	0	0	0	0	0	0	0
Uniq2324	0	0	0	0	0	0	0	0	0	0	0	0	0	0	0	0	0	0	0	0	0	0	0	0	0	0	0	0	0	0	0	0	0	0	0	0	0	0	0	0	0	0	0	0	0	0	0	0
Uniq67	0	0	0	0	0	0	0	0	0	0	0	0	0	0	0	0	0	0	0	0	0	0	0	0	0	0	0	0	0	0	0	0	0	0	0	0	0	0	0	0	0	0	0	0	0	1	0	0
Uniq2526	0	0	0	0	0	0	0	0	0	0	0	0	0	0	0	0	0	0	0	0	0	0	0	0	0	0	0	0	0	0	0	0	0	0	0	0	0	0	0	0	0	0	0	0	0	0	0	0
Uniq132	0	0	0	0	0	0	0	0	0	0	0	0	0	0	0	0	0	0	0	0	0	0	0	0	0	0	0	0	0	0	0	0	0	0	0	0	0	0	0	0	0	0	0	0	0	0	0	0
Uniq555	0	0	0	0	0	0	0	0	0	0	0	0	0	0	0	0	0	0	0	0	0	0	0	0	0	0	0	0	0	0	0	0	0	0	0	0	0	0	0	0	0	0	0	0	0	0	0	0
Uniq1451	0	0	0	0	0	0	0	0	0	0	0	0	0	0	0	0	0	0	0	0	0	0	0	0	0	0	0	0	0	0	0	0	0	0	0	0	0	0	0	0	0	0	0	0	0	0	0	0
Uniq3982	0	0	0	0	0	0	0	0	0	0	0	0	0	0	0	0	0	0	0	0	0	0	0	0	0	0	0	0	0	0	0	0	0	0	0	0	0	0	0	0	0	0	0	0	0	0	0	0
Uniq3758	0	0	0	0	0	0	0	0	0	0	0	0	0	0	0	0	0	0	0	0	0	0	0	0	0	0	0	0	0	0	0	0	0	0	0	0	0	0	0	0	0	0	0	0	0	0	0	0
Uniq78	0	0	0	0	0	0	0	0	0	0	0	0	0	0	0	0	0	0	0	0	0	0	0	0	0	0	0	0	0	0	0	0	0	0	0	0	0	0	0	0	0	0	0	0	0	0	0	0
Uniq4307	0	0	0	0	0	0	0	0	0	0	0	0	0	0	0	0	0	0	0	0	0	0	0	0	0	0	0	0	0	0	0	0	0	0	0	0	0	0	0	0	0	0	0	0	0	0	0	0
Uniq1985	0	0	0	0	0	0	0	0	0	0	0	0	0	0	0	0	0	0	0	0	0	0	0	0	0	0	0	0	0	0	0	0	0	0	0	0	0	0	0	0	0	0	0	0	0	0	0	0
Uniq1136	0	0	0	0	0	0	0	0	0	0	0	0	0	0	0	0	0	0	0	0	0	0	0	0	0	0	0	0	0	0	0	0	0	0	0	0	0	0	0	0	0	0	0	0	0	0	0	0
Uniq3762	0	0	0	0	0	0	0	0	0	0	0	0	0	0	0	0	0	0	0	1	0	2	0	2	0	0	0	0	0	0	0	0	0	0	0	0	0	0	0	1	1	0	1	0	1	0	0	0
Uniq781	0	0	0	0	0	0	0	0	0	0	0	0	0	0	0	0	0	0	0	0	0	0	0	0	0	0	0	0	0	0	0	0	0	0	0	0	0	0	0	0	0	0	0	0	0	0	0	0
Uniq3634	0	0	0	0	0	0	0	0	0	0	0	0	0	0	0	0	0	0	0	0	0	0	0	0	0	0	0	0	0	0	0	0	0	0	0	0	0	0	0	0	0	0	0	0	0	0	0	0
Uniq1119	0	0	0	0	0	0	0	0	0	0	0	0	0	0	0	0	0	0	0	0	0	0	0	0	0	0	0	0	0	0	0	0	0	0	0	0	0	0	0	0	0	0	0	0	0	0	0	0
Uniq51	0	0	0	0	0	0	0	0	0	0	0	0	0	0	0	0	0	0	0	0	0	0	0	0	0	0	0	0	0	0	0	0	0	0	0	0	0	0	0	0	0	0	0	0	0	0	0	0
Uniq2450	0	0	0	0	0	0	0	0	0	0	0	0	0	0	0	0	0	0	0	0	0	0	0	0	0	0	0	0	0	0	0	0	0	0	0	0	0	0	0	0	0	0	0	0	0	0	0	0
Uniq588	0	0	0	0	0	0	0	0	0	0	0	0	0	0	0	0	0	0	0	0	0	0	0	0	0	0	0	0	0	0	0	0	0	0	0	0	0	0	0	0	0	0	0	0	0	0	0	0
Uniq3943	0	0	0	0	0	0	0	0	0	0	0	0	0	0	0	0	0	0	0	0	0	0	0	0	0	0	0	0	0	0	0	0	0	0	0	0	0	0	0	0	0	0	0	0	0	0	0	0
Uniq1814	0	0	0	0	0	0	0	0	0	0	0	0	0	0	0	0	0	0	0	0	0	0	0	0	0	0	0	0	0	0	0	0	0	0	0	0	0	0	0	0	0	0	0	0	0	0	0	0
Uniq1100	0	0	0	0	0	0	0	0	0	0	0	0	0	0	0	0	0	0	0	0	0	0	0	0	0	0	0	0	0	0	0	0	0	0	0	0	0	0	0	0	0	0	0	0	0	0	0	0
Uniq55	0	0	0	0	0	0	0	0	0	0	0	0	0	0	0	0	0	0	0	0	0	0	0	0	0	0	0	0	0	0	0	0	0	0	0	0	0	0	0	0	0	0	0	0	0	0	0	0
Uniq1291	0	0	0	0	0	0	0	0	0	0	0	0	0	0	0	0	0	0	0	0	0	0	0	0	0	0	0	0	0	0	0	0	0	0	0	0	0	0	0	0	0	0	0	0	0	0	0	0
Uniq1740	0	0	0	0	0	0	0	0	0	0	0	0	0	0	0	0	0	0	0	0	0	0	0	0	0	0	0	0	0	0	0	0	0	0	0	0	0	0	0	0	0	0	0	0	0	0	0	0
Uniq84	0	0	0	0	0	0	0	0	0	0	0	0	0	0	0	0	0	0	0	0	0	0	0	0	0	0	0	0	0	0	0	0	0	0	0	0	0	0	0	0	0	0	0	0	0	1	0	0
Uniq2867	0	0	0	0	0	0	0	0	0	0	0	0	0	0	0	0	0	0	0	0	0	0	0	0	0	0	0	0	0	0	0	0	0	0	0	0	0	0	0	0	0	0	0	0	0	0	0	0
Uniq3124	0	0	0	0	0	0	0	0	0	0	0	0	0	0	0	0	0	0	0	0	0	0	0	0	0	0	0	0	0	0	0	0	0	0	0	0	0	0	0	0	0	0	0	0	0	0	0	0
Uniq2158	0	0	0	0	0	0	0	0	0	0	0	0	0	0	0	0	0	0	0	0	0	0	0	0	0	0	0	0	0	0	0	0	0	0	0	0	0	0	0	0	0	0	0	0	0	0	0	0
Uniq322	0	0	0	0	0	0	0	0	0	0	0	0	0	0	0	0	0	0	0	0	0	0	0	0	0	0	0	0	0	0	0	0	0	0	0	0	0	0	0	0	0	0	0	0	0	0	0	0
Uniq1802	0	0	0	0	0	0	0	0	0	0	0	0	0	0	0	0	0	0	0	0	0	0	0	0	0	0	0	0	0	0	0	0	0	0	0	0	0	0	0	0	0	0	0	0	0	0	0	0
Uniq4347	0	0	0	0	0	0	0	0	0	0	0	0	0	0	0	0	0	0	0	0	0	0	0	0	0	0	0	0	0	0	0	0	0	0	0	0	0	0	0	0	0	0	0	0	0	0	0	0
Uniq85	0	0	0	0	0	0	0	0	0	0	0	0	0	0	0	0	0	0	0	0	0	0	0	0	0	0	0	0	0	0	0	0	0	0	0	0	0	0	0	0	0	0	0	0	0	0	0	0
Uniq20	0	0	0	0	0	0	0	0	0	0	0	0	0	0	0	0	0	0	0	0	0	0	0	0	0	0	0	0	0	0	0	0	0	0	0	0	0	0	0	0	0	0	0	0	0	0	0	0
Uniq1896	0	0	0	0	0	0	0	0	0	0	0	0	0	0	0	0	0	0	0	0	0	0	0	0	0	0	0	0	0	0	0	0	0	0	0	0	0	0	0	0	0	0	0	0	0	0	0	0
Uniq2204	0	0	0	0	0	0	0	0	0	0	0	0	0	0	0	0	0	0	0	0	0	0	0	0	0	0	0	0	0	0	0	0	0	0	0	0	0	0	0	0	0	0	0	0	0	0	0	0
Uniq68	0	0	0	0	0	0	0	0	0	0	0	0	0	0	0	0	0	0	0	0	0	0	0	0	0	0	0	0	0	0	0	0	0	0	0	0	0	0	0	0	0	0	0	0	0	0	0	0
Uniq956	0	0	0	0	0	0	0	0	0	0	0	0	0	0	0	0	0	0	0	0	0	0	0	0	0	0	0	0	0	0	0	0	0	0	0	0	0	0	0	0	0	0	0	0	0	0	0	0
Uniq3212	0	0	0	0	0	0	0	0	0	0	0	0	0	0	0	0	0	0	0	0	0	0	0	0	0	0	0	0	0	0	0	0	0	0	0	0	0	0	0	0	0	0	0	0	0	0	0	0
Uniq3589	0	0	0	0	0	0	0	0	0	0	0	0	0	0	0	0	0	0	0	0	0	0	0	0	0	0	0	0	0	0	0	0	0	0	0	0	0	0	0	0	0	0	0	0	0	0	0	0
Uniq2162	0	0	0	0	0	0	0	0	0	0	0	0	0	0	0	0	0	0	0	0	0	0	0	0	0	0	0	0	0	0	0	0	0	0	0	0	0	0	0	0	0	0	0	0	0	0	0	0
Uniq3666	0	0	0	0	0	0	0	0	0	0	0	0	0	0	0	0	0	0	0	0	0	0	0	0	0	0	0	0	0	0	0	0	0	0	0	0	0	0	0	0	0	0	0	0	0	0	0	0
Uniq1175	0	0	0	0	0	0	0	0	0	0	0	0	0	0	0	0	0	0	0	0	0	0	0	0	0	0	0	0	0	0	0	0	0	0	0	0	0	0	0	0	0	0	0	0	0	0	0	0
Uniq86	0	0	0	0	0	0	0	0	0	0	0	0	0	0	0	0	0	0	0	0	0	0	0	0	0	0	0	0	0	0	0	0	0	0	0	0	0	0	0	0	0	0	0	0	0	0	0	0
Uniq3410	0	0	0	0	0	0	0	0	0	0	0	0	0	0	0	0	0	0	0	0	0	0	0	0	0	0	0	0	0	0	0	0	0	0	0	0	0	0	0	0	0	0	0	0	0	0	0	0
Uniq1269	0	0	0	0	0	0	0	0	0	0	0	0	0	0	0	0	0	0	0	0	0	0	0	0	0	0	0	0	0	0	0	0	0	0	0	0	0	0	0	0	0	0	0	0	0	0	0	0
Uniq2201	0	0	0	0	0	0	0	0	0	0	0	0	0	0	0	0	0	0	0	0	0	0	0	0	0	0	0	0	0	0	0	0	0	0	0	0	0	0	0	0	0	0	0	0	0	0	0	0
Uniq1265	0	0	0	0	0	0	0	0	0	0	0	0	0	0	0	0	0	0	0	0	0	0	0	0	0	0	0	0	0	0	0	0	0	0	0	0	0	0	0	0	0	0	0	0	0	0	0	0
Uniq3399	0	0	0	0	0	0	0	0	0	0	0	0	0	0	0	0	0	0	0	0	0	0	0	0	0	0	0	0	0	0	0	0	0	0	0	0	0	0	0	0	0	0	0	0	0	0	0	0
Uniq4286	0	0	0	0	0	0	0	0	0	0	0	0	0	0	0	0	0	0	0	0	0	0	0	0	0	0	0	0	0	0	0	0	0	0	0	0	0	0	0	0	0	0	0	0	0	0	0	0
Uniq913	0	0	0	0	0	0	0	0	0	0	0	0	0	0	0	0	0	0	0	0	0	0	0	0	0	0	0	0	0	0	0	0	0	0	0	0	0	0	0	0	0	0	0	0	0	0	0	0
Uniq4054	0	0	0	0	0	0	0	0	0	0	0	0	0	0	0	0	0	0	0	0	0	0	0	0	0	0	0	0	0	0	0	0	0	0	0	0	0	0	0	0	0	0	0	0	0	0	0	0
Uniq1621	0	0	0	0	0	0	0	0	0	0	0	0	0	0	0	0	0	0	0	0	0	0	0	0	0	0	0	0	0	0	0	0	0	0	0	0	0	0	0	0	0	0	0	0	0	0	0	0
Uniq2228	0	0	0	0	0	0	0	0	0	0	0	0	0	0	0	0	0	0	0	0	0	0	0	0	0	0	0	0	0	0	0	0	0	0	0	0	0	0	0	0	0	0	0	0	0	0	0	0
Uniq1766	0	0	0	0	0	0	0	0	0	0	0	0	0	0	0	0	0	0	0	0	0	0	0	0	0	0	0	0	0	0	0	0	0	0	0	0	0	0	0	0	0	0	0	0	0	0	0	0
Uniq2513	0	0	0	0	0	0	0	0	0	0	0	0	0	0	0	0	0	0	0	0	0	0	0	0	0	0	0	0	0	0	0	0	0	0	0	0	0	0	0	0	0	0	0	0	0	0	0	0
Uniq3274	0	0	0	0	0	0	0	0	0	0	0	0	0	0	0	0	0	0	0	0	0	0	0	0	0	0	0	0	0	0	0	0	0	0	0	0	0	0	0	0	0	0	0	0	0	0	0	0
Uniq1765	0	0	0	0	0	0	0	0	0	0	0	0	0	0	0	0	0	0	0	0	0	0	0	0	0	0	0	0	0	0	0	0	0	0	0	0	0	0	0	0	0	0	0	0	0	0	0	0
Uniq111	0	0	0	0	0	0	0	0	0	0	0	0	0	0	0	0	0	0	0	0	0	0	0	0	0	0	0	0	0	0	0	0	0	0	0	0	0	0	0	0	0	0	0	0	0	0	0	0
Uniq875	0	0	0	0	0	0	0	0	0	0	0	0	0	0	0	0	0	0	0	0	0	0	0	0	0	0	0	0	0	0	0	0	0	0	0	0	0	0	0	0	0	0	0	0	0	0	0	0
Uniq3774	0	0	0	0	0	0	0	0	0	0	0	0	0	0	0	0	0	0	0	0	0	0	0	0	0	0	0	0	0	0	0	0	0	0	0	0	0	0	0	0	0	0	0	0	0	0	0	0
Uniq3230	0	0	0	0	0	0	0	0	0	0	0	0	0	0	0	0	0	0	0	0	0	0	0	0	0	0	0	0	0	0	0	0	0	0	0	0	0	0	0	0	0	0	0	0	0	0	0	0
Uniq73	0	0	0	0	0	0	0	0	0	0	0	0	0	0	0	0	0	0	0	0	0	0	0	0	0	0	0	0	0	0	0	0	0	0	0	0	0	0	0	0	0	0	0	0	0	1	0	0
Uniq4353	0	0	0	0	0	0	0	0	0	0	0	0	0	0	0	0	0	0	0	0	0	0	0	0	0	0	0	0	0	0	0	0	0	0	0	0	0	0	0	0	0	0	0	0	0	0	0	0
Uniq3533	0	0	0	0	0	0	0	0	0	0	0	0	0	0	0	0	0	0	0	0	0	0	0	0	0	0	0	0	0	0	0	0	0	0	0	0	0	0	0	0	0	0	0	0	0	0	0	0
Uniq3980	0	0	0	0	0	0	0	0	0	0	0	0	0	0	0	0	0	0	0	0	0	0	0	0	0	0	0	0	0	0	0	0	0	0	0	0	0	0	0	0	0	0	0	0	0	0	0	0
Uniq2460	0	0	0	0	0	0	0	0	0	0	0	0	0	0	0	0	0	0	0	0	0	0	0	0	0	0	0	0	0	0	0	0	0	0	0	0	0	0	0	0	0	0	0	0	0	0	0	0
Uniq484	0	0	0	0	0	0	0	0	0	0	0	0	0	0	0	0	0	0	0	0	0	0	0	0	0	0	0	0	0	0	0	0	0	0	0	0	0	0	0	0	0	0	0	0	0	0	0	0
Uniq524	0	0	0	0	0	0	0	0	0	0	0	0	0	0	0	0	0	0	0	0	0	0	0	0	0	0	0	0	0	0	0	0	0	0	0	0	0	0	0	0	0	0	0	0	0	0	0	0
Uniq4086	0	0	0	0	0	0	0	0	0	0	0	0	0	0	0	0	0	0	0	0	0	0	0	0	0	0	0	0	0	0	0	0	0	0	0	0	0	0	0	0	0	0	0	0	0	0	0	0
Uniq2046	0	0	0	0	0	0	0	0	0	0	0	0	0	0	0	0	0	0	0	0	0	0	0	0	0	0	0	0	0	0	0	0	0	0	0	0	0	0	0	0	0	0	0	0	0	0	0	0
Uniq278	0	0	0	0	0	0	0	0	0	0	0	0	0	0	0	0	0	0	0	0	0	0	0	0	0	0	0	0	0	0	0	0	0	0	0	0	0	0	0	0	0	0	0	0	0	0	0	0
Uniq829	0	0	0	0	0	0	0	0	0	0	0	0	0	0	0	0	0	0	0	0	0	0	0	0	0	0	0	0	0	0	0	0	0	0	0	0	0	0	0	0	0	0	0	0	0	0	0	0
Uniq1283	0	0	0	0	0	0	0	0	0	0	0	0	0	0	0	0	0	0	0	0	0	0	0	0	0	0	0	0	0	0	0	0	0	0	0	0	0	0	0	0	0	0	0	0	0	0	0	0
Uniq1482	0	0	0	0	0	0	0	0	0	0	0	0	0	0	0	0	0	0	0	0	0	0	0	0	0	0	0	0	0	0	0	0	0	0	0	0	0	0	0	0	0	0	0	0	0	0	0	0
Uniq2701	0	0	0	0	0	0	0	0	0	0	0	0	0	0	0	0	0	0	0	0	0	0	0	0	0	0	0	0	0	0	0	0	0	0	0	0	0	0	0	0	0	0	0	0	0	0	0	0
Uniq3951	0	0	0	0	0	0	0	0	0	0	0	0	0	0	0	0	0	0	0	0	0	0	0	0	0	0	0	0	0	0	0	0	0	0	0	0	0	0	0	0	0	0	0	0	0	0	0	0
Uniq1968	0	0	0	0	0	0	0	0	0	0	0	0	0	0	0	0	0	0	0	0	0	0	0	0	0	0	0	0	0	0	0	0	0	0	0	0	0	0	0	0	0	0	0	0	0	0	0	0
Uniq2786	0	0	0	0	0	0	0	0	0	0	0	0	0	0	0	0	0	0	0	0	0	0	0	0	0	0	0	0	0	0	0	0	0	0	0	0	0	0	0	0	0	0	0	0	0	0	0	0
Uniq3642	0	0	0	0	0	0	0	0	0	0	0	0	0	0	0	0	0	0	0	0	0	0	0	0	0	0	0	0	0	0	0	0	0	0	0	0	0	0	0	0	0	0	0	0	0	0	0	0
Uniq401	0	0	0	0	0	0	0	0	0	0	0	0	0	0	0	0	0	0	0	0	0	0	0	0	0	0	0	0	0	0	0	0	0	0	0	0	0	0	0	0	0	0	0	0	0	0	0	0
Uniq2458	0	0	0	0	0	0	0	0	0	0	0	0	0	0	0	0	0	0	0	0	0	0	0	0	0	0	0	0	0	0	0	0	0	0	0	0	0	0	0	0	0	0	0	0	0	0	0	0
Uniq2475	0	0	0	0	0	0	0	0	0	0	0	0	0	0	0	0	0	0	0	0	0	0	0	0	0	0	0	0	0	0	0	0	0	0	0	0	0	0	0	0	0	0	0	0	0	0	0	0
Uniq3814	0	0	0	0	0	0	0	0	0	0	0	0	0	0	0	0	0	0	0	0	0	0	0	0	0	0	0	0	0	0	0	0	0	0	0	0	0	0	0	0	0	0	0	0	0	0	0	0
Uniq1183	0	0	0	0	0	0	0	0	0	0	0	0	0	0	0	0	0	0	0	0	0	0	0	0	0	0	0	0	0	0	0	0	0	0	0	0	0	0	0	0	0	0	0	0	0	0	0	0
Uniq2811	0	0	0	0	0	0	0	0	0	0	0	0	0	0	0	0	0	0	0	0	0	0	0	0	0	0	0	0	0	0	0	0	0	0	0	0	0	0	0	0	0	0	0	0	0	0	0	0
Uniq3032	0	0	0	0	0	0	0	0	0	0	0	0	0	0	0	0	0	0	0	0	0	0	0	0	0	0	0	0	0	0	0	0	0	0	0	0	0	0	0	0	0	0	0	0	0	0	0	0
Uniq1495	0	0	0	0	0	0	0	0	0	0	0	0	0	0	0	0	0	0	0	0	0	0	0	0	0	0	0	0	0	0	0	0	0	0	0	0	0	0	0	0	0	0	0	0	0	0	0	0
Uniq1158	0	0	0	0	0	0	0	0	0	0	0	0	0	0	0	0	0	0	0	0	0	0	0	0	0	0	0	0	0	0	0	0	0	0	0	0	0	0	0	0	0	0	0	0	0	0	0	0
Uniq3097	0	0	0	0	0	0	0	0	0	0	0	0	0	0	0	0	0	0	0	0	0	0	0	0	0	0	0	0	0	0	0	0	0	0	0	0	0	0	0	0	0	0	0	0	0	0	0	0
Uniq511	0	0	0	0	0	0	0	0	0	0	0	0	0	0	0	0	0	0	0	0	0	0	0	0	0	0	0	0	0	0	0	0	0	0	0	0	0	0	0	0	0	0	0	0	0	0	0	0
Uniq1146	0	0	0	0	0	0	0	0	0	0	0	0	0	0	0	0	0	0	0	0	0	0	0	0	0	0	0	0	0	0	0	0	0	0	0	0	0	0	0	0	0	0	0	0	0	0	0	0
Uniq1595	0	0	0	0	0	0	0	0	0	0	0	0	0	0	0	0	0	0	0	0	0	0	0	0	0	0	0	0	0	0	0	0	0	0	0	0	0	0	0	0	0	0	0	0	0	0	0	0
Uniq2793	0	0	0	0	0	0	0	0	0	0	0	0	0	0	0	0	0	0	0	0	0	0	0	0	0	0	0	0	0	0	0	0	0	0	0	0	0	0	0	0	0	0	0	0	0	0	0	0
Uniq2636	0	0	0	0	0	0	0	0	0	0	0	0	0	0	0	0	0	0	0	0	0	0	0	0	0	0	0	0	0	0	0	0	0	0	0	0	0	0	0	0	0	0	0	0	0	0	0	0
Uniq721	0	0	0	0	0	0	0	0	0	0	0	0	0	0	0	0	0	0	0	0	0	0	0	0	0	0	0	0	0	0	0	0	0	0	0	0	0	0	0	0	0	0	0	0	0	0	0	0
Uniq1292	0	0	0	0	0	0	0	0	0	0	0	0	0	0	0	0	0	0	0	0	0	0	0	0	0	0	0	0	0	0	0	0	0	0	0	0	0	0	0	0	0	0	0	0	0	0	0	0
Uniq376	0	0	0	0	0	0	0	0	0	0	0	0	0	0	0	0	0	0	0	0	0	0	0	0	0	0	0	0	0	0	0	0	0	0	0	0	0	0	0	0	0	0	0	0	0	0	0	0
Uniq3117	0	0	0	0	0	0	0	0	0	0	0	0	0	0	0	0	0	0	0	0	0	0	0	0	0	0	0	0	0	0	0	0	0	0	0	0	0	0	0	0	0	0	0	0	0	0	0	0
Uniq1173	0	0	0	0	0	0	0	0	0	0	0	0	0	0	0	0	0	0	0	0	0	0	0	0	0	0	0	0	0	0	0	0	0	0	0	0	0	0	0	0	0	0	0	0	0	0	0	0
Uniq1252	0	0	0	0	0	0	0	0	0	0	0	0	0	0	0	0	0	0	0	0	0	0	0	0	0	0	0	0	0	0	0	0	0	0	0	0	0	0	0	0	0	0	0	0	0	0	0	0
Uniq3078	0	0	0	0	0	0	0	0	0	0	0	0	0	0	0	0	0	0	0	0	0	0	0	0	0	0	0	0	0	0	0	0	0	0	0	0	0	0	0	0	0	0	0	0	0	0	0	0
Uniq2925	0	0	0	0	0	0	0	0	0	0	0	0	0	0	0	0	0	0	0	0	0	0	0	0	0	0	0	0	0	0	0	0	0	0	6	0	7	0	10	0	4	0	4	0	4	0	0	0
Uniq1017	0	0	0	0	0	0	0	0	0	0	0	0	0	0	0	0	0	0	0	0	0	0	0	0	0	0	0	0	0	0	0	0	0	0	0	0	0	0	0	0	0	0	0	0	0	0	0	0
Uniq2209	0	0	0	0	0	0	0	0	0	0	0	0	0	0	0	0	0	0	0	0	0	0	0	0	0	0	0	0	0	0	0	0	0	0	0	0	0	0	0	0	0	0	0	0	0	0	0	0
Uniq950	0	0	0	0	0	0	0	0	0	0	0	0	0	0	0	0	0	0	0	0	0	0	0	0	0	0	0	0	0	0	0	0	0	0	0	0	0	0	0	0	0	0	0	0	0	0	0	0
Uniq4096	0	0	0	0	0	0	0	0	0	0	0	0	0	0	0	0	0	0	0	0	0	0	0	0	0	0	0	0	0	0	0	0	0	0	0	0	0	0	0	0	0	0	0	0	0	0	0	0
Uniq2806	0	0	0	0	0	0	0	0	0	0	0	0	0	0	0	0	0	0	0	0	0	0	0	0	0	0	0	0	0	0	0	0	0	0	0	0	0	0	0	0	0	0	0	0	0	0	0	0
Uniq1541	0	0	0	0	0	0	0	0	0	0	0	0	0	0	0	0	0	0	0	0	0	0	0	0	0	0	0	0	0	0	0	0	0	0	1	0	1	0	1	0	1	0	0	0	0	0	0	0
Uniq1618	0	0	0	0	0	0	0	0	0	0	0	0	0	0	0	0	0	0	0	0	0	0	0	0	0	0	0	0	0	0	0	0	0	0	0	0	0	0	0	0	0	0	0	0	0	0	0	0
Uniq2152	0	0	0	0	0	0	0	0	0	0	0	0	0	0	0	0	0	0	0	0	0	0	0	0	0	0	0	0	0	0	0	0	0	0	0	0	0	0	1	0	0	0	0	0	0	0	0	0
Uniq711	0	0	0	0	0	0	0	0	0	0	0	0	0	0	0	0	0	0	0	0	0	0	0	0	0	0	0	0	0	0	0	0	0	0	0	0	0	0	0	0	0	0	0	0	0	0	0	0
Uniq3541	0	0	0	0	0	0	0	0	0	0	0	0	0	0	0	0	0	0	0	0	0	0	0	0	0	0	0	0	0	0	0	0	0	0	0	0	0	0	0	0	0	0	0	0	0	0	0	0
Uniq4038	0	0	0	0	0	0	0	0	0	0	0	0	0	0	0	0	0	0	0	0	0	0	0	0	0	0	0	0	0	0	0	0	0	0	0	0	0	0	0	0	0	0	0	0	0	0	0	0
Uniq4135	0	0	0	0	0	0	0	0	0	0	0	0	0	0	0	0	0	0	0	0	0	0	0	0	0	0	0	0	0	0	0	0	0	0	0	0	0	0	0	0	0	0	0	0	0	0	0	0
Uniq2999	0	0	0	0	0	0	0	0	0	0	0	0	0	0	0	0	0	0	0	0	0	0	0	0	0	0	0	0	0	0	0	0	0	0	0	0	0	0	0	0	0	0	0	0	0	0	0	0
Uniq1536	0	0	0	0	0	0	0	0	0	0	0	0	0	0	0	0	0	0	0	0	0	0	0	0	0	0	0	0	0	0	0	0	0	0	0	0	0	0	0	0	0	0	0	0	0	0	0	0
Uniq985	0	0	0	0	0	0	0	0	0	0	0	0	0	0	0	0	0	0	0	0	0	0	0	0	0	0	0	0	0	0	0	0	0	0	2	0	4	0	4	0	2	0	1	0	1	0	0	0
Uniq3317	0	0	0	0	0	0	0	0	0	0	0	0	0	0	0	0	0	0	0	0	0	0	0	0	0	0	0	0	0	0	0	0	0	0	0	0	0	0	0	0	0	0	0	0	0	0	0	0
Uniq2996	0	0	0	0	0	0	0	0	0	0	0	0	0	0	0	0	0	0	0	0	0	0	0	0	0	0	0	0	0	0	0	0	0	0	0	0	0	0	0	0	0	0	0	0	0	0	0	0
Uniq3704	0	0	0	0	0	0	0	0	0	0	0	0	0	0	0	0	0	0	0	0	0	0	0	0	0	0	0	0	0	0	0	0	0	0	0	0	0	0	0	0	0	0	0	0	0	0	0	0
Uniq3288	0	0	0	0	0	0	0	0	0	0	0	0	0	0	0	0	0	0	0	0	0	0	0	0	0	0	0	0	0	0	0	0	0	0	0	0	0	0	0	0	0	0	0	0	0	0	0	0
Uniq3358	0	0	0	0	0	0	0	0	0	0	0	0	0	0	0	0	0	0	0	0	0	0	0	0	0	0	0	0	0	0	0	0	0	0	4	0	4	0	5	0	2	0	2	0	2	0	0	0
Uniq3743	0	0	0	0	0	0	0	0	0	0	0	0	0	0	0	0	0	0	0	0	0	0	0	0	0	0	0	0	0	0	0	0	0	0	3	0	6	0	4	0	3	0	1	0	3	0	0	0
Uniq1223	0	0	0	0	0	0	0	0	0	0	0	0	0	0	0	0	0	0	0	0	0	0	0	0	0	0	0	0	0	0	0	0	0	0	0	0	0	0	0	0	0	0	0	0	0	0	0	0
Uniq2664	0	0	0	0	0	0	0	0	0	0	0	0	0	0	0	0	0	0	0	0	0	0	0	0	0	0	0	0	0	0	0	0	0	0	0	0	0	0	0	0	0	0	0	0	0	0	0	0
Uniq3805	0	0	0	0	0	0	0	0	0	0	0	0	0	0	0	0	0	0	0	0	0	0	0	0	0	0	0	0	0	0	0	0	0	0	0	0	0	0	0	0	0	0	0	0	0	0	0	0
Uniq1845	0	0	0	0	0	0	0	0	0	0	0	0	0	0	0	0	0	0	0	0	0	0	0	0	0	0	0	0	0	0	0	0	0	0	0	0	0	0	0	0	0	0	0	0	0	0	0	0
Uniq456	0	0	0	0	0	0	0	0	0	0	0	0	0	0	0	0	0	0	0	0	0	0	0	0	0	0	0	0	0	0	0	0	0	0	0	0	0	0	0	0	0	0	0	0	0	0	0	0
Uniq2153	0	0	0	0	0	0	0	0	0	0	0	0	0	0	0	0	0	0	0	0	0	0	0	0	0	0	0	0	0	0	0	0	0	0	0	0	0	0	0	0	0	0	0	0	0	0	0	0
Uniq923	0	0	0	0	0	0	0	0	0	0	0	0	0	0	0	0	0	0	0	0	0	0	0	0	0	0	0	0	0	0	0	0	0	0	3	0	7	0	7	0	3	0	3	0	5	0	0	0
Uniq370	0	0	0	0	0	0	0	0	0	0	0	0	0	0	0	0	0	0	0	0	0	0	0	0	0	0	0	0	0	0	0	0	0	0	0	0	0	0	0	0	0	0	0	0	0	0	0	0
Uniq1804	0	0	0	0	0	0	0	0	0	0	0	0	0	0	0	0	0	0	0	0	0	0	0	0	0	0	0	0	0	0	0	0	0	0	0	0	0	0	0	0	0	0	0	0	0	0	0	0
Uniq2813	0	0	0	0	0	0	0	0	0	0	0	0	0	0	0	0	0	0	0	0	0	0	0	0	0	0	0	0	0	0	0	0	0	0	0	0	0	0	0	0	0	0	0	0	0	0	0	0
Uniq1201	0	0	0	0	0	0	0	0	0	0	0	0	0	0	0	0	0	0	0	0	0	0	0	0	0	0	0	0	0	0	0	0	0	0	0	0	0	0	0	0	0	0	0	0	0	0	0	0
Uniq81	0	0	0	0	0	0	0	0	0	0	0	0	0	0	0	0	0	0	0	0	0	0	0	0	0	0	0	0	0	0	0	0	0	0	0	0	0	0	0	0	0	0	0	0	0	0	0	0
Uniq1824	0	0	0	0	0	0	0	0	0	0	0	0	0	0	0	0	0	0	0	0	0	0	0	0	0	0	0	0	0	0	0	0	0	0	0	0	0	0	0	0	0	0	0	0	0	0	0	0
Uniq3710	0	0	0	0	0	0	0	0	0	0	0	0	0	0	0	0	0	0	0	0	0	0	0	0	0	0	0	0	0	0	0	0	0	0	0	0	0	0	0	0	0	0	0	0	0	0	0	0
Uniq3168	0	0	0	0	0	0	0	0	0	0	0	0	0	0	0	0	0	0	0	0	0	0	0	0	0	0	0	0	0	0	0	0	0	0	0	0	0	0	0	0	0	0	0	0	0	0	0	0
Uniq1226	0	0	0	0	0	0	0	0	0	0	0	0	0	0	0	0	0	0	0	0	0	0	0	0	0	0	0	0	0	0	0	0	0	0	0	0	0	0	0	0	0	0	0	0	0	0	0	0
Uniq2286	0	0	0	0	0	0	0	0	0	0	0	0	0	0	0	0	0	0	0	0	0	0	0	0	0	0	0	0	0	0	0	0	0	0	0	0	0	0	0	0	0	0	0	0	0	0	0	0
Uniq1509	0	0	0	0	0	0	0	0	0	0	0	0	0	0	0	0	0	0	0	0	0	0	0	0	0	0	0	0	0	0	0	0	0	0	0	0	0	0	0	0	0	0	0	0	0	0	0	0
Uniq1216	0	0	0	0	0	0	0	0	0	0	0	0	0	0	0	0	0	0	0	0	0	0	0	0	0	0	0	0	0	0	0	0	0	0	0	0	0	0	0	0	0	0	0	0	0	0	0	0
Uniq2079	0	0	0	0	0	0	0	0	0	0	0	0	0	0	0	0	0	0	0	0	0	0	0	0	0	0	0	0	0	0	0	0	0	0	0	0	0	0	0	0	0	0	0	0	0	0	0	0
Uniq3889	0	0	0	0	0	0	0	0	0	0	0	0	0	0	0	0	0	0	0	0	0	0	0	0	0	0	0	0	0	0	0	0	0	0	0	0	0	0	0	0	0	0	0	0	0	0	0	0
Uniq1770	0	0	0	0	0	0	0	0	0	0	0	0	0	0	0	0	0	0	0	0	0	0	0	0	0	0	0	0	0	0	0	0	0	0	0	0	0	0	0	0	0	0	0	0	0	0	0	0
Uniq2540	0	0	0	0	0	0	0	0	0	0	0	0	0	0	0	0	0	0	0	0	0	0	0	0	0	0	0	0	0	0	0	0	0	0	0	0	0	0	0	0	0	0	0	0	0	0	0	0
Uniq3657	0	0	0	0	0	0	0	0	0	0	0	0	0	0	0	0	0	0	0	0	0	0	0	0	0	0	0	0	0	0	0	0	0	0	0	0	0	0	0	0	0	0	0	0	0	0	0	0
Uniq3003	0	0	0	0	0	0	0	0	0	0	0	0	0	0	0	0	0	0	0	0	0	0	0	0	0	0	0	0	0	0	0	0	0	0	0	0	0	0	0	0	0	0	0	0	0	0	0	0
Uniq1500	0	0	0	0	0	0	0	0	0	0	0	0	0	0	0	0	0	0	0	0	0	0	0	0	0	0	0	0	0	0	0	0	0	0	0	0	0	0	0	0	0	0	0	0	0	0	0	0
Uniq1082	0	0	0	0	0	0	0	0	0	0	0	0	0	0	0	0	0	0	0	0	0	0	0	0	0	0	0	0	0	0	0	0	0	0	0	0	0	0	0	0	0	0	0	0	0	0	0	0
Uniq3182	0	0	0	0	0	0	0	0	0	0	0	0	0	0	0	0	0	0	0	0	0	0	0	0	0	0	0	0	0	0	0	0	0	0	0	0	0	0	0	0	0	0	0	0	0	0	0	0
Uniq2356	0	0	0	0	0	0	0	0	0	0	0	0	0	0	0	0	0	0	0	0	0	0	0	0	0	0	0	0	0	0	0	0	0	0	0	0	0	0	0	0	0	0	0	0	0	0	0	0
Uniq1343	0	0	0	0	0	0	0	0	0	0	0	0	0	0	0	0	0	0	0	0	0	0	0	0	0	0	0	0	0	0	0	0	0	0	0	0	0	0	0	0	0	0	0	0	0	0	0	0
Uniq2077	0	0	0	0	0	0	0	0	0	0	0	0	0	0	0	0	0	0	0	0	0	0	0	0	0	0	0	0	0	0	0	0	0	0	0	0	0	0	0	0	0	0	0	0	0	0	0	0
Uniq3462	0	0	0	0	0	0	0	0	0	0	0	0	0	0	0	0	0	0	0	0	0	0	0	0	0	0	0	0	0	0	0	0	0	0	0	0	0	0	0	0	0	0	0	0	0	0	0	0
Uniq2997	0	0	0	0	0	0	0	0	0	0	0	0	0	0	0	0	0	0	0	0	0	0	0	0	0	0	0	0	0	0	0	0	0	0	0	0	0	0	0	0	0	0	0	0	0	0	0	0
Uniq2531	0	0	0	0	0	0	0	0	0	0	0	0	0	0	0	0	0	0	0	0	0	0	0	0	0	0	0	0	0	0	0	0	0	0	0	0	0	0	0	0	0	0	0	0	0	0	0	0
Uniq1699	0	0	0	0	0	0	0	0	0	0	0	0	0	0	0	0	0	0	0	0	0	0	0	0	0	0	0	0	0	0	0	0	0	0	0	0	0	0	0	0	0	0	0	0	0	0	0	0
Uniq1080	0	0	0	0	0	0	0	0	0	0	0	0	0	0	0	0	0	0	0	0	0	0	0	0	0	0	0	0	0	0	0	0	0	0	0	0	0	0	0	0	0	0	0	0	0	0	0	0
Uniq1345	0	0	0	0	0	0	0	0	0	0	0	0	0	0	0	0	0	0	0	0	0	0	0	0	0	0	0	0	0	0	0	0	0	0	0	0	0	0	0	0	0	0	0	0	0	0	0	0
Uniq4272	0	0	0	0	0	0	0	0	0	0	0	0	0	0	0	0	0	0	0	0	0	0	0	0	0	0	0	0	0	0	0	0	0	0	0	0	0	0	0	0	0	0	0	0	0	0	0	0
Uniq760	0	0	0	0	0	0	0	0	0	0	0	0	0	0	0	0	0	0	0	0	0	0	0	0	0	0	0	0	0	0	0	0	0	0	0	0	0	0	0	0	0	0	0	0	0	0	0	0
Uniq4517	0	0	0	0	0	0	0	0	0	0	0	0	0	0	0	0	0	0	0	0	0	0	0	0	0	0	0	0	0	0	0	0	0	0	0	0	0	0	0	0	0	0	0	0	0	0	0	0
Uniq1045	0	0	0	0	0	0	0	0	0	0	0	0	0	0	0	0	0	0	0	0	0	0	0	0	0	0	0	0	1	0	0	0	0	0	0	0	0	0	0	0	0	0	0	0	0	0	0	0
Uniq776	0	0	0	0	0	0	0	0	0	0	0	0	0	0	0	0	0	0	0	0	0	0	0	0	0	0	0	0	0	0	0	0	0	0	0	0	0	0	0	0	0	0	0	0	0	0	0	0
Uniq387	0	0	0	0	0	0	0	0	0	0	0	0	0	0	0	0	0	0	0	0	0	0	0	0	0	0	0	0	0	0	0	0	0	0	0	0	0	0	0	0	0	0	0	0	0	0	0	0
Uniq386	0	0	0	0	0	0	0	0	0	0	0	0	0	0	0	0	0	0	0	0	0	0	0	0	0	0	0	0	0	0	0	0	0	0	0	0	0	0	0	0	0	0	0	0	0	0	0	0
Uniq4351	0	0	0	0	0	0	0	0	0	0	0	0	0	0	0	0	0	0	0	0	0	0	0	0	0	0	0	0	0	0	0	0	0	0	0	0	0	0	0	0	0	0	0	0	0	0	0	0
Uniq415	0	0	0	0	0	0	0	0	0	0	0	0	0	0	0	0	0	0	0	0	0	0	0	0	0	0	0	0	0	0	0	0	0	0	0	0	0	0	0	0	0	0	0	0	0	0	0	0
Uniq2863	0	0	0	0	0	0	0	0	0	0	0	0	0	0	0	0	0	0	0	0	0	0	0	0	0	0	0	0	0	0	0	0	0	0	0	0	0	0	0	0	0	0	0	0	0	0	0	0
Uniq1141	0	0	0	0	0	0	0	0	0	0	0	0	0	0	0	0	0	0	0	0	0	0	0	0	0	0	0	0	0	0	0	0	0	0	0	0	0	0	0	0	0	0	0	0	0	0	0	0
Uniq2135	0	0	0	0	0	0	0	0	0	0	0	0	0	0	0	0	0	0	0	0	0	0	0	0	0	0	0	0	0	0	0	0	0	0	0	0	0	0	0	0	0	0	0	0	0	0	0	0
Uniq3001	0	0	0	0	0	0	0	0	0	0	0	0	0	0	0	0	0	0	0	0	0	0	0	0	0	0	0	0	0	0	0	0	0	0	0	0	0	0	0	0	0	0	0	0	0	0	0	0
Uniq3171	0	0	0	0	0	0	0	0	0	0	0	0	0	0	0	0	0	0	0	0	0	0	0	0	0	0	0	0	0	0	0	0	0	0	0	0	0	0	0	0	0	0	0	0	0	0	0	0
Uniq4291	0	0	0	0	0	0	0	0	0	0	0	0	0	0	0	0	0	0	0	0	0	0	0	0	0	0	0	0	0	0	0	0	0	0	0	0	0	0	0	0	0	0	0	0	0	0	0	0
Uniq684	0	0	0	0	0	0	0	0	0	0	0	0	0	0	0	0	0	0	0	0	0	0	0	0	0	0	0	0	0	0	0	0	0	0	0	0	0	0	0	0	0	0	0	0	0	0	0	0
Uniq3127	0	0	0	0	0	0	0	0	0	0	0	0	0	0	0	0	0	0	0	0	0	0	0	0	0	0	0	0	0	0	0	0	0	0	0	0	0	0	0	0	0	0	0	0	0	0	0	0
Uniq2880	0	0	0	0	0	0	0	0	0	0	0	0	0	0	0	0	0	0	0	0	0	0	0	0	0	0	0	0	0	0	0	0	0	0	0	0	0	0	0	0	0	0	0	0	0	0	0	0
Uniq3017	0	0	0	0	0	0	0	0	0	0	0	0	0	0	0	0	0	0	0	0	0	0	0	0	0	0	0	0	0	0	0	0	0	0	0	0	0	0	0	0	0	0	0	0	0	0	0	0
Uniq554	0	0	0	0	0	0	0	0	0	0	0	0	0	0	0	0	0	0	0	0	0	0	0	0	0	0	0	0	0	0	0	0	0	0	0	0	0	0	0	0	0	0	0	0	0	0	0	0
Uniq2232	0	0	0	0	0	0	0	0	0	0	0	0	0	0	0	0	0	0	0	0	0	0	0	0	0	0	0	0	0	0	0	0	0	0	0	0	0	0	0	0	0	0	0	0	0	0	0	0
Uniq715	0	0	0	0	0	0	0	0	0	0	0	0	0	0	0	0	0	0	0	0	0	0	0	0	0	0	0	0	0	0	0	0	0	0	0	0	0	0	0	0	0	0	0	0	0	0	0	0
Uniq1762	0	0	0	0	0	0	0	0	0	0	0	0	0	0	0	0	0	0	0	0	0	0	0	0	0	0	0	0	0	0	0	0	0	0	0	0	0	0	0	0	0	0	0	0	0	0	0	0
Uniq947	0	0	0	0	0	0	0	0	0	0	0	0	0	0	0	0	0	0	0	0	0	0	0	0	0	0	0	0	0	0	0	0	0	0	0	0	0	0	0	0	0	0	0	0	0	0	0	0
Uniq880	0	0	0	0	0	0	0	0	0	0	0	0	0	0	0	0	0	0	0	0	0	0	0	0	0	0	0	0	0	0	0	0	0	0	0	0	0	0	0	0	0	0	0	0	0	0	0	0
Uniq3402	0	0	0	0	0	0	0	0	0	0	0	0	0	0	0	0	0	0	0	0	0	0	0	0	0	0	0	0	0	0	0	0	0	0	0	0	0	0	0	0	0	0	0	0	0	0	0	0
Uniq2981	0	0	0	0	0	0	0	0	0	0	0	0	0	0	0	0	0	0	0	0	0	0	0	0	0	0	0	0	0	0	0	0	0	0	0	0	0	0	0	0	0	0	0	0	0	0	0	1
Uniq1481	0	0	0	0	0	0	0	0	0	0	0	0	0	0	0	0	0	0	0	0	0	0	0	0	0	0	0	0	0	0	0	0	0	0	0	0	0	0	0	0	0	0	0	0	0	0	0	0
Uniq2207	0	0	0	0	0	0	0	0	0	0	0	0	0	0	0	0	0	0	0	0	0	0	0	0	0	0	0	0	0	0	0	0	0	0	0	0	0	0	0	0	0	0	0	0	0	0	0	0
Uniq1807	0	0	0	0	0	0	0	0	0	0	0	0	0	0	0	0	0	0	0	0	0	0	0	0	0	0	0	0	0	0	0	0	0	0	0	0	0	0	0	0	0	0	0	0	0	0	0	0
Uniq3048	0	0	0	0	0	0	0	0	0	0	0	0	0	0	0	0	0	0	0	0	0	0	0	0	0	0	0	0	0	0	0	0	0	0	0	0	0	0	0	0	0	0	0	0	0	0	0	0
Uniq3263	0	0	0	0	0	0	0	0	0	0	0	0	0	0	0	0	0	0	0	0	0	0	0	0	0	0	0	0	0	0	0	0	0	0	0	0	0	0	0	0	0	0	0	0	0	0	0	0
Uniq1920	0	0	0	0	0	0	0	0	0	0	0	0	0	0	0	0	0	0	0	0	0	0	0	0	0	0	0	0	0	0	0	0	0	0	0	0	0	0	0	0	0	0	0	0	0	0	0	0
Uniq1646	0	0	0	0	0	0	0	0	0	0	0	0	0	0	0	0	0	0	0	0	0	0	0	0	0	0	0	0	0	0	0	0	0	0	0	0	0	0	0	0	0	0	0	0	0	0	0	0
Uniq1752	0	0	0	0	0	0	0	0	0	0	0	0	0	0	0	0	0	0	0	0	0	0	0	0	0	0	0	0	0	0	0	0	0	0	0	0	0	0	0	0	0	0	0	0	0	0	0	0
Uniq1977	0	0	0	0	0	0	0	0	0	0	0	0	0	0	0	0	0	0	0	0	0	0	0	0	0	0	0	0	0	0	0	0	0	0	0	0	0	0	0	0	0	0	0	0	0	0	0	0
Uniq741	0	0	0	0	0	0	0	0	0	0	0	0	0	0	0	0	0	0	0	0	0	0	0	0	0	0	0	0	0	0	0	0	0	0	0	0	0	0	0	0	0	0	0	0	0	0	0	0
Uniq2161	0	0	0	0	0	0	0	0	0	0	0	0	0	0	0	0	0	0	0	0	0	0	0	0	0	0	0	0	0	0	0	0	0	0	0	0	0	0	0	0	0	0	0	0	0	0	0	0
Uniq514	0	0	0	0	0	0	0	0	0	0	0	0	0	0	0	0	0	0	0	0	0	0	0	0	0	0	0	0	0	0	0	0	0	0	0	0	0	0	0	0	0	0	0	0	0	0	0	0
Uniq1874	0	0	0	0	0	0	0	0	0	0	0	0	0	0	0	0	0	0	0	0	0	0	0	0	0	0	0	0	0	0	0	0	0	0	0	0	0	0	0	0	0	0	0	0	0	0	0	0
Uniq1561	0	0	0	0	0	0	0	0	0	0	0	0	0	0	0	0	0	0	0	0	0	0	0	0	0	0	0	0	0	0	0	0	0	0	0	0	0	0	0	0	0	0	0	0	0	0	0	0
Uniq2273	0	0	0	0	0	0	0	0	0	0	0	0	0	0	0	0	0	0	0	0	0	0	0	0	0	0	0	0	0	0	0	0	0	0	0	0	0	0	0	0	0	0	0	0	0	0	0	0
Uniq2365	0	0	0	0	0	0	0	0	0	0	0	0	0	0	0	0	0	0	0	0	0	0	0	0	0	0	0	0	0	0	0	0	0	0	0	0	0	0	0	0	0	0	0	0	0	0	0	0
Uniq4431	0	0	0	0	0	0	0	0	0	0	0	0	0	0	0	0	0	0	0	0	0	0	0	0	0	0	0	0	0	0	0	0	0	0	0	0	0	0	0	0	0	0	0	0	0	0	0	0
Uniq4005	0	0	0	0	0	0	0	0	0	0	0	0	0	0	0	0	0	0	0	0	0	0	0	0	0	0	0	0	0	0	0	0	0	0	0	0	0	0	0	0	0	0	0	0	0	0	0	0
Uniq2805	0	0	0	0	0	0	0	0	0	0	0	0	0	0	0	0	0	0	0	0	0	0	0	0	0	0	0	0	0	0	0	0	0	0	0	0	0	0	0	0	0	0	0	0	0	0	0	0
Uniq1436	0	0	0	0	0	0	0	0	0	0	0	0	0	0	0	0	0	0	0	0	0	0	0	0	0	0	0	0	0	0	0	0	0	0	0	0	0	0	0	0	0	0	0	0	0	0	0	0
Uniq1015	0	0	0	0	0	0	0	0	0	0	0	0	0	0	0	0	0	0	0	0	0	0	0	0	0	0	0	0	0	0	0	0	0	0	0	0	0	0	0	0	0	0	0	0	0	0	0	0
Uniq872	0	0	0	0	0	0	0	0	0	0	0	0	0	0	0	0	0	0	0	0	0	0	0	0	0	0	0	0	0	0	0	0	0	0	0	0	0	0	0	0	0	0	0	0	0	0	0	0
Uniq2554	0	0	0	0	0	0	0	0	0	0	0	0	0	0	0	0	0	0	0	0	0	0	0	0	0	0	0	0	0	0	0	0	0	0	0	0	0	0	0	0	0	0	0	0	0	0	0	0
Uniq1096	0	0	0	0	0	0	0	0	0	0	0	0	0	0	0	0	0	0	0	0	0	0	0	0	0	0	0	0	0	0	0	0	0	0	0	0	0	0	0	0	0	0	0	0	0	0	0	0
Uniq2976	0	0	0	0	0	0	0	0	0	0	0	0	0	0	0	0	0	0	0	0	0	0	0	0	0	0	0	0	0	0	0	0	0	0	0	0	0	0	0	0	0	0	0	0	0	0	0	0
Uniq1179	0	0	0	0	0	0	0	0	0	0	0	0	0	0	0	0	0	0	0	0	0	0	0	0	0	0	0	0	0	0	0	0	0	0	0	0	0	0	0	0	0	0	0	0	0	0	0	0
Uniq4106	0	0	0	0	0	0	0	0	0	0	0	0	0	0	0	0	0	0	0	0	0	0	0	0	0	0	0	0	0	0	0	0	0	0	0	0	0	0	0	0	0	0	0	0	0	0	0	0
Uniq3522	0	0	0	0	0	0	0	0	0	0	0	0	0	0	0	0	0	0	0	0	0	0	0	0	0	0	0	0	0	0	0	0	0	0	0	0	0	0	0	0	0	0	0	0	0	0	0	0
Uniq2862	0	0	0	0	0	0	0	0	0	0	0	0	0	0	0	0	0	0	0	0	0	0	0	0	0	0	0	0	0	0	0	0	0	0	0	0	0	0	0	0	0	0	0	0	0	0	0	0
Uniq2263	0	0	0	0	0	0	0	0	0	0	0	0	0	0	0	0	0	0	0	0	0	0	0	0	0	0	0	0	0	0	0	0	0	0	0	0	0	0	0	0	0	0	0	0	0	0	0	0
Uniq1203	0	0	0	0	0	0	0	0	0	0	0	0	0	0	0	0	0	0	0	0	0	0	0	0	0	0	0	0	0	0	0	0	0	0	0	0	0	0	0	0	0	0	0	0	0	0	0	0
Uniq1207	0	0	0	0	0	0	0	0	0	0	0	0	0	0	0	0	0	0	0	0	0	0	0	0	0	0	0	0	0	0	0	0	0	0	0	0	0	0	0	0	0	0	0	0	0	0	0	0
Uniq2557	0	0	0	0	0	0	0	0	0	0	0	0	0	0	0	0	0	0	0	0	0	0	0	0	0	0	0	0	0	0	0	0	0	0	0	0	0	0	0	0	0	0	0	0	0	0	0	0
Uniq301	0	0	0	0	0	0	0	0	0	0	0	0	0	0	0	0	0	0	0	0	0	0	0	0	0	0	0	0	0	0	0	0	0	0	0	0	0	0	0	0	0	0	0	0	0	0	0	0
Uniq3422	0	0	0	0	0	0	0	0	0	0	0	0	0	0	0	0	0	0	0	0	0	0	0	0	0	0	0	0	0	0	0	0	0	0	0	0	0	0	0	0	0	0	0	0	0	0	0	0
Uniq4423	0	0	0	0	0	0	0	0	0	0	0	0	0	0	0	0	0	0	0	0	0	0	0	0	0	0	0	0	0	0	0	0	0	0	0	0	0	0	0	0	0	0	0	0	0	0	0	0
Uniq1047	0	0	0	0	0	0	0	0	0	0	0	0	0	0	0	0	0	0	0	0	0	0	0	0	0	0	0	0	0	0	0	0	0	0	0	0	0	0	0	0	0	0	0	0	0	0	0	0
Uniq2111	0	0	0	0	0	0	0	0	0	0	0	0	0	0	0	0	0	0	0	0	0	0	0	0	0	0	0	0	0	0	0	0	0	0	0	0	0	0	0	0	0	0	0	0	0	0	0	0
Uniq3154	0	0	0	0	0	0	0	0	0	0	0	0	0	0	0	0	0	0	0	0	0	0	0	0	0	0	0	0	0	0	0	0	0	0	0	0	0	0	0	0	0	0	0	0	0	0	0	0
Uniq4413	0	0	0	0	0	0	0	0	0	0	0	0	0	0	0	0	0	0	0	0	0	0	0	0	0	0	0	0	0	0	0	0	0	0	0	0	0	0	0	0	0	0	0	0	0	0	0	0
Uniq2010	0	0	0	0	0	0	0	0	0	0	0	0	0	0	0	0	0	0	0	0	0	0	0	0	0	0	0	0	0	0	0	0	0	0	0	0	0	0	0	0	0	0	0	0	0	0	0	0
Uniq3987	0	0	0	0	0	0	0	0	0	0	0	0	0	0	0	0	0	0	0	0	0	0	0	0	0	0	0	0	0	0	0	0	0	0	0	0	0	0	0	0	0	0	0	0	0	0	0	0
Uniq4346	0	0	0	0	0	0	0	0	0	0	0	0	0	0	0	0	0	0	0	0	0	0	0	0	0	0	0	0	0	0	0	0	0	0	0	0	0	0	0	0	0	0	0	0	0	0	0	0
Uniq2086	0	0	0	0	0	0	0	0	0	0	0	0	0	0	0	0	0	0	0	0	0	0	0	0	0	0	0	0	0	0	0	0	0	0	0	0	0	0	0	0	0	0	0	0	0	0	0	0
Uniq1873	0	0	0	0	0	0	0	0	0	0	0	0	0	0	0	0	0	0	0	0	0	0	0	0	0	0	0	0	0	0	0	0	0	0	0	0	0	0	0	0	0	0	0	0	0	0	0	0
Uniq1748	0	0	0	0	0	0	0	0	0	0	0	0	0	0	0	0	0	0	0	0	0	0	0	0	0	0	0	0	0	0	0	0	0	0	0	0	0	0	0	0	0	0	0	0	0	0	0	0
Uniq1032	0	0	0	0	0	0	0	0	0	0	0	0	0	0	0	0	0	0	0	0	0	0	0	0	0	0	0	0	0	0	0	0	0	0	0	0	0	0	0	0	0	0	0	0	0	0	0	0
Uniq1309	0	0	0	0	0	0	0	0	0	0	0	0	0	0	0	0	0	0	0	0	0	0	0	0	0	0	0	0	0	0	0	0	0	0	0	0	0	0	0	0	0	0	0	0	0	0	0	0
Uniq1332	0	0	0	0	0	0	0	0	0	0	0	0	0	0	0	0	0	0	0	0	0	0	0	0	0	0	0	0	0	0	0	0	0	0	0	0	0	0	0	0	0	0	0	0	0	0	0	0
Uniq909	0	0	0	0	0	0	0	0	0	0	0	0	0	0	0	0	0	0	0	0	0	0	0	0	0	0	0	0	0	0	0	0	0	0	0	0	0	0	0	0	0	0	0	0	0	0	0	0
Uniq1554	0	0	0	0	0	0	0	0	0	0	0	0	0	0	0	0	0	0	0	0	0	0	0	0	0	0	0	0	0	0	0	0	0	0	0	0	0	0	0	0	0	0	0	0	0	0	0	0
Uniq670	0	0	0	0	0	0	0	0	0	0	0	0	0	0	0	0	0	0	0	0	0	0	0	0	0	0	0	0	0	0	0	0	0	0	0	0	0	0	0	0	0	0	0	0	0	0	0	0
Uniq663	0	0	0	0	0	0	0	0	0	0	0	0	0	0	0	0	0	0	0	0	0	0	0	0	0	0	0	0	0	0	0	0	0	0	0	0	0	0	0	0	0	0	0	0	0	0	0	0
Uniq3904	0	0	0	0	0	0	0	0	0	0	0	0	0	0	0	0	0	0	0	0	0	0	0	0	0	0	0	0	0	0	0	0	0	0	0	0	0	0	0	0	0	0	0	0	0	0	0	0
Uniq2658	0	0	0	0	0	0	0	0	0	0	0	0	0	0	0	0	0	0	0	0	0	0	0	0	0	0	0	0	0	0	0	0	0	0	0	0	0	0	0	0	0	0	0	0	0	0	0	0
Uniq3746	0	0	0	0	0	0	0	0	0	0	0	0	0	0	0	0	0	0	0	0	0	0	0	0	0	0	0	0	0	0	0	0	0	0	0	0	0	0	0	0	0	0	0	0	0	0	0	0
Uniq3635	0	0	0	0	0	0	0	0	0	0	0	0	0	0	0	0	0	0	0	0	0	0	0	0	0	0	0	0	0	0	0	0	0	0	0	0	0	0	0	0	0	0	0	0	0	0	0	0
Uniq894	0	0	0	0	0	0	0	0	0	0	0	0	0	0	0	0	0	0	0	0	0	0	0	0	0	0	0	0	0	0	0	0	0	0	0	0	0	0	0	0	0	0	0	0	0	0	0	0
Uniq1531	0	0	0	0	0	0	0	0	0	0	0	0	0	0	0	0	0	0	0	0	0	0	0	0	0	0	0	0	0	0	0	0	0	0	0	0	0	0	0	0	0	0	0	0	0	0	0	0
Uniq1122	0	0	0	0	0	0	0	0	0	0	0	0	0	0	0	0	0	0	0	0	0	0	0	0	0	0	0	0	0	0	0	0	0	0	0	0	0	0	0	0	0	0	0	0	0	0	0	0
Uniq1186	0	0	0	0	0	0	0	0	0	0	0	0	0	0	0	0	0	0	0	0	0	0	0	0	0	0	0	0	0	0	0	0	0	0	0	0	0	0	0	0	0	0	0	0	0	0	0	0
Uniq701	0	0	0	0	0	0	0	0	0	0	0	0	0	0	0	0	0	0	0	0	0	0	0	0	0	0	0	0	0	0	0	0	0	0	0	0	0	0	0	0	0	0	0	0	0	0	0	0
Uniq2260	0	0	0	0	0	0	0	0	0	0	0	0	0	0	0	0	0	0	0	0	0	0	0	0	0	0	0	0	0	0	0	0	0	0	0	0	0	0	0	0	0	0	0	0	0	0	0	0
Uniq363	0	0	0	0	0	0	0	0	0	0	0	0	0	0	0	0	0	0	0	0	0	0	0	0	0	0	0	0	0	0	0	0	0	0	0	0	0	0	0	0	0	0	0	0	0	0	0	0
Uniq535	0	0	0	0	0	0	0	0	0	0	0	0	0	0	0	0	0	0	0	0	0	0	0	0	0	0	0	0	0	0	0	0	0	0	0	0	0	0	0	0	0	0	0	0	0	0	0	0
Uniq3535	0	0	0	0	0	0	0	0	0	0	0	0	0	0	0	0	0	0	0	0	0	0	0	0	0	0	0	0	0	0	0	0	0	0	0	0	0	0	0	0	0	0	0	0	0	0	0	0
Uniq4421	0	0	0	0	0	0	0	0	0	0	0	0	0	0	0	0	0	0	0	0	0	0	0	0	0	0	0	0	0	0	0	0	0	0	0	0	0	0	0	0	0	0	0	0	0	0	0	0
Uniq830	0	0	0	0	0	0	0	0	0	0	0	0	0	0	0	0	0	0	0	0	0	0	0	0	0	0	0	0	0	0	0	0	0	0	0	0	0	0	0	0	0	0	0	0	0	0	0	0
Uniq1388	0	0	0	0	0	0	0	0	0	0	0	0	0	0	0	0	0	0	0	0	0	0	0	0	0	0	0	0	0	0	0	0	0	0	0	0	0	0	0	0	0	0	0	0	0	0	0	0
Uniq346	0	0	0	0	0	0	0	0	0	0	0	0	0	0	0	0	0	0	0	0	0	0	0	0	0	0	0	0	0	0	0	0	0	0	0	0	0	0	0	0	0	0	0	0	0	0	0	0
Uniq1524	0	0	0	0	0	0	0	0	0	0	0	0	0	0	0	0	0	0	0	0	0	0	0	0	0	0	0	0	0	0	0	0	0	0	0	0	0	0	0	0	0	0	0	0	0	0	0	0
Uniq843	0	0	0	0	0	0	0	0	0	0	0	0	0	0	0	0	0	0	0	0	0	0	0	0	0	0	0	0	0	0	0	0	0	0	0	0	0	0	0	0	0	0	0	0	0	0	0	0
Uniq3487	0	0	0	0	0	0	0	0	0	0	0	0	0	0	0	0	0	0	0	0	0	0	0	0	0	0	0	0	0	0	0	0	0	0	0	0	0	0	0	0	0	0	0	0	0	0	0	0
Uniq1607	0	0	0	0	0	0	0	0	0	0	0	0	0	0	0	0	0	0	0	0	0	0	0	0	0	0	0	0	0	0	0	0	0	0	0	0	0	0	0	0	0	0	0	0	0	0	0	0
Uniq1841	0	0	0	0	0	0	0	0	0	0	0	0	0	0	0	0	0	0	0	0	0	0	0	0	0	0	0	0	0	0	0	0	0	0	0	0	0	0	0	0	0	0	0	0	0	0	0	0
Uniq1953	0	0	0	0	0	0	0	0	0	0	0	0	0	0	0	0	0	0	0	0	0	0	0	0	0	0	0	0	0	0	0	0	0	0	0	0	0	0	0	0	0	0	0	0	0	0	0	0
Uniq2214	0	0	0	0	0	0	0	0	0	0	0	0	0	0	0	0	0	0	0	0	0	0	0	0	0	0	0	0	0	0	0	0	0	0	2	0	5	0	4	0	2	0	2	0	2	0	0	0
Uniq4399	0	0	0	0	0	0	0	0	0	0	0	0	0	0	0	0	0	0	0	0	0	0	0	0	0	0	0	0	0	0	0	0	0	0	3	0	6	0	4	0	2	0	1	0	1	0	0	0
Uniq3659	0	0	0	0	0	0	0	0	0	0	0	0	0	0	0	0	0	0	0	0	0	0	0	0	0	0	0	0	0	0	0	0	0	0	3	0	5	0	5	0	2	0	2	0	2	0	0	0
Uniq281	0	0	0	0	0	0	0	0	0	0	0	0	0	0	0	0	0	0	0	0	0	0	0	0	0	0	0	0	0	0	0	0	0	0	0	0	0	0	0	0	0	0	0	0	0	0	0	0
Uniq778	0	0	0	0	0	0	0	0	0	0	0	0	0	0	0	0	0	0	0	0	0	0	0	0	0	0	0	0	0	0	0	0	0	0	0	0	0	0	0	0	0	0	0	0	0	0	0	0
Uniq289	0	0	0	0	0	0	0	0	0	0	0	0	0	0	0	0	0	0	0	0	0	0	0	0	0	0	0	0	0	0	0	0	0	0	0	0	0	0	0	0	0	0	0	0	0	0	0	0
Uniq1967	0	0	0	0	0	0	0	0	0	0	0	0	0	0	0	0	0	0	0	0	0	0	0	0	0	0	0	0	0	0	0	0	0	0	0	0	0	0	0	0	0	0	0	0	0	0	0	0
Uniq2359	0	0	0	0	0	0	0	0	0	0	0	0	0	0	0	0	0	0	0	0	0	0	0	0	0	0	0	0	0	0	0	0	0	0	0	0	1	0	0	0	0	0	0	0	0	0	0	0
Uniq191	0	0	0	0	0	0	0	0	0	0	0	0	0	0	0	0	0	0	0	0	0	0	0	0	0	0	0	0	0	0	0	0	0	0	0	0	0	0	0	0	0	0	0	0	0	0	0	0
Uniq4243	0	0	0	0	0	0	0	0	0	0	0	0	0	0	0	0	0	0	0	0	0	0	0	0	0	0	0	0	0	0	0	0	0	0	3	0	4	0	4	0	2	0	2	0	3	0	0	0
Uniq1884	0	0	0	0	0	0	0	0	0	0	0	0	0	0	0	0	0	0	0	0	0	0	0	0	0	0	0	0	0	0	0	0	0	0	4	0	7	0	6	0	3	0	1	0	3	0	0	0
Uniq2254	0	0	0	0	0	0	0	0	0	0	0	0	0	0	0	0	0	0	0	0	0	0	0	0	0	0	0	0	0	0	0	0	0	0	1	0	1	0	0	0	0	0	0	0	1	0	0	0
Uniq1996	0	0	0	0	0	0	0	0	0	0	0	0	0	0	0	0	0	0	0	0	0	0	0	0	0	0	0	0	0	0	0	0	0	0	1	0	1	0	1	0	0	0	0	0	0	0	0	0
Uniq1593	0	0	0	0	0	0	0	0	0	0	0	0	0	0	0	0	0	0	0	0	0	0	0	0	0	0	0	0	0	0	0	0	0	0	0	0	1	0	1	0	1	0	0	0	0	0	0	0
Uniq1297	0	0	0	0	0	0	0	0	0	0	0	0	0	0	0	0	0	0	0	0	0	0	0	0	0	0	0	0	0	0	0	0	0	0	1	0	1	0	1	0	0	0	0	0	0	0	0	0
Uniq4105	0	0	0	0	0	0	0	0	0	0	0	0	0	0	0	0	0	0	0	0	0	0	0	0	0	0	0	0	0	0	0	0	0	0	1	0	4	0	3	0	1	0	1	0	2	0	0	0
Uniq2472	0	0	0	0	0	0	0	0	0	0	0	0	0	0	0	0	0	0	0	0	0	0	0	0	0	0	0	0	0	0	0	0	0	0	0	0	1	0	1	0	0	0	0	0	0	0	0	0
Uniq1401	0	0	0	0	0	0	0	0	0	0	0	0	0	0	0	0	0	0	0	0	0	0	0	0	0	0	0	0	0	0	0	0	0	0	0	0	1	0	1	0	1	0	0	0	0	0	0	0
Uniq3968	0	0	0	0	0	0	0	0	0	0	0	0	0	0	0	0	0	0	0	0	0	0	0	0	0	0	0	0	0	0	0	0	0	0	2	0	2	0	3	0	2	0	1	0	1	0	0	0
Uniq2088	0	0	0	0	0	0	0	0	0	0	0	0	0	0	0	0	0	0	0	0	0	0	0	0	0	0	0	0	0	0	0	0	0	0	0	0	0	0	0	0	0	0	0	0	0	0	0	0
Uniq2670	0	0	0	0	0	0	0	0	0	0	0	0	0	0	0	0	0	0	0	0	0	0	0	0	0	0	0	0	0	0	0	0	0	0	0	0	1	0	0	0	0	0	0	0	0	0	0	0
Uniq3456	0	0	0	0	0	0	0	0	0	0	0	0	0	0	0	0	0	0	0	0	0	0	0	0	0	0	0	0	0	0	0	0	0	0	0	0	0	0	0	0	0	0	0	0	0	0	0	0
Uniq250	0	0	0	0	0	0	0	0	0	0	0	0	0	0	0	0	0	0	0	0	0	0	0	0	0	0	0	0	0	0	0	0	0	0	0	0	0	0	0	0	0	0	0	0	0	0	0	0
Uniq754	0	0	0	0	0	0	0	0	0	0	0	0	0	0	0	0	0	0	0	0	0	0	0	0	0	0	0	0	0	0	0	0	0	0	0	0	0	0	0	0	0	0	0	0	0	0	0	0
Uniq2873	0	0	0	0	0	0	0	0	0	0	0	0	0	0	0	0	0	0	0	0	0	0	0	0	0	0	0	0	0	0	0	0	0	0	0	0	0	0	1	0	0	0	0	0	1	0	0	0
Uniq1413	0	0	0	0	0	0	0	0	0	0	0	0	0	0	0	0	0	0	0	0	0	0	0	0	0	0	0	0	0	0	0	0	0	0	1	0	2	0	2	0	1	0	0	0	1	0	0	0
Uniq3407	0	0	0	0	0	0	0	0	0	0	0	0	0	0	0	0	0	0	0	0	0	0	0	0	0	0	0	0	0	0	0	0	0	0	0	0	0	0	0	0	0	0	0	0	0	0	0	0
Uniq4248	0	0	0	0	0	0	0	0	0	0	0	0	0	0	0	0	0	0	0	0	0	0	0	0	0	0	0	0	0	0	0	0	0	0	0	0	0	0	0	0	0	0	0	0	0	0	0	0
Uniq120	0	0	0	0	0	0	0	0	0	0	0	0	0	0	0	0	0	0	0	0	0	0	0	0	0	0	0	0	0	0	0	0	0	0	0	0	0	0	0	0	0	0	0	0	0	0	0	0
Uniq496	0	0	0	0	0	0	0	0	0	0	0	0	0	0	0	0	0	0	0	0	0	0	0	0	0	0	0	0	0	0	0	0	0	0	0	0	0	0	0	0	0	0	0	0	0	0	0	0
Uniq271	0	0	0	0	0	0	0	0	0	0	0	0	0	0	0	0	0	0	0	0	0	0	0	0	0	0	0	0	0	0	0	0	0	0	0	0	0	0	0	0	0	0	0	0	0	0	0	0
Uniq3322	0	0	0	0	0	0	0	0	0	0	0	0	0	0	0	0	0	0	0	0	0	0	0	0	0	0	0	0	0	0	0	0	0	0	0	0	0	0	0	0	0	0	0	0	0	0	0	0
Uniq493	0	0	0	0	0	0	0	0	0	0	0	0	0	0	0	0	0	0	0	0	0	0	0	0	0	0	0	0	0	0	0	0	0	0	0	0	0	0	0	0	0	0	0	0	0	0	0	0
Uniq719	0	0	0	0	0	0	0	0	0	0	0	0	0	0	0	0	0	0	0	0	0	0	0	0	0	0	0	0	0	0	0	0	0	0	0	0	0	0	0	0	0	0	0	0	0	0	0	0
Uniq197	0	0	0	0	0	0	0	0	0	0	0	0	0	0	0	0	0	0	0	0	0	0	0	0	0	0	0	0	0	0	0	0	0	0	0	0	0	0	0	0	0	0	0	0	0	0	0	0
Uniq304	0	0	0	0	0	0	0	0	0	0	0	0	0	0	0	0	0	0	0	0	0	0	0	0	0	0	0	0	0	0	0	0	0	0	0	0	0	0	0	0	0	0	0	0	0	0	0	0
Uniq3419	0	0	0	0	0	0	0	0	0	0	0	0	0	0	0	0	0	0	0	0	0	0	0	0	0	0	0	0	0	0	0	0	0	0	0	0	0	0	0	0	0	0	0	0	0	0	0	0
Uniq3570	0	0	0	0	0	0	0	0	0	0	0	0	0	0	0	0	0	0	0	0	0	0	0	0	0	0	0	0	0	0	0	0	0	0	0	0	0	0	0	0	0	0	0	0	0	0	0	0
Uniq2881	0	0	0	0	0	0	0	0	0	0	0	0	0	0	0	0	0	0	0	0	0	0	0	0	0	0	0	0	0	0	0	0	0	0	0	0	0	0	0	0	0	0	0	0	0	0	0	0
Uniq1921	0	0	0	0	0	0	0	0	0	0	0	0	0	0	0	0	0	0	0	0	0	0	0	0	0	0	0	0	0	0	0	0	0	0	0	0	0	0	0	0	0	0	0	0	0	0	0	0
Uniq1161	0	0	0	0	0	0	0	0	0	0	0	0	0	0	0	0	0	0	0	0	0	0	0	0	0	0	0	0	0	0	0	0	0	0	0	0	0	0	0	0	0	0	0	0	0	0	0	0
Uniq1829	0	0	0	0	0	0	0	0	0	0	0	0	0	0	0	0	0	0	0	0	0	0	0	0	0	0	0	0	0	0	0	0	0	0	0	0	0	0	0	0	0	0	0	0	0	0	0	0
Uniq621	0	0	0	0	0	0	0	0	0	0	0	0	0	0	0	0	0	0	0	0	0	0	0	0	0	0	0	0	0	0	0	0	0	0	0	0	0	0	0	0	0	0	0	0	0	0	0	0
Uniq3275	0	0	0	0	0	0	0	0	0	0	0	0	0	0	0	0	0	0	0	0	0	0	0	0	0	0	0	0	0	0	0	0	0	0	0	0	0	0	0	0	0	0	0	0	0	0	0	0
Uniq3387	0	0	0	0	0	0	0	0	0	0	0	0	0	0	0	0	0	0	0	0	0	0	0	0	0	0	0	0	0	0	0	0	0	0	0	0	0	0	0	0	0	0	0	0	0	0	0	0
Uniq4278	0	0	0	0	0	0	0	0	0	0	0	0	0	0	0	0	0	0	0	0	0	0	0	0	0	0	0	0	0	0	0	0	0	0	0	0	0	0	0	0	0	0	0	0	0	0	0	0
Uniq368	0	0	0	0	0	0	0	0	0	0	0	0	0	0	0	0	0	0	0	0	0	0	0	0	0	0	0	0	0	0	0	0	0	0	0	0	0	0	0	0	0	0	0	0	0	0	0	0
Uniq306	0	0	0	0	0	0	0	0	0	0	0	0	0	0	0	0	0	0	0	0	0	0	0	0	0	0	0	0	0	0	0	0	0	0	0	0	0	0	0	0	0	0	0	0	0	0	0	0
Uniq215	0	0	0	0	0	0	0	0	0	0	0	0	0	0	0	0	0	0	0	0	0	0	0	0	0	0	0	0	0	0	0	0	0	0	0	0	0	0	0	0	0	0	0	0	0	0	0	0
Uniq354	0	0	0	0	0	0	0	0	0	0	0	0	0	0	0	0	0	0	0	0	0	0	0	0	0	0	0	0	0	0	0	0	0	0	0	0	0	0	0	0	0	0	0	0	0	0	0	0
Uniq3400	0	0	0	0	0	0	0	0	0	0	0	0	0	0	0	0	0	0	0	0	0	0	0	0	0	0	0	0	0	0	0	0	0	0	0	0	1	0	0	0	0	0	0	0	0	0	0	0
Uniq400	0	0	0	0	0	0	0	0	0	0	0	0	0	0	0	0	0	0	0	0	0	0	0	0	0	0	0	0	0	0	0	0	0	0	0	0	0	0	0	0	0	0	0	0	0	0	0	0
Uniq3449	0	0	0	0	0	0	0	0	0	0	0	0	0	0	0	0	0	0	0	0	0	0	0	0	0	0	0	0	0	0	0	0	0	0	0	0	0	0	0	0	0	0	0	0	0	0	0	0
Uniq359	0	0	0	0	0	0	0	0	0	0	0	0	0	0	0	0	0	0	0	0	0	0	0	0	0	0	0	0	0	0	0	0	0	0	0	0	0	0	0	0	0	0	0	0	0	0	0	0
Uniq2415	0	0	0	0	0	0	0	0	0	0	0	0	0	0	0	0	0	0	0	0	0	0	0	0	0	0	0	0	0	0	0	0	0	0	0	0	0	0	0	0	0	0	0	0	0	0	0	0
Uniq292	0	0	0	0	0	0	0	0	0	0	0	0	0	0	0	0	0	0	0	0	0	0	0	0	0	0	0	0	0	0	0	0	0	0	0	0	0	0	0	0	0	0	0	0	0	0	0	0
Uniq323	0	0	0	0	0	0	0	0	0	0	0	0	0	0	0	0	0	0	0	0	0	0	0	0	0	0	0	0	0	0	0	0	0	0	0	0	0	0	0	0	0	0	0	0	0	0	0	0
Uniq188	0	0	0	0	0	0	0	0	0	0	0	0	0	0	0	0	0	0	0	0	0	0	0	0	0	0	0	0	0	0	0	0	0	0	0	0	0	0	0	0	0	0	0	0	0	0	0	0
Uniq3172	0	0	0	0	0	0	0	0	0	0	0	0	0	0	0	0	0	0	0	0	0	0	0	0	0	0	0	0	0	0	0	0	0	0	0	0	0	0	0	0	0	0	0	0	0	0	0	0
Uniq1290	0	0	0	0	0	0	0	0	0	0	0	0	0	0	0	0	0	0	0	0	0	0	0	0	0	0	0	0	0	0	0	0	0	0	0	0	0	0	0	0	0	0	0	0	0	0	0	0
Uniq4236	0	0	0	0	0	0	0	0	0	0	0	0	0	0	0	0	0	0	0	0	0	0	0	0	0	0	0	0	0	0	0	0	0	0	0	0	0	0	0	0	0	0	0	0	0	0	0	0
Uniq1143	0	0	0	0	0	0	0	0	0	0	0	0	0	0	0	0	0	0	0	0	0	0	0	0	0	0	0	0	0	0	0	0	0	0	0	0	0	0	0	0	0	0	0	0	0	0	0	0
Uniq1064	0	0	0	0	0	0	0	0	0	0	0	0	0	0	0	0	0	0	0	0	0	0	0	0	0	0	0	0	0	0	0	0	0	0	0	0	0	0	0	0	0	0	0	0	0	0	0	0
Uniq1761	0	0	0	0	0	0	0	0	0	0	0	0	0	0	0	0	0	0	0	0	0	0	0	0	0	0	0	0	0	0	0	0	0	0	0	0	0	0	0	0	0	0	0	0	0	0	0	0
Uniq3510	0	0	0	0	0	0	0	0	0	0	0	0	0	0	0	0	0	0	0	0	0	0	0	0	0	0	0	0	0	0	0	0	0	0	0	0	0	0	0	0	0	0	0	0	0	0	0	0
Uniq1391	0	0	0	0	0	0	0	0	0	0	0	0	0	0	0	0	0	0	0	0	0	0	0	0	0	0	0	0	0	0	0	0	0	0	0	0	0	0	0	0	0	0	0	0	0	0	0	0
Uniq2047	0	0	0	0	0	0	0	0	0	0	0	0	0	0	0	0	0	0	0	0	0	0	0	0	0	0	0	0	0	0	0	0	0	0	0	0	0	0	0	0	0	0	0	0	0	0	0	0
Uniq1479	0	0	0	0	0	0	0	0	0	0	0	0	0	0	0	0	0	0	0	0	0	0	0	0	0	0	0	0	0	0	0	0	0	0	0	0	0	0	0	0	0	0	0	0	0	0	0	0
Uniq3499	0	0	0	0	0	0	0	0	0	0	0	0	0	0	0	0	0	0	0	0	0	0	0	0	0	0	0	0	0	0	0	0	0	0	0	0	0	0	0	0	0	0	0	0	0	0	0	0
Uniq2765	0	0	0	0	0	0	0	0	0	0	0	0	0	0	0	0	0	0	0	0	0	0	0	0	0	0	0	0	0	0	0	0	0	0	0	0	0	0	0	0	0	0	0	0	0	0	0	0
Uniq1367	0	0	0	0	0	0	0	0	0	0	0	0	0	0	0	0	0	0	0	0	0	0	0	0	0	0	0	0	0	0	0	0	0	0	0	0	0	0	0	0	0	0	0	0	0	0	0	0
Uniq486	0	0	0	0	0	0	0	0	0	0	0	0	0	0	0	0	0	0	0	0	0	0	0	0	0	0	0	0	0	0	0	0	0	0	0	0	0	0	0	0	0	0	0	0	0	0	0	0
Uniq302	0	0	0	0	0	0	0	0	0	0	0	0	0	0	0	0	0	0	0	0	0	0	0	0	0	0	0	0	0	0	0	0	0	0	0	0	0	0	0	0	0	0	0	0	0	0	0	0
Uniq378	0	0	0	0	0	0	0	0	0	0	0	0	0	0	0	0	0	0	0	0	0	0	0	0	0	0	0	0	0	0	0	0	0	0	0	0	0	0	0	0	0	0	0	0	0	0	0	0
Uniq183	0	0	0	0	0	0	0	0	0	0	0	0	0	0	0	0	0	0	0	0	0	0	0	0	0	0	0	0	0	0	0	0	0	0	0	0	0	0	0	0	0	0	0	0	0	0	0	0
Uniq2581	0	0	0	0	0	0	0	0	0	0	0	0	0	0	0	0	0	0	0	0	0	0	0	0	0	0	0	0	0	0	0	0	0	0	0	0	0	0	0	0	0	0	0	0	0	0	0	0
Uniq513	0	0	0	0	0	0	0	0	0	0	0	0	0	0	0	0	0	0	0	0	0	0	0	0	0	0	0	0	0	0	0	0	0	0	0	0	0	0	0	0	0	0	0	0	0	0	0	0
Uniq545	0	0	0	0	0	0	0	0	0	0	0	0	0	0	0	0	0	0	0	0	0	0	0	0	0	0	0	0	0	0	0	0	0	0	0	0	0	0	0	0	0	0	0	0	0	0	0	0
Uniq857	0	0	0	0	0	0	0	0	0	0	0	0	0	0	0	0	0	0	0	0	0	0	0	0	0	0	0	0	0	0	0	0	0	0	0	0	0	0	0	0	0	0	0	0	0	0	0	0
Uniq528	0	0	0	0	0	0	0	0	0	0	0	0	0	0	0	0	0	0	0	0	0	0	0	0	0	0	0	0	0	0	0	0	0	0	0	0	0	0	0	0	0	0	0	0	0	0	0	0
Uniq796	0	0	0	0	0	0	0	0	0	0	0	0	0	0	0	0	0	0	0	0	0	0	0	0	0	0	0	0	0	0	0	0	0	0	0	0	0	0	0	0	0	0	0	0	0	0	0	0
Uniq1568	0	0	0	0	0	0	0	0	0	0	0	0	0	0	0	0	0	0	0	0	0	0	0	0	0	0	0	0	0	0	0	0	0	0	0	0	0	0	0	0	0	0	0	0	0	0	0	0
Uniq3813	0	0	0	0	0	0	0	0	0	0	0	0	0	0	0	0	0	0	0	0	0	0	0	0	0	0	0	0	0	0	0	0	0	0	0	0	0	0	0	0	0	0	0	0	0	0	0	0
Uniq3892	0	0	0	0	0	0	0	0	0	0	0	0	0	0	0	0	0	0	0	0	0	0	0	0	0	0	0	0	0	0	0	0	0	0	0	0	0	0	0	0	0	0	0	0	0	0	0	0
Uniq3596	0	0	0	0	0	0	0	0	0	0	0	0	0	0	0	0	0	0	0	0	0	0	0	0	0	0	0	0	0	0	0	0	0	0	0	0	0	0	0	0	0	0	0	0	0	0	0	0
Uniq2413	0	0	0	0	0	0	0	0	0	0	0	0	0	0	0	0	0	0	0	0	0	0	0	0	0	0	0	0	0	0	0	0	0	0	0	0	0	0	0	0	0	0	0	0	0	0	0	0
Uniq4363	0	0	0	0	0	0	0	0	0	0	0	0	0	0	0	0	0	0	0	0	0	0	0	0	0	0	0	0	0	0	0	0	0	0	0	0	0	0	0	0	0	0	0	0	0	0	0	0
Uniq2371	0	0	0	0	0	0	0	0	0	0	0	0	0	0	0	0	0	0	0	0	0	0	0	0	0	0	0	0	0	0	0	0	0	0	0	0	0	0	0	0	0	0	0	0	0	0	0	0
Uniq3019	0	0	0	0	0	0	0	0	0	0	0	0	0	0	0	0	0	0	0	0	0	0	0	0	0	0	0	0	0	0	0	0	0	0	0	0	0	0	0	0	0	0	0	0	0	0	0	0
Uniq4434	0	0	0	0	0	0	0	0	0	0	0	0	0	0	0	0	0	0	0	0	0	0	0	0	0	0	0	0	0	0	0	0	0	0	0	0	0	0	0	0	0	0	0	0	0	0	0	0
Uniq2202	0	0	0	0	0	0	0	0	0	0	0	0	0	0	0	0	0	0	0	0	0	0	0	0	0	0	0	0	0	0	0	0	0	0	0	0	0	0	0	0	0	0	0	0	0	0	0	0
Uniq3145	0	0	0	0	0	0	0	0	0	0	0	0	0	0	0	0	0	0	0	0	0	0	0	0	0	0	0	0	0	0	0	0	0	0	0	0	0	0	0	0	0	0	0	0	0	0	0	0
Uniq206	0	0	0	0	0	0	0	0	0	0	0	0	0	0	0	0	0	0	0	0	0	0	0	0	0	0	0	0	0	0	0	0	0	0	0	0	0	0	0	0	0	0	0	0	0	0	0	0
Uniq3432	0	0	0	0	0	0	0	0	0	0	0	0	0	0	0	0	0	0	0	0	0	0	0	0	0	0	0	0	0	0	0	0	0	0	0	0	0	0	0	0	0	0	0	0	0	0	0	0
Uniq2528	0	0	0	0	0	0	0	0	0	0	0	0	0	0	0	0	0	0	0	0	0	0	0	0	0	0	0	0	0	0	0	0	0	0	0	0	0	0	0	0	0	0	0	0	0	0	0	0
Uniq4465	0	0	0	0	0	0	0	0	0	0	0	0	0	0	0	0	0	0	0	0	0	0	0	0	0	0	0	0	0	0	0	0	0	0	0	0	0	0	0	0	0	0	0	0	0	0	0	0
Uniq2399	0	0	0	0	0	0	0	0	0	0	0	0	0	0	0	0	0	0	0	0	0	0	0	0	0	0	0	0	0	0	0	0	0	0	0	0	0	0	0	0	0	0	0	0	0	0	0	0
Uniq1565	0	0	0	0	0	0	0	0	0	0	0	0	0	0	0	0	0	0	0	0	0	0	0	0	0	0	0	0	0	0	0	0	0	0	0	0	0	0	0	0	0	0	0	0	0	0	0	0
Uniq2127	0	0	0	0	0	0	0	0	0	0	0	0	0	0	0	0	0	0	0	0	0	0	0	0	0	0	0	0	0	0	0	0	0	0	0	0	0	0	0	0	0	0	0	0	0	0	0	0
Uniq2377	0	0	0	0	0	0	0	0	0	0	0	0	0	0	0	0	0	0	0	0	0	0	0	0	0	0	0	0	0	0	0	0	0	0	0	0	0	0	0	0	0	0	0	0	0	0	0	0
Uniq1889	0	0	0	0	0	0	0	0	0	0	0	0	0	0	0	0	0	0	0	0	0	0	0	0	0	0	0	0	0	0	0	0	0	0	0	0	0	0	0	0	0	0	0	0	0	0	0	0
Uniq2102	0	0	0	0	0	0	0	0	0	0	0	0	0	0	0	0	0	0	0	0	0	0	0	0	0	0	0	0	0	0	0	0	0	0	0	0	0	0	0	0	0	0	0	0	0	0	0	0
Uniq1424	0	0	0	0	0	0	0	0	0	0	0	0	0	0	0	0	0	0	0	0	0	0	0	0	0	0	0	0	0	0	0	0	0	0	0	0	0	0	0	0	0	0	0	0	0	0	0	0
Uniq1789	0	0	0	0	0	0	0	0	0	0	0	0	0	0	0	0	0	0	0	0	0	0	0	0	0	0	0	0	0	0	0	0	0	0	0	0	0	0	0	0	0	0	0	0	0	0	0	0
Uniq3559	0	0	0	0	0	0	0	0	0	0	0	0	0	0	0	0	0	0	0	0	0	0	0	0	0	0	0	0	0	0	0	0	0	0	0	0	0	0	0	0	0	0	0	0	0	0	0	0
Uniq1893	0	0	0	0	0	0	0	0	0	0	0	0	0	0	0	0	0	0	0	0	0	0	0	0	0	0	0	0	0	0	0	0	0	0	0	0	0	0	0	0	0	0	0	0	0	0	0	0
Uniq2890	0	0	0	0	0	0	0	0	0	0	0	0	0	0	0	0	0	0	0	0	0	0	0	0	0	0	0	0	0	0	0	0	0	0	0	0	0	0	0	0	0	0	0	0	0	0	0	0
Uniq3376	0	0	0	0	0	0	0	0	0	0	0	0	0	0	0	0	0	0	0	0	0	0	0	0	0	0	0	0	0	0	0	0	0	0	0	0	0	0	0	0	0	0	0	0	0	0	0	0
Uniq360	0	0	0	0	0	0	0	0	0	0	0	0	0	0	0	0	0	0	0	0	0	0	0	0	0	0	0	0	0	0	0	0	0	0	0	0	0	0	0	0	0	0	0	0	0	0	0	0
Uniq189	0	0	0	0	0	0	0	0	0	0	0	0	0	0	0	0	0	0	0	0	0	0	0	0	0	0	0	0	0	0	0	0	0	0	0	0	0	0	0	0	0	0	0	0	0	0	0	0
Uniq148	0	0	0	0	0	0	0	0	0	0	0	0	0	0	0	0	0	0	0	0	0	0	0	0	0	0	0	0	0	0	0	0	0	0	0	0	0	0	0	0	0	0	0	0	0	0	0	0
Uniq4366	0	0	0	0	0	0	0	0	0	0	0	0	0	0	0	0	0	0	0	0	0	0	0	0	0	0	0	0	0	0	0	0	0	0	0	0	0	0	0	0	0	0	0	0	0	0	0	0
Uniq2631	0	0	0	0	0	0	0	0	0	0	0	0	0	0	0	0	0	0	0	0	0	0	0	0	0	0	0	0	0	0	0	0	0	0	0	0	0	0	0	0	0	0	0	0	0	0	0	0
Uniq2733	0	0	0	0	0	0	0	0	0	0	0	0	0	0	0	0	0	0	0	0	0	0	0	0	0	0	0	0	0	0	0	0	0	0	0	0	0	0	0	0	0	0	0	0	0	0	0	0
Uniq4217	0	0	0	0	0	0	0	0	0	0	0	0	0	0	0	0	0	0	0	0	0	0	0	0	0	0	0	0	0	0	0	0	0	0	0	0	0	0	0	0	0	0	0	0	0	0	0	0
Uniq3278	0	0	0	0	0	0	0	0	0	0	0	0	0	0	0	0	0	0	0	0	0	0	0	0	0	0	0	0	0	0	0	0	0	0	0	0	0	0	0	0	0	0	0	0	0	0	0	0
Uniq2791	0	0	0	0	0	0	0	0	0	0	0	0	0	0	0	0	0	0	0	0	0	0	0	0	0	0	0	0	0	0	0	0	0	0	0	0	0	0	0	0	0	0	0	0	0	0	0	0
Uniq434	0	0	0	0	0	0	0	0	0	0	0	0	0	0	0	0	0	0	0	0	0	0	0	0	0	0	0	0	0	0	0	0	0	0	0	0	0	0	0	0	0	0	0	0	0	0	0	0
Uniq2859	0	0	0	0	0	0	0	0	0	0	0	0	0	0	0	0	0	0	0	0	0	0	0	0	0	0	0	0	0	0	0	0	0	0	0	0	0	0	0	0	0	0	0	0	0	0	0	0
Uniq2665	0	0	0	0	0	0	0	0	0	0	0	0	0	0	0	0	0	0	0	0	0	0	0	0	0	0	0	0	0	0	0	0	0	0	0	0	0	0	0	0	0	0	0	0	0	0	0	0
Uniq3818	0	0	0	0	0	0	0	0	0	0	0	0	0	0	0	0	0	0	0	0	0	0	0	0	0	0	0	0	0	0	0	0	0	0	0	0	0	0	0	0	0	0	0	0	0	0	0	0
Uniq3639	0	0	0	0	0	0	0	0	0	0	0	0	0	0	0	0	0	0	0	0	0	0	0	0	0	0	0	0	0	0	0	0	0	0	0	0	0	0	0	0	0	0	0	0	0	0	0	0
Uniq2055	0	0	0	0	0	0	0	0	0	0	0	0	0	0	0	0	0	0	0	0	0	0	0	0	0	0	0	0	0	0	0	0	0	0	0	0	0	0	0	0	0	0	0	0	0	0	0	0
Uniq2639	0	0	0	0	0	0	0	0	0	0	0	0	0	0	0	0	0	0	0	0	0	0	0	0	0	0	0	0	0	0	0	0	0	0	0	0	0	0	0	0	0	0	0	0	0	0	0	0
Uniq3683	0	0	0	0	0	0	0	0	0	0	0	0	0	0	0	0	0	0	0	0	0	0	0	0	0	0	0	0	0	0	0	0	0	0	0	0	0	0	0	0	0	0	0	0	0	0	0	0
Uniq1065	0	0	0	0	0	0	0	0	0	0	0	0	0	0	0	0	0	0	0	0	0	0	0	0	0	0	0	0	0	0	0	0	0	0	0	0	0	0	0	0	0	0	0	0	0	0	0	0
Uniq3882	0	0	0	0	0	0	0	0	0	0	0	0	0	0	0	0	0	0	0	0	0	0	0	0	0	0	0	0	0	0	0	0	0	0	0	0	0	0	0	0	0	0	0	0	0	0	0	0
Uniq4387	0	0	0	0	0	0	0	0	0	0	0	0	0	0	0	0	0	0	0	0	0	0	0	0	0	0	0	0	0	0	0	0	0	0	0	0	0	0	0	0	0	0	0	0	0	0	0	0
Uniq2692	0	0	0	0	0	0	0	0	0	0	0	0	0	0	0	0	0	0	0	0	0	0	0	0	0	0	0	0	0	0	0	0	0	0	0	0	0	0	0	0	0	0	0	0	0	0	0	0
Uniq3853	0	0	0	0	0	0	0	0	0	0	0	0	0	0	0	0	0	0	0	0	0	0	0	0	0	0	0	0	0	0	0	0	0	0	0	0	0	0	0	0	0	0	0	0	0	0	0	0
Uniq436	0	0	0	0	0	0	0	0	0	0	0	0	0	0	0	0	0	0	0	0	0	0	0	0	0	0	0	0	0	0	0	0	0	0	0	0	0	0	0	0	0	0	0	0	0	0	0	0
Uniq417	0	0	0	0	0	0	0	0	0	0	0	0	0	0	0	0	0	0	0	0	0	0	0	0	0	0	0	0	0	0	0	0	0	0	0	0	0	0	0	0	0	0	0	0	0	0	0	0
Uniq736	0	0	0	0	0	0	0	0	0	0	0	0	0	0	0	0	0	0	0	0	0	0	0	0	0	0	0	0	0	0	0	0	0	0	0	0	0	0	0	0	0	0	0	0	0	0	0	0
Uniq2469	0	0	0	0	0	0	0	0	0	0	0	0	0	0	0	0	0	0	0	0	0	0	0	0	0	0	0	0	0	0	0	0	0	0	0	0	0	0	0	0	0	0	0	0	0	0	0	0
Uniq3026	0	0	0	0	0	0	0	0	0	0	0	0	0	0	0	0	0	0	0	0	0	0	0	0	0	0	0	0	0	0	0	0	0	0	0	0	0	0	0	0	0	0	0	0	0	0	0	0
Uniq3104	0	0	0	0	0	0	0	0	0	0	0	0	0	0	0	0	0	0	0	0	0	0	0	0	0	0	0	0	0	0	0	0	0	0	0	0	0	0	0	0	0	0	0	0	0	0	0	0
Uniq2574	0	0	0	0	0	0	0	0	0	0	0	0	0	0	0	0	0	0	0	0	0	0	0	0	0	0	0	0	0	0	0	0	0	0	0	0	0	0	0	0	0	0	0	0	0	0	0	0
Uniq4322	0	0	0	0	0	0	0	0	0	0	0	0	0	0	0	0	0	0	0	0	0	0	0	0	0	0	0	0	0	0	0	0	0	0	0	0	0	0	0	0	0	0	0	0	0	0	0	0
Uniq2887	0	0	0	0	0	0	0	0	0	0	0	0	0	0	0	0	0	0	0	0	0	0	0	0	0	0	0	0	0	0	0	0	0	0	0	0	0	0	0	0	0	0	0	0	0	0	0	0
Uniq3571	0	0	0	0	0	0	0	0	0	0	0	0	0	0	0	0	0	0	0	0	0	0	0	0	0	0	0	0	0	0	0	0	0	0	0	0	0	0	0	0	0	0	0	0	0	0	0	0
Uniq4089	0	0	0	0	0	0	0	0	0	0	0	0	0	0	0	0	0	0	0	0	0	0	0	0	0	0	0	0	0	0	0	0	0	0	0	0	0	0	0	0	0	0	0	0	0	0	0	0
Uniq1648	0	0	0	0	0	0	0	0	0	0	0	0	0	0	0	0	0	0	0	0	0	0	0	0	0	0	0	0	0	0	0	0	0	0	0	0	0	0	0	0	0	0	0	0	0	0	0	0
Uniq2384	0	0	0	0	0	0	0	0	0	0	0	0	0	0	0	0	0	0	0	0	0	0	0	0	0	0	0	0	0	0	0	0	0	0	0	0	0	0	0	0	0	0	0	0	0	0	0	0
Uniq3801	0	0	0	0	0	0	0	0	0	0	0	0	0	0	0	0	0	0	0	0	0	0	0	0	0	0	0	0	0	0	0	0	0	0	0	0	0	0	0	0	0	0	0	0	0	0	0	0
Uniq3068	0	0	0	0	0	0	0	0	0	0	0	0	0	0	0	0	0	0	0	0	0	0	0	0	0	0	0	0	0	0	0	0	0	0	0	0	0	0	0	0	0	0	0	0	0	0	0	0
Uniq1800	0	0	0	0	0	0	0	0	0	0	0	0	0	0	0	0	0	0	0	0	0	0	0	0	0	0	0	0	0	0	0	0	0	0	0	0	0	0	0	0	0	0	0	0	0	0	0	0
Uniq2642	0	0	0	0	0	0	0	0	0	0	0	0	0	0	0	0	0	0	0	0	0	0	0	0	0	0	0	0	0	0	0	0	0	0	0	0	0	0	0	0	0	0	0	0	0	0	0	0
Uniq1455	0	0	0	0	0	0	0	0	0	0	0	0	0	0	0	0	0	0	0	0	0	0	0	0	0	0	0	0	0	0	0	0	0	0	0	0	0	0	0	0	0	0	0	0	0	0	0	0
Uniq3071	0	0	0	0	0	0	0	0	0	0	0	0	0	0	0	0	0	0	0	0	0	0	0	0	0	0	0	0	0	0	0	0	0	0	0	0	0	0	0	0	0	0	0	0	0	0	0	0
Uniq3765	0	0	0	0	0	0	0	0	0	0	0	0	0	0	0	0	0	0	0	0	0	0	0	0	0	0	0	0	0	0	0	0	0	0	0	0	0	0	0	0	0	0	0	0	0	0	0	0
Uniq3961	0	0	0	0	0	0	0	0	0	0	0	0	0	0	0	0	0	0	0	0	0	0	0	0	0	0	0	0	0	0	0	0	0	0	0	0	0	0	0	0	0	0	0	0	0	0	0	0
Uniq1330	0	0	0	0	0	0	0	0	0	0	0	0	0	0	0	0	0	0	0	0	0	0	0	0	0	0	0	0	0	0	0	0	0	0	0	0	0	0	0	0	0	0	0	0	0	0	0	0
Uniq3520	0	0	0	0	0	0	0	0	0	0	0	0	0	0	0	0	0	0	0	0	0	0	0	0	0	0	0	0	0	0	0	0	0	0	0	0	0	0	0	0	0	0	0	0	0	0	0	0
Uniq657	0	0	0	0	0	0	0	0	0	0	0	0	0	0	0	0	0	0	0	0	0	0	0	0	0	0	0	0	0	0	0	0	0	0	0	0	0	0	0	0	0	0	0	0	0	0	0	0
Uniq3132	0	0	0	0	0	0	0	0	0	0	0	0	0	0	0	0	0	0	0	0	0	0	0	0	0	0	0	0	0	0	0	0	0	0	0	0	0	0	0	0	0	0	0	0	0	0	0	0
Uniq3093	0	0	0	0	0	0	0	0	0	0	0	0	0	0	0	0	0	0	0	0	0	0	0	0	0	0	0	0	0	0	0	0	0	0	0	0	0	0	0	0	0	0	0	0	0	0	0	0
Uniq1700	0	0	0	0	0	0	0	0	0	0	0	0	0	0	0	0	0	0	0	0	0	0	0	0	0	0	0	0	0	0	0	0	0	0	0	0	0	0	0	0	0	0	0	0	0	0	0	0
Uniq4232	0	0	0	0	0	0	0	0	0	0	0	0	0	0	0	0	0	0	0	0	0	0	0	0	0	0	0	0	0	0	0	0	0	0	0	0	0	0	0	0	0	0	0	0	0	0	0	0
Uniq3364	0	0	0	0	0	0	0	0	0	0	0	0	0	0	0	0	0	0	0	0	0	0	0	0	0	0	0	0	0	0	0	0	0	0	0	0	0	0	0	0	0	0	0	0	0	0	0	0
Uniq2378	0	0	0	0	0	0	0	0	0	0	0	0	0	0	0	0	0	0	0	0	0	0	0	0	0	0	0	0	0	0	0	0	0	0	0	0	0	0	0	0	0	0	0	0	0	0	0	0
